adm_id,crop,year,yield_t_per_ha
IN-14-0001,maize,1990,0.5
IN-14-0001,maize,1991,1.0
IN-14-0001,maize,1992,2.0
IN-14-0001,maize,1993,1.0
IN-14-0001,maize,1994,1.0
IN-14-0001,maize,1995,2.0
IN-14-0001,maize,1996,1.0
IN-14-0001,maize,1997,1.0
IN-14-0001,maize,1998,1.0
IN-14-0001,maize,1999,1.222
IN-14-0001,maize,2000,0.893
IN-14-0001,maize,2001,0.576
IN-14-0001,maize,2002,0.926
IN-14-0001,maize,2003,1.0
IN-14-0001,maize,2004,1.227
IN-14-0001,maize,2005,1.227
IN-14-0001,maize,2006,0.893
IN-14-0001,maize,2007,1.194
IN-14-0001,maize,2008,1.038
IN-14-0001,maize,2009,0.833
IN-14-0001,maize,2010,1.5
IN-14-0001,maize,2011,1.2
IN-14-0001,maize,2012,1.583
IN-14-0001,maize,2013,1.111
IN-14-0002,maize,1990,1.476
IN-14-0002,maize,1991,1.484
IN-14-0002,maize,1992,1.684
IN-14-0002,maize,1993,1.614
IN-14-0002,maize,1994,1.263
IN-14-0002,maize,1995,1.684
IN-14-0002,maize,1996,1.586
IN-14-0002,maize,1997,1.392
IN-14-0002,maize,1998,1.512
IN-14-0002,maize,1999,1.993
IN-14-0002,maize,2000,1.635
IN-14-0002,maize,2001,0.972
IN-14-0002,maize,2002,1.562
IN-14-0002,maize,2003,1.692
IN-14-0002,maize,2004,1.741
IN-14-0002,maize,2005,1.741
IN-14-0002,maize,2006,1.289
IN-14-0002,maize,2007,1.781
IN-14-0002,maize,2008,1.605
IN-14-0002,maize,2009,1.931
IN-14-0002,maize,2010,1.995
IN-14-0002,maize,2011,2.063
IN-14-0002,maize,2012,2.353
IN-14-0002,maize,2013,2.343
IN-14-0003,maize,1990,0.857
IN-14-0003,maize,1991,0.9
IN-14-0003,maize,1992,1.4
IN-14-0003,maize,1993,1.444
IN-14-0003,maize,1994,0.857
IN-14-0003,maize,1995,1.143
IN-14-0003,maize,1996,1.0
IN-14-0003,maize,1997,0.875
IN-14-0003,maize,1998,0.889
IN-14-0003,maize,1999,1.127
IN-14-0003,maize,2000,0.949
IN-14-0003,maize,2001,0.574
IN-14-0003,maize,2002,1.118
IN-14-0003,maize,2003,0.946
IN-14-0003,maize,2004,1.064
IN-14-0003,maize,2005,1.064
IN-14-0003,maize,2006,0.882
IN-14-0003,maize,2007,1.128
IN-14-0003,maize,2008,1.073
IN-14-0003,maize,2009,1.25
IN-14-0003,maize,2010,1.333
IN-14-0003,maize,2011,1.111
IN-14-0003,maize,2012,1.632
IN-14-0003,maize,2013,1.864
IN-14-0004,maize,1990,1.084
IN-14-0004,maize,1991,1.262
IN-14-0004,maize,1992,1.403
IN-14-0004,maize,1993,1.597
IN-14-0004,maize,1994,1.035
IN-14-0004,maize,1995,1.345
IN-14-0004,maize,1996,1.281
IN-14-0004,maize,1997,1.115
IN-14-0004,maize,1998,1.265
IN-14-0004,maize,1999,1.378
IN-14-0004,maize,2000,0.971
IN-14-0004,maize,2001,0.715
IN-14-0004,maize,2002,1.197
IN-14-0004,maize,2003,1.238
IN-14-0004,maize,2004,1.318
IN-14-0004,maize,2005,1.318
IN-14-0004,maize,2006,1.162
IN-14-0004,maize,2007,1.352
IN-14-0004,maize,2008,1.26
IN-14-0004,maize,2009,1.621
IN-14-0004,maize,2010,1.737
IN-14-0004,maize,2011,1.375
IN-14-0004,maize,2012,1.781
IN-14-0004,maize,2013,1.871
IN-14-0005,maize,1990,1.226
IN-14-0005,maize,1991,1.277
IN-14-0005,maize,1992,1.786
IN-14-0005,maize,1993,1.855
IN-14-0005,maize,1994,1.065
IN-14-0005,maize,1995,1.551
IN-14-0005,maize,1996,1.312
IN-14-0005,maize,1997,1.208
IN-14-0005,maize,1998,1.39
IN-14-0005,maize,1999,1.667
IN-14-0005,maize,2000,1.178
IN-14-0005,maize,2001,0.793
IN-14-0005,maize,2002,1.38
IN-14-0005,maize,2003,1.296
IN-14-0005,maize,2004,1.357
IN-14-0005,maize,2005,1.357
IN-14-0005,maize,2006,1.363
IN-14-0005,maize,2007,1.647
IN-14-0005,maize,2008,1.505
IN-14-0005,maize,2009,1.268
IN-14-0005,maize,2010,1.7
IN-14-0005,maize,2011,1.561
IN-14-0005,maize,2012,2.016
IN-14-0005,maize,2013,2.131
IN-14-0006,maize,1990,0.92
IN-14-0006,maize,1991,1.113
IN-14-0006,maize,1992,1.2
IN-14-0006,maize,1993,1.172
IN-14-0006,maize,1994,0.447
IN-14-0006,maize,1995,1.523
IN-14-0006,maize,1996,1.142
IN-14-0006,maize,1997,1.129
IN-14-0006,maize,1998,1.552
IN-14-0006,maize,1999,1.601
IN-14-0006,maize,2000,1.352
IN-14-0006,maize,2001,0.574
IN-14-0006,maize,2002,1.243
IN-14-0006,maize,2003,1.32
IN-14-0006,maize,2004,1.338
IN-14-0006,maize,2005,1.338
IN-14-0006,maize,2006,0.91
IN-14-0006,maize,2007,1.493
IN-14-0006,maize,2008,1.345
IN-14-0006,maize,2009,1.142
IN-14-0006,maize,2010,1.763
IN-14-0006,maize,2011,1.395
IN-14-0006,maize,2012,2.02
IN-14-0006,maize,2013,2.03
IN-06-0007,maize,1990,0.978
IN-06-0007,maize,1991,0.92
IN-06-0007,maize,1992,1.674
IN-06-0007,maize,1993,1.289
IN-06-0007,maize,1994,0.954
IN-06-0007,maize,1995,1.163
IN-06-0007,maize,1996,1.07
IN-06-0007,maize,1997,1.035
IN-06-0007,maize,1998,1.106
IN-06-0007,maize,1999,1.591
IN-06-0007,maize,2000,2.093
IN-06-0007,maize,2001,2.295
IN-06-0007,maize,2002,2.523
IN-06-0007,maize,2003,2.5
IN-06-0007,maize,2004,2.064
IN-06-0007,maize,2005,1.665
IN-06-0007,maize,2006,0.862
IN-06-0007,maize,2007,1.156
IN-06-0007,maize,2008,1.32
IN-06-0007,maize,2009,1.07
IN-06-0007,maize,2010,1.326
IN-06-0007,maize,2011,1.188
IN-06-0007,maize,2012,1.947
IN-06-0007,maize,2013,1.389
IN-06-0008,maize,1990,1.043
IN-06-0008,maize,1991,1.045
IN-06-0008,maize,1992,1.622
IN-06-0008,maize,1993,1.63
IN-06-0008,maize,1994,0.696
IN-06-0008,maize,1995,1.565
IN-06-0008,maize,1996,1.28
IN-06-0008,maize,1997,0.957
IN-06-0008,maize,1998,1.435
IN-06-0008,maize,1999,1.652
IN-06-0008,maize,2000,1.543
IN-06-0008,maize,2001,2.311
IN-06-0008,maize,2002,2.159
IN-06-0008,maize,2003,1.864
IN-06-0008,maize,2004,1.63
IN-06-0008,maize,2005,1.827
IN-06-0008,maize,2006,1.034
IN-06-0008,maize,2007,1.295
IN-06-0008,maize,2008,1.339
IN-06-0008,maize,2009,1.19
IN-06-0008,maize,2010,1.535
IN-06-0008,maize,2011,1.302
IN-06-0008,maize,2012,2.352
IN-06-0008,maize,2013,1.72
IN-06-0009,maize,1990,3.062
IN-06-0009,maize,1991,1.893
IN-06-0009,maize,1992,1.907
IN-06-0009,maize,1993,1.899
IN-06-0009,maize,1994,1.116
IN-06-0009,maize,1995,1.913
IN-06-0009,maize,1996,1.651
IN-06-0009,maize,1997,2.72
IN-06-0009,maize,1998,2.178
IN-06-0009,maize,1999,2.24
IN-06-0009,maize,2000,2.262
IN-06-0009,maize,2001,1.984
IN-06-0009,maize,2002,2.664
IN-06-0009,maize,2003,2.95
IN-06-0009,maize,2004,2.086
IN-06-0009,maize,2005,1.877
IN-06-0009,maize,2006,1.858
IN-06-0009,maize,2007,2.353
IN-06-0009,maize,2008,2.193
IN-06-0009,maize,2009,2.622
IN-06-0009,maize,2010,2.957
IN-06-0009,maize,2011,4.299
IN-06-0009,maize,2012,3.585
IN-06-0009,maize,2013,1.123
IN-06-0010,maize,1990,1.25
IN-06-0010,maize,1991,1.25
IN-06-0010,maize,1992,2.0
IN-06-0010,maize,1993,1.6
IN-06-0010,maize,1994,1.2
IN-06-0010,maize,1995,1.5
IN-06-0010,maize,1996,1.75
IN-06-0010,maize,1997,1.75
IN-06-0010,maize,1998,1.75
IN-06-0010,maize,1999,1.6
IN-06-0010,maize,2000,2.2
IN-06-0010,maize,2001,2.833
IN-06-0010,maize,2002,2.833
IN-06-0010,maize,2003,2.5
IN-06-0010,maize,2004,1.984
IN-06-0010,maize,2005,1.894
IN-06-0010,maize,2006,1.262
IN-06-0010,maize,2007,1.5
IN-06-0010,maize,2008,1.8
IN-06-0010,maize,2009,1.333
IN-06-0010,maize,2010,1.5
IN-06-0010,maize,2011,1.5
IN-06-0010,maize,2012,2.809
IN-06-0010,maize,2013,1.461
IN-06-0011,maize,1990,0.988
IN-06-0011,maize,1991,0.494
IN-06-0011,maize,1992,1.393
IN-06-0011,maize,1993,1.322
IN-06-0011,maize,1994,0.886
IN-06-0011,maize,1995,1.067
IN-06-0011,maize,1996,1.215
IN-06-0011,maize,1997,0.936
IN-06-0011,maize,1998,1.242
IN-06-0011,maize,1999,1.62
IN-06-0011,maize,2000,0.887
IN-06-0011,maize,2001,2.02
IN-06-0011,maize,2002,1.307
IN-06-0011,maize,2003,1.879
IN-06-0011,maize,2004,1.314
IN-06-0011,maize,2005,1.332
IN-06-0011,maize,2006,1.026
IN-06-0011,maize,2007,1.202
IN-06-0011,maize,2008,1.144
IN-06-0011,maize,2009,1.095
IN-06-0011,maize,2010,1.269
IN-06-0011,maize,2011,1.071
IN-06-0011,maize,2012,2.555
IN-06-0011,maize,2013,1.838
IN-06-0012,maize,1990,1.601
IN-06-0012,maize,1991,0.945
IN-06-0012,maize,1992,1.397
IN-06-0012,maize,1993,1.867
IN-06-0012,maize,1994,1.0
IN-06-0012,maize,1995,1.499
IN-06-0012,maize,1996,1.515
IN-06-0012,maize,1997,1.484
IN-06-0012,maize,1998,1.467
IN-06-0012,maize,1999,1.383
IN-06-0012,maize,2000,1.685
IN-06-0012,maize,2001,2.0
IN-06-0012,maize,2002,1.619
IN-06-0012,maize,2003,1.814
IN-06-0012,maize,2004,1.372
IN-06-0012,maize,2005,1.348
IN-06-0012,maize,2006,0.89
IN-06-0012,maize,2007,1.127
IN-06-0012,maize,2008,1.157
IN-06-0012,maize,2009,1.006
IN-06-0012,maize,2010,1.295
IN-06-0012,maize,2011,0.893
IN-06-0012,maize,2012,1.201
IN-06-0012,maize,2013,1.754
IN-06-0013,maize,1990,1.089
IN-06-0013,maize,1991,1.047
IN-06-0013,maize,1992,1.535
IN-06-0013,maize,1993,1.4
IN-06-0013,maize,1994,1.075
IN-06-0013,maize,1995,1.5
IN-06-0013,maize,1996,1.39
IN-06-0013,maize,1997,1.098
IN-06-0013,maize,1998,1.238
IN-06-0013,maize,1999,1.4
IN-06-0013,maize,2000,1.737
IN-06-0013,maize,2001,1.711
IN-06-0013,maize,2002,1.378
IN-06-0013,maize,2003,1.718
IN-06-0013,maize,2004,1.31
IN-06-0013,maize,2005,1.31
IN-06-0013,maize,2006,0.866
IN-06-0013,maize,2007,1.086
IN-06-0013,maize,2008,1.123
IN-06-0013,maize,2009,1.265
IN-06-0013,maize,2010,1.235
IN-06-0013,maize,2011,1.324
IN-06-0013,maize,2012,2.057
IN-06-0013,maize,2013,0.586
IN-06-0014,maize,1990,1.25
IN-06-0014,maize,1991,1.0
IN-06-0014,maize,1992,1.667
IN-06-0014,maize,1993,1.522
IN-06-0014,maize,1994,1.143
IN-06-0014,maize,1995,1.524
IN-06-0014,maize,1996,1.455
IN-06-0014,maize,1997,1.238
IN-06-0014,maize,1998,1.286
IN-06-0014,maize,1999,1.667
IN-06-0014,maize,2000,1.773
IN-06-0014,maize,2001,2.273
IN-06-0014,maize,2002,1.773
IN-06-0014,maize,2003,2.2
IN-06-0014,maize,2004,1.662
IN-06-0014,maize,2005,1.751
IN-06-0014,maize,2006,1.104
IN-06-0014,maize,2007,1.263
IN-06-0014,maize,2008,1.864
IN-06-0014,maize,2009,1.714
IN-06-0014,maize,2010,1.944
IN-06-0014,maize,2011,1.8
IN-06-0014,maize,2012,2.615
IN-06-0014,maize,2013,1.452
IN-06-0015,maize,1990,0.763
IN-06-0015,maize,1991,0.789
IN-06-0015,maize,1992,1.382
IN-06-0015,maize,1993,1.241
IN-06-0015,maize,1994,0.84
IN-06-0015,maize,1995,0.913
IN-06-0015,maize,1996,0.955
IN-06-0015,maize,1997,0.85
IN-06-0015,maize,1998,0.87
IN-06-0015,maize,1999,1.15
IN-06-0015,maize,2000,1.611
IN-06-0015,maize,2001,1.632
IN-06-0015,maize,2002,0.842
IN-06-0015,maize,2003,1.217
IN-06-0015,maize,2004,0.738
IN-06-0015,maize,2005,1.009
IN-06-0015,maize,2006,0.481
IN-06-0015,maize,2007,0.677
IN-06-0015,maize,2008,0.895
IN-06-0015,maize,2009,0.621
IN-06-0015,maize,2010,0.724
IN-06-0015,maize,2011,0.591
IN-06-0015,maize,2012,0.827
IN-06-0015,maize,2013,0.509
IN-06-0016,maize,1990,0.857
IN-06-0016,maize,1991,0.571
IN-06-0016,maize,1992,1.286
IN-06-0016,maize,1993,1.0
IN-06-0016,maize,1994,0.714
IN-06-0016,maize,1995,0.714
IN-06-0016,maize,1996,1.0
IN-06-0016,maize,1997,0.857
IN-06-0016,maize,1998,0.889
IN-06-0016,maize,1999,1.0
IN-06-0016,maize,2000,0.833
IN-06-0016,maize,2001,1.167
IN-06-0016,maize,2002,0.833
IN-06-0016,maize,2003,1.143
IN-06-0016,maize,2004,0.904
IN-06-0016,maize,2005,0.87
IN-06-0016,maize,2006,0.508
IN-06-0016,maize,2007,0.571
IN-06-0016,maize,2008,0.667
IN-06-0016,maize,2009,0.625
IN-06-0016,maize,2010,0.625
IN-06-0016,maize,2011,0.375
IN-06-0016,maize,2012,0.554
IN-06-0016,maize,2013,0.774
IN-06-0017,maize,1990,0.926
IN-06-0017,maize,1991,0.346
IN-06-0017,maize,1992,1.192
IN-06-0017,maize,1993,1.269
IN-06-0017,maize,1994,0.808
IN-06-0017,maize,1995,0.923
IN-06-0017,maize,1996,0.92
IN-06-0017,maize,1997,0.875
IN-06-0017,maize,1998,0.72
IN-06-0017,maize,1999,1.04
IN-06-0017,maize,2000,0.963
IN-06-0017,maize,2001,1.28
IN-06-0017,maize,2002,0.917
IN-06-0017,maize,2003,1.0
IN-06-0017,maize,2004,0.668
IN-06-0017,maize,2005,0.838
IN-06-0017,maize,2006,0.408
IN-06-0017,maize,2007,0.6
IN-06-0017,maize,2008,0.864
IN-06-0017,maize,2009,0.542
IN-06-0017,maize,2010,0.923
IN-06-0017,maize,2011,0.617
IN-06-0017,maize,2012,1.508
IN-06-0017,maize,2013,1.359
IN-06-0018,maize,1990,0.8
IN-06-0018,maize,1991,0.6
IN-06-0018,maize,1992,1.125
IN-06-0018,maize,1993,1.0
IN-06-0018,maize,1994,0.688
IN-06-0018,maize,1995,0.929
IN-06-0018,maize,1996,0.8
IN-06-0018,maize,1997,0.625
IN-06-0018,maize,1998,0.933
IN-06-0018,maize,1999,1.077
IN-06-0018,maize,2000,1.083
IN-06-0018,maize,2001,1.273
IN-06-0018,maize,2002,1.273
IN-06-0018,maize,2003,1.091
IN-06-0018,maize,2004,0.802
IN-06-0018,maize,2005,0.824
IN-06-0018,maize,2006,0.543
IN-06-0018,maize,2007,0.636
IN-06-0018,maize,2008,0.846
IN-06-0018,maize,2009,0.583
IN-06-0018,maize,2010,0.667
IN-06-0018,maize,2011,0.625
IN-06-0018,maize,2012,0.786
IN-06-0018,maize,2013,0.974
IN-06-0019,maize,1990,1.168
IN-06-0019,maize,1991,0.871
IN-06-0019,maize,1992,1.258
IN-06-0019,maize,1993,1.293
IN-06-0019,maize,1994,0.98
IN-06-0019,maize,1995,1.271
IN-06-0019,maize,1996,1.157
IN-06-0019,maize,1997,0.901
IN-06-0019,maize,1998,1.163
IN-06-0019,maize,1999,1.42
IN-06-0019,maize,2000,1.574
IN-06-0019,maize,2001,1.365
IN-06-0019,maize,2002,1.606
IN-06-0019,maize,2003,1.69
IN-06-0019,maize,2004,1.412
IN-06-0019,maize,2005,1.132
IN-06-0019,maize,2006,0.776
IN-06-0019,maize,2007,0.945
IN-06-0019,maize,2008,1.142
IN-06-0019,maize,2009,0.924
IN-06-0019,maize,2010,1.067
IN-06-0019,maize,2011,0.772
IN-06-0019,maize,2012,1.348
IN-06-0019,maize,2013,1.161
IN-06-0020,maize,1990,1.0
IN-06-0020,maize,1991,0.7
IN-06-0020,maize,1992,1.4
IN-06-0020,maize,1993,1.1
IN-06-0020,maize,1994,0.818
IN-06-0020,maize,1995,1.1
IN-06-0020,maize,1996,0.9
IN-06-0020,maize,1997,0.9
IN-06-0020,maize,1998,1.091
IN-06-0020,maize,1999,1.3
IN-06-0020,maize,2000,1.4
IN-06-0020,maize,2001,1.7
IN-06-0020,maize,2002,1.125
IN-06-0020,maize,2003,1.3
IN-06-0020,maize,2004,0.955
IN-06-0020,maize,2005,1.06
IN-06-0020,maize,2006,0.5
IN-06-0020,maize,2007,0.625
IN-06-0020,maize,2008,0.75
IN-06-0020,maize,2009,0.625
IN-06-0020,maize,2010,0.857
IN-06-0020,maize,2011,0.75
IN-06-0020,maize,2012,1.464
IN-06-0020,maize,2013,0.701
IN-06-0021,maize,1990,0.948
IN-06-0021,maize,1991,0.675
IN-06-0021,maize,1992,1.181
IN-06-0021,maize,1993,1.185
IN-06-0021,maize,1994,0.707
IN-06-0021,maize,1995,1.033
IN-06-0021,maize,1996,1.044
IN-06-0021,maize,1997,0.864
IN-06-0021,maize,1998,1.012
IN-06-0021,maize,1999,1.193
IN-06-0021,maize,2000,1.349
IN-06-0021,maize,2001,1.216
IN-06-0021,maize,2002,1.475
IN-06-0021,maize,2003,1.302
IN-06-0021,maize,2004,0.907
IN-06-0021,maize,2005,0.928
IN-06-0021,maize,2006,0.675
IN-06-0021,maize,2007,0.867
IN-06-0021,maize,2008,0.967
IN-06-0021,maize,2009,0.587
IN-06-0021,maize,2010,0.991
IN-06-0021,maize,2011,0.69
IN-06-0021,maize,2012,1.66
IN-06-0021,maize,2013,1.528
IN-06-0022,maize,1990,1.0
IN-06-0022,maize,1991,1.0
IN-06-0022,maize,1992,2.0
IN-06-0022,maize,1993,2.0
IN-06-0022,maize,1994,1.0
IN-06-0022,maize,1998,1.0
IN-06-0022,maize,2000,2.0
IN-06-0022,maize,2001,4.0
IN-06-0022,maize,2002,1.0
IN-06-0022,maize,2003,3.0
IN-06-0022,maize,2004,2.348
IN-06-0022,maize,2005,2.188
IN-06-0022,maize,2006,1.75
IN-06-0022,maize,2007,1.0
IN-06-0022,maize,2008,1.0
IN-06-0022,maize,2009,1.0
IN-06-0022,maize,2010,1.5
IN-06-0022,maize,2011,1.5
IN-06-0022,maize,2012,2.167
IN-06-0022,maize,2013,2.25
IN-06-0023,maize,1990,1.321
IN-06-0023,maize,1991,0.724
IN-06-0023,maize,1992,1.791
IN-06-0023,maize,1993,1.557
IN-06-0023,maize,1994,0.927
IN-06-0023,maize,1995,1.365
IN-06-0023,maize,1996,1.245
IN-06-0023,maize,1997,1.241
IN-06-0023,maize,1998,1.332
IN-06-0023,maize,1999,1.642
IN-06-0023,maize,2000,2.304
IN-06-0023,maize,2001,2.207
IN-06-0023,maize,2002,1.011
IN-06-0023,maize,2003,2.15
IN-06-0023,maize,2004,1.619
IN-06-0023,maize,2005,2.068
IN-06-0023,maize,2006,1.194
IN-06-0023,maize,2007,0.935
IN-06-0023,maize,2008,1.555
IN-06-0023,maize,2009,1.375
IN-06-0023,maize,2010,1.736
IN-06-0023,maize,2011,1.286
IN-06-0023,maize,2012,1.733
IN-06-0023,maize,2013,1.143
IN-06-0024,maize,1990,0.869
IN-06-0024,maize,1991,0.607
IN-06-0024,maize,1992,1.484
IN-06-0024,maize,1993,1.413
IN-06-0024,maize,1994,0.945
IN-06-0024,maize,1995,1.316
IN-06-0024,maize,1996,0.827
IN-06-0024,maize,1997,0.876
IN-06-0024,maize,1998,1.154
IN-06-0024,maize,1999,1.5
IN-06-0024,maize,2000,1.935
IN-06-0024,maize,2001,1.996
IN-06-0024,maize,2002,0.632
IN-06-0024,maize,2003,1.908
IN-06-0024,maize,2004,1.274
IN-06-0024,maize,2005,1.479
IN-06-0024,maize,2006,1.009
IN-06-0024,maize,2007,1.072
IN-06-0024,maize,2008,1.171
IN-06-0024,maize,2009,1.234
IN-06-0024,maize,2010,1.622
IN-06-0024,maize,2011,1.338
IN-06-0024,maize,2012,1.774
IN-06-0024,maize,2013,0.844
IN-06-0025,maize,1990,1.0
IN-06-0025,maize,1991,0.778
IN-06-0025,maize,1992,1.444
IN-06-0025,maize,1993,1.143
IN-06-0025,maize,1994,0.875
IN-06-0025,maize,1995,1.167
IN-06-0025,maize,1996,1.2
IN-06-0025,maize,1997,1.0
IN-06-0025,maize,1998,1.167
IN-06-0025,maize,1999,1.6
IN-06-0025,maize,2000,1.4
IN-06-0025,maize,2001,1.778
IN-06-0025,maize,2002,1.143
IN-06-0025,maize,2003,1.417
IN-06-0025,maize,2004,0.738
IN-06-0025,maize,2005,1.27
IN-06-0025,maize,2006,0.738
IN-06-0025,maize,2007,0.889
IN-06-0025,maize,2008,1.167
IN-06-0025,maize,2009,0.889
IN-06-0025,maize,2010,1.05
IN-06-0025,maize,2011,0.8
IN-06-0025,maize,2012,1.764
IN-06-0025,maize,2013,1.435
IN-06-0026,maize,1990,1.05
IN-06-0026,maize,1991,0.875
IN-06-0026,maize,1992,1.0
IN-06-0026,maize,1993,0.941
IN-06-0026,maize,1994,0.75
IN-06-0026,maize,1995,1.071
IN-06-0026,maize,1996,1.0
IN-06-0026,maize,1997,0.75
IN-06-0026,maize,1998,1.0
IN-06-0026,maize,2001,1.0
IN-06-0026,maize,2004,1.0
IN-06-0026,maize,2005,1.0
IN-06-0026,maize,2006,0.667
IN-06-0026,maize,2012,1.0
IN-06-0026,maize,2013,1.182
IN-06-0027,maize,1990,1.0
IN-06-0027,maize,1996,1.0
IN-06-0027,maize,2004,1.692
IN-06-0028,maize,1990,1.037
IN-06-0028,maize,1991,0.868
IN-06-0028,maize,1992,1.255
IN-06-0028,maize,1993,1.084
IN-06-0028,maize,1994,0.825
IN-06-0028,maize,1995,1.237
IN-06-0028,maize,1996,1.152
IN-06-0028,maize,1997,1.064
IN-06-0028,maize,1998,1.126
IN-06-0028,maize,1999,1.447
IN-06-0028,maize,2000,1.649
IN-06-0028,maize,2001,1.442
IN-06-0028,maize,2002,1.469
IN-06-0028,maize,2003,1.531
IN-06-0028,maize,2004,1.15
IN-06-0028,maize,2005,1.11
IN-06-0028,maize,2006,0.879
IN-06-0028,maize,2007,1.169
IN-06-0028,maize,2008,1.303
IN-06-0028,maize,2009,1.16
IN-06-0028,maize,2010,1.272
IN-06-0028,maize,2011,1.217
IN-06-0028,maize,2012,1.648
IN-06-0028,maize,2013,1.196
IN-06-0029,maize,1990,1.217
IN-06-0029,maize,1991,1.05
IN-06-0029,maize,1992,1.542
IN-06-0029,maize,1993,1.537
IN-06-0029,maize,1994,1.002
IN-06-0029,maize,1995,1.577
IN-06-0029,maize,1996,1.027
IN-06-0029,maize,1997,1.494
IN-06-0029,maize,1998,1.576
IN-06-0029,maize,1999,1.972
IN-06-0029,maize,2000,1.433
IN-06-0029,maize,2001,2.454
IN-06-0029,maize,2002,1.302
IN-06-0029,maize,2003,2.435
IN-06-0029,maize,2004,1.835
IN-06-0029,maize,2005,2.438
IN-06-0029,maize,2006,1.551
IN-06-0029,maize,2007,1.962
IN-06-0029,maize,2008,2.019
IN-06-0029,maize,2009,1.785
IN-06-0029,maize,2010,2.195
IN-06-0029,maize,2011,2.228
IN-06-0029,maize,2012,3.673
IN-06-0029,maize,2013,2.532
IN-06-0030,maize,1990,1.122
IN-06-0030,maize,1991,0.984
IN-06-0030,maize,1992,1.427
IN-06-0030,maize,1993,1.348
IN-06-0030,maize,1994,1.044
IN-06-0030,maize,1995,1.42
IN-06-0030,maize,1996,1.211
IN-06-0030,maize,1997,1.233
IN-06-0030,maize,1998,1.273
IN-06-0030,maize,1999,1.719
IN-06-0030,maize,2000,1.123
IN-06-0030,maize,2001,1.305
IN-06-0030,maize,2002,1.198
IN-06-0030,maize,2003,2.122
IN-06-0030,maize,2004,1.024
IN-06-0030,maize,2005,0.962
IN-06-0030,maize,2006,0.938
IN-06-0030,maize,2007,1.169
IN-06-0030,maize,2008,1.119
IN-06-0030,maize,2009,1.03
IN-06-0030,maize,2010,1.131
IN-06-0030,maize,2011,1.051
IN-06-0030,maize,2012,2.315
IN-06-0030,maize,2013,0.806
IN-06-0031,maize,1990,1.769
IN-06-0031,maize,1991,1.03
IN-06-0031,maize,1992,1.956
IN-06-0031,maize,1993,2.114
IN-06-0031,maize,1994,1.435
IN-06-0031,maize,1995,1.28
IN-06-0031,maize,1996,1.131
IN-06-0031,maize,1997,1.45
IN-06-0031,maize,1998,1.55
IN-06-0031,maize,1999,2.134
IN-06-0031,maize,2000,1.374
IN-06-0031,maize,2001,2.526
IN-06-0031,maize,2002,1.879
IN-06-0031,maize,2003,2.346
IN-06-0031,maize,2004,1.443
IN-06-0031,maize,2005,1.194
IN-06-0031,maize,2006,0.942
IN-06-0031,maize,2007,1.325
IN-06-0031,maize,2008,1.403
IN-06-0031,maize,2009,1.183
IN-06-0031,maize,2010,1.363
IN-06-0031,maize,2011,1.227
IN-06-0031,maize,2012,2.564
IN-06-0031,maize,2013,2.054
IN-06-0032,maize,1990,0.952
IN-06-0032,maize,1991,0.848
IN-06-0032,maize,1992,1.233
IN-06-0032,maize,1993,1.175
IN-06-0032,maize,1994,0.789
IN-06-0032,maize,1995,1.154
IN-06-0032,maize,1996,0.973
IN-06-0032,maize,1997,0.934
IN-06-0032,maize,1998,1.041
IN-06-0032,maize,1999,1.278
IN-06-0032,maize,2000,1.512
IN-06-0032,maize,2001,1.824
IN-06-0032,maize,2002,1.745
IN-06-0032,maize,2003,1.625
IN-06-0032,maize,2004,1.1
IN-06-0032,maize,2005,1.302
IN-06-0032,maize,2006,0.931
IN-06-0032,maize,2007,1.366
IN-06-0032,maize,2008,1.404
IN-06-0032,maize,2009,1.234
IN-06-0032,maize,2010,1.443
IN-06-0032,maize,2011,1.348
IN-06-0032,maize,2012,2.014
IN-06-0032,maize,2013,1.288
IN-06-0033,maize,1990,1.382
IN-06-0033,maize,1991,0.88
IN-06-0033,maize,1992,1.626
IN-06-0033,maize,1993,1.039
IN-06-0033,maize,1994,0.985
IN-06-0033,maize,1995,1.64
IN-06-0033,maize,1996,1.135
IN-06-0033,maize,1997,1.271
IN-06-0033,maize,1998,1.295
IN-06-0033,maize,1999,1.201
IN-06-0033,maize,2000,1.082
IN-06-0033,maize,2001,2.127
IN-06-0033,maize,2002,2.178
IN-06-0033,maize,2003,2.1
IN-06-0033,maize,2004,1.281
IN-06-0033,maize,2005,1.312
IN-06-0033,maize,2006,0.82
IN-06-0033,maize,2007,1.21
IN-06-0033,maize,2008,1.247
IN-06-0033,maize,2009,1.065
IN-06-0033,maize,2010,1.429
IN-06-0033,maize,2011,1.032
IN-06-0033,maize,2012,2.121
IN-06-0033,maize,2013,3.885
IN-06-0034,maize,1990,1.478
IN-06-0034,maize,1991,0.785
IN-06-0034,maize,1992,1.508
IN-06-0034,maize,1993,1.103
IN-06-0034,maize,1994,1.019
IN-06-0034,maize,1995,1.081
IN-06-0034,maize,1996,0.689
IN-06-0034,maize,1997,1.338
IN-06-0034,maize,1998,1.427
IN-06-0034,maize,1999,1.269
IN-06-0034,maize,2000,0.784
IN-06-0034,maize,2001,2.023
IN-06-0034,maize,2002,1.721
IN-06-0034,maize,2003,1.827
IN-06-0034,maize,2004,0.965
IN-06-0034,maize,2005,1.252
IN-06-0034,maize,2006,0.59
IN-06-0034,maize,2007,1.121
IN-06-0034,maize,2008,1.21
IN-06-0034,maize,2009,1.019
IN-06-0034,maize,2010,1.135
IN-06-0034,maize,2011,0.832
IN-06-0034,maize,2012,1.96
IN-06-0034,maize,2013,2.238
IN-06-0035,maize,1990,1.632
IN-06-0035,maize,1991,1.432
IN-06-0035,maize,1992,1.749
IN-06-0035,maize,1993,1.406
IN-06-0035,maize,1994,0.994
IN-06-0035,maize,1995,1.337
IN-06-0035,maize,1996,1.36
IN-06-0035,maize,1997,1.473
IN-06-0035,maize,1998,1.271
IN-06-0035,maize,1999,0.954
IN-06-0035,maize,2000,1.178
IN-06-0035,maize,2001,2.057
IN-06-0035,maize,2002,2.687
IN-06-0035,maize,2003,2.459
IN-06-0035,maize,2004,1.115
IN-06-0035,maize,2005,1.063
IN-06-0035,maize,2006,0.973
IN-06-0035,maize,2007,1.328
IN-06-0035,maize,2008,1.059
IN-06-0035,maize,2009,0.957
IN-06-0035,maize,2010,1.268
IN-06-0035,maize,2011,1.218
IN-06-0035,maize,2012,2.916
IN-06-0035,maize,2013,1.884
IN-06-0036,maize,1990,1.31
IN-06-0036,maize,1991,1.167
IN-06-0036,maize,1992,1.769
IN-06-0036,maize,1993,1.881
IN-06-0036,maize,1994,0.947
IN-06-0036,maize,1995,1.641
IN-06-0036,maize,1996,1.646
IN-06-0036,maize,1997,1.617
IN-06-0036,maize,1998,1.547
IN-06-0036,maize,1999,1.781
IN-06-0036,maize,2000,1.606
IN-06-0036,maize,2001,2.402
IN-06-0036,maize,2002,2.677
IN-06-0036,maize,2003,2.315
IN-06-0036,maize,2004,1.751
IN-06-0036,maize,2005,1.82
IN-06-0036,maize,2006,1.302
IN-06-0036,maize,2007,1.909
IN-06-0036,maize,2008,1.703
IN-06-0036,maize,2009,1.242
IN-06-0036,maize,2010,2.0
IN-06-0036,maize,2011,1.254
IN-06-0036,maize,2012,3.222
IN-06-0036,maize,2013,1.829
IN-06-0037,maize,1990,1.153
IN-06-0037,maize,1991,1.143
IN-06-0037,maize,1992,1.651
IN-06-0037,maize,1993,1.431
IN-06-0037,maize,1994,0.944
IN-06-0037,maize,1995,1.493
IN-06-0037,maize,1996,1.258
IN-06-0037,maize,1997,0.68
IN-06-0037,maize,1998,1.173
IN-06-0037,maize,1999,1.384
IN-06-0037,maize,2000,1.39
IN-06-0037,maize,2001,1.987
IN-06-0037,maize,2002,2.137
IN-06-0037,maize,2003,1.849
IN-06-0037,maize,2004,1.397
IN-06-0037,maize,2005,1.332
IN-06-0037,maize,2006,0.879
IN-06-0037,maize,2007,1.295
IN-06-0037,maize,2008,1.14
IN-06-0037,maize,2009,0.93
IN-06-0037,maize,2010,1.841
IN-06-0037,maize,2011,0.886
IN-06-0037,maize,2012,2.595
IN-06-0037,maize,2013,0.583
IN-06-0038,maize,1990,1.208
IN-06-0038,maize,1991,1.261
IN-06-0038,maize,1992,1.864
IN-06-0038,maize,1993,1.625
IN-06-0038,maize,1994,1.105
IN-06-0038,maize,1995,1.8
IN-06-0038,maize,1996,1.727
IN-06-0038,maize,1997,1.6
IN-06-0038,maize,1998,1.7
IN-06-0038,maize,1999,2.348
IN-06-0038,maize,2000,2.04
IN-06-0038,maize,2001,2.148
IN-06-0038,maize,2002,2.355
IN-06-0038,maize,2003,2.219
IN-06-0038,maize,2004,1.664
IN-06-0038,maize,2005,1.585
IN-06-0038,maize,2006,1.154
IN-06-0038,maize,2007,1.323
IN-06-0038,maize,2008,1.365
IN-06-0038,maize,2009,1.211
IN-06-0038,maize,2010,1.5
IN-06-0038,maize,2011,1.151
IN-06-0038,maize,2012,1.538
IN-06-0038,maize,2013,0.793
IN-06-0039,maize,1990,1.158
IN-06-0039,maize,1991,1.151
IN-06-0039,maize,1992,1.803
IN-06-0039,maize,1993,1.565
IN-06-0039,maize,1994,1.094
IN-06-0039,maize,1995,1.532
IN-06-0039,maize,1996,1.276
IN-06-0039,maize,1997,1.196
IN-06-0039,maize,1998,1.216
IN-06-0039,maize,1999,1.821
IN-06-0039,maize,2000,2.118
IN-06-0039,maize,2001,2.385
IN-06-0039,maize,2002,2.143
IN-06-0039,maize,2003,2.037
IN-06-0039,maize,2004,1.65
IN-06-0039,maize,2005,1.574
IN-06-0039,maize,2006,1.084
IN-06-0039,maize,2007,1.34
IN-06-0039,maize,2008,1.426
IN-06-0039,maize,2009,1.255
IN-06-0039,maize,2010,1.7
IN-06-0039,maize,2011,1.35
IN-06-0039,maize,2012,2.235
IN-06-0039,maize,2013,1.163
IN-06-0040,maize,1990,1.112
IN-06-0040,maize,1991,0.97
IN-06-0040,maize,1992,1.424
IN-06-0040,maize,1993,1.485
IN-06-0040,maize,1994,1.035
IN-06-0040,maize,1995,1.342
IN-06-0040,maize,1996,1.328
IN-06-0040,maize,1997,1.24
IN-06-0040,maize,1998,1.436
IN-06-0040,maize,1999,1.791
IN-06-0040,maize,2000,2.988
IN-06-0040,maize,2001,2.274
IN-06-0040,maize,2002,2.221
IN-06-0040,maize,2003,2.017
IN-06-0040,maize,2004,1.618
IN-06-0040,maize,2005,1.596
IN-06-0040,maize,2006,1.054
IN-06-0040,maize,2007,1.371
IN-06-0040,maize,2008,1.413
IN-06-0040,maize,2009,1.266
IN-06-0040,maize,2010,1.563
IN-06-0040,maize,2011,1.512
IN-06-0040,maize,2012,3.5
IN-06-0040,maize,2013,1.254
IN-06-0041,maize,1990,1.152
IN-06-0041,maize,1991,0.377
IN-06-0041,maize,1992,1.251
IN-06-0041,maize,1993,1.424
IN-06-0041,maize,1994,0.3
IN-06-0041,maize,1995,0.581
IN-06-0041,maize,1996,0.549
IN-06-0041,maize,1997,1.105
IN-06-0041,maize,1998,1.255
IN-06-0041,maize,1999,1.253
IN-06-0041,maize,2000,0.576
IN-06-0041,maize,2001,1.18
IN-06-0041,maize,2002,0.808
IN-06-0041,maize,2003,1.726
IN-06-0041,maize,2004,1.205
IN-06-0041,maize,2005,0.995
IN-06-0041,maize,2006,0.496
IN-06-0041,maize,2007,1.146
IN-06-0041,maize,2008,1.193
IN-06-0041,maize,2009,0.883
IN-06-0041,maize,2010,1.199
IN-06-0041,maize,2011,0.923
IN-06-0041,maize,2012,2.517
IN-06-0041,maize,2013,0.481
IN-06-0042,maize,1990,1.395
IN-06-0042,maize,1991,0.955
IN-06-0042,maize,1992,1.976
IN-06-0042,maize,1993,1.845
IN-06-0042,maize,1994,1.069
IN-06-0042,maize,1995,1.509
IN-06-0042,maize,1996,1.193
IN-06-0042,maize,1997,1.119
IN-06-0042,maize,1998,1.248
IN-06-0042,maize,1999,1.679
IN-06-0042,maize,2000,1.797
IN-06-0042,maize,2001,1.932
IN-06-0042,maize,2002,1.874
IN-06-0042,maize,2003,2.072
IN-06-0042,maize,2004,1.614
IN-06-0042,maize,2005,1.794
IN-06-0042,maize,2006,0.626
IN-06-0042,maize,2007,0.794
IN-06-0042,maize,2008,0.882
IN-06-0042,maize,2009,0.818
IN-06-0042,maize,2010,1.506
IN-06-0042,maize,2011,0.637
IN-06-0042,maize,2012,2.012
IN-06-0042,maize,2013,1.086
IN-06-0043,maize,1990,1.217
IN-06-0043,maize,1991,1.192
IN-06-0043,maize,1992,1.75
IN-06-0043,maize,1993,1.545
IN-06-0043,maize,1994,1.083
IN-06-0043,maize,1995,1.44
IN-06-0043,maize,1996,1.435
IN-06-0043,maize,1997,1.304
IN-06-0043,maize,1998,1.318
IN-06-0043,maize,1999,1.7
IN-06-0043,maize,2000,2.077
IN-06-0043,maize,2001,2.231
IN-06-0043,maize,2002,2.3
IN-06-0043,maize,2003,2.053
IN-06-0043,maize,2004,1.216
IN-06-0043,maize,2005,1.539
IN-06-0043,maize,2006,1.019
IN-06-0043,maize,2007,1.357
IN-06-0043,maize,2008,1.353
IN-06-0043,maize,2009,1.25
IN-06-0043,maize,2010,1.7
IN-06-0043,maize,2011,1.25
IN-06-0043,maize,2012,3.99
IN-06-0043,maize,2013,1.545
IN-01-0044,maize,1990,1.8
IN-01-0044,maize,1991,1.818
IN-01-0044,maize,1992,2.4
IN-01-0044,maize,1999,2.969
IN-01-0044,maize,2000,2.76
IN-01-0044,maize,2001,3.87
IN-01-0044,maize,2002,4.0
IN-01-0044,maize,2003,3.422
IN-01-0044,maize,2004,4.672
IN-01-0044,maize,2005,5.276
IN-01-0044,maize,2006,4.598
IN-01-0044,maize,2007,5.63
IN-01-0044,maize,2008,6.086
IN-01-0044,maize,2009,5.675
IN-01-0044,maize,2010,6.771
IN-01-0044,maize,2011,5.585
IN-01-0044,maize,2012,5.266
IN-01-0044,maize,2013,5.157
IN-01-0045,maize,1990,1.89
IN-01-0045,maize,1991,1.83
IN-01-0045,maize,1992,1.936
IN-01-0045,maize,1993,1.0
IN-01-0045,maize,1994,1.556
IN-01-0045,maize,1995,1.875
IN-01-0045,maize,1996,2.25
IN-01-0045,maize,1997,1.333
IN-01-0045,maize,1998,1.667
IN-01-0045,maize,1999,1.717
IN-01-0045,maize,2000,1.555
IN-01-0045,maize,2001,1.838
IN-01-0045,maize,2002,2.375
IN-01-0045,maize,2003,2.447
IN-01-0045,maize,2004,2.709
IN-01-0045,maize,2005,2.762
IN-01-0045,maize,2006,2.397
IN-01-0045,maize,2007,2.516
IN-01-0045,maize,2008,2.778
IN-01-0045,maize,2009,3.085
IN-01-0045,maize,2010,2.739
IN-01-0045,maize,2011,4.519
IN-01-0045,maize,2012,2.99
IN-01-0045,maize,2013,2.365
IN-01-0046,maize,1990,2.622
IN-01-0046,maize,1991,2.27
IN-01-0046,maize,1992,2.871
IN-01-0046,maize,1993,2.75
IN-01-0046,maize,1994,2.8
IN-01-0046,maize,1995,2.6
IN-01-0046,maize,1996,3.833
IN-01-0046,maize,1997,2.833
IN-01-0046,maize,1998,3.833
IN-01-0046,maize,1999,4.314
IN-01-0046,maize,2000,4.679
IN-01-0046,maize,2001,5.271
IN-01-0046,maize,2002,6.143
IN-01-0046,maize,2003,4.633
IN-01-0046,maize,2004,5.845
IN-01-0046,maize,2005,6.84
IN-01-0046,maize,2006,8.401
IN-01-0046,maize,2007,6.953
IN-01-0046,maize,2008,6.633
IN-01-0046,maize,2009,7.049
IN-01-0046,maize,2010,7.074
IN-01-0046,maize,2011,6.527
IN-01-0046,maize,2012,7.375
IN-01-0046,maize,2013,8.368
IN-01-0047,maize,1990,2.749
IN-01-0047,maize,1991,2.618
IN-01-0047,maize,1992,3.04
IN-01-0047,maize,1993,3.333
IN-01-0047,maize,1994,3.2
IN-01-0047,maize,1995,3.2
IN-01-0047,maize,1996,4.167
IN-01-0047,maize,1997,3.889
IN-01-0047,maize,1998,4.7
IN-01-0047,maize,1999,4.686
IN-01-0047,maize,2000,5.037
IN-01-0047,maize,2001,6.228
IN-01-0047,maize,2002,6.722
IN-01-0047,maize,2003,5.328
IN-01-0047,maize,2004,5.973
IN-01-0047,maize,2005,5.62
IN-01-0047,maize,2006,6.724
IN-01-0047,maize,2007,6.794
IN-01-0047,maize,2008,7.871
IN-01-0047,maize,2009,6.877
IN-01-0047,maize,2010,6.886
IN-01-0047,maize,2011,6.713
IN-01-0047,maize,2012,5.994
IN-01-0047,maize,2013,7.086
IN-01-0048,maize,1990,2.153
IN-01-0048,maize,1991,2.022
IN-01-0048,maize,1992,2.563
IN-01-0048,maize,1993,2.0
IN-01-0048,maize,1994,1.75
IN-01-0048,maize,1995,2.5
IN-01-0048,maize,1996,3.667
IN-01-0048,maize,1997,2.375
IN-01-0048,maize,1998,3.0
IN-01-0048,maize,1999,3.458
IN-01-0048,maize,2000,3.411
IN-01-0048,maize,2001,4.097
IN-01-0048,maize,2002,3.5
IN-01-0048,maize,2003,3.507
IN-01-0048,maize,2004,6.018
IN-01-0048,maize,2005,5.639
IN-01-0048,maize,2006,7.213
IN-01-0048,maize,2007,7.249
IN-01-0048,maize,2008,7.857
IN-01-0048,maize,2009,7.641
IN-01-0048,maize,2010,8.018
IN-01-0048,maize,2011,6.679
IN-01-0048,maize,2012,6.733
IN-01-0048,maize,2013,6.92
IN-01-0049,maize,1990,1.988
IN-01-0049,maize,1991,2.01
IN-01-0049,maize,1992,2.63
IN-01-0049,maize,1993,2.0
IN-01-0049,maize,1994,2.8
IN-01-0049,maize,1995,3.0
IN-01-0049,maize,1996,4.0
IN-01-0049,maize,1997,3.143
IN-01-0049,maize,1998,3.8
IN-01-0049,maize,1999,3.827
IN-01-0049,maize,2000,3.885
IN-01-0049,maize,2001,5.072
IN-01-0049,maize,2002,5.875
IN-01-0049,maize,2003,5.037
IN-01-0049,maize,2004,8.099
IN-01-0049,maize,2005,10.042
IN-01-0049,maize,2006,8.064
IN-01-0049,maize,2007,8.827
IN-01-0049,maize,2008,9.897
IN-01-0049,maize,2009,7.669
IN-01-0049,maize,2010,11.265
IN-01-0049,maize,2011,8.783
IN-01-0049,maize,2012,8.02
IN-01-0049,maize,2013,7.445
IN-01-0050,maize,1990,2.2
IN-01-0050,maize,1991,2.375
IN-01-0050,maize,1992,0.333
IN-01-0050,maize,1999,3.0
IN-01-0050,maize,2000,5.0
IN-01-0050,maize,2001,2.6
IN-01-0050,maize,2003,3.0
IN-01-0050,maize,2004,3.286
IN-01-0050,maize,2005,4.75
IN-01-0050,maize,2006,6.563
IN-01-0050,maize,2007,7.378
IN-01-0050,maize,2008,7.791
IN-01-0050,maize,2009,6.549
IN-01-0050,maize,2010,8.536
IN-01-0050,maize,2011,7.147
IN-01-0050,maize,2012,6.715
IN-01-0050,maize,2013,6.802
IN-01-0051,maize,1990,1.96
IN-01-0051,maize,1991,1.966
IN-01-0051,maize,1992,2.366
IN-01-0051,maize,1993,1.0
IN-01-0051,maize,1994,1.0
IN-01-0051,maize,1996,3.0
IN-01-0051,maize,1997,2.0
IN-01-0051,maize,1998,1.0
IN-01-0051,maize,1999,3.188
IN-01-0051,maize,2000,2.776
IN-01-0051,maize,2001,3.207
IN-01-0051,maize,2002,2.0
IN-01-0051,maize,2003,2.871
IN-01-0051,maize,2004,3.288
IN-01-0051,maize,2005,6.395
IN-01-0051,maize,2006,3.873
IN-01-0051,maize,2007,6.029
IN-01-0051,maize,2008,5.697
IN-01-0051,maize,2009,3.971
IN-01-0051,maize,2010,6.411
IN-01-0051,maize,2011,5.208
IN-01-0051,maize,2012,5.296
IN-01-0051,maize,2013,5.978
IN-01-0052,maize,1990,1.983
IN-01-0052,maize,1991,1.909
IN-01-0052,maize,1992,2.452
IN-01-0052,maize,1993,3.0
IN-01-0052,maize,1994,3.0
IN-01-0052,maize,1995,3.5
IN-01-0052,maize,1996,4.333
IN-01-0052,maize,1997,1.75
IN-01-0052,maize,1998,3.0
IN-01-0052,maize,1999,3.081
IN-01-0052,maize,2000,2.894
IN-01-0052,maize,2001,3.222
IN-01-0052,maize,2002,2.0
IN-01-0052,maize,2003,2.347
IN-01-0052,maize,2004,5.071
IN-01-0052,maize,2005,4.365
IN-01-0052,maize,2006,5.478
IN-01-0052,maize,2007,5.908
IN-01-0052,maize,2008,5.485
IN-01-0052,maize,2009,5.765
IN-01-0052,maize,2010,6.103
IN-01-0052,maize,2011,3.526
IN-01-0052,maize,2012,3.903
IN-01-0052,maize,2013,3.19
IN-01-0053,maize,1991,2.0
IN-01-0053,maize,1992,2.36
IN-01-0053,maize,1999,2.917
IN-01-0053,maize,2000,3.438
IN-01-0053,maize,2001,4.25
IN-01-0053,maize,2003,2.0
IN-01-0053,maize,2004,2.769
IN-01-0053,maize,2005,5.063
IN-01-0053,maize,2006,4.375
IN-01-0053,maize,2007,7.0
IN-01-0053,maize,2008,7.55
IN-01-0053,maize,2009,5.864
IN-01-0053,maize,2010,7.929
IN-01-0053,maize,2011,6.145
IN-01-0053,maize,2012,6.522
IN-01-0053,maize,2013,6.752
IN-01-0054,maize,1990,1.9
IN-01-0054,maize,1991,1.938
IN-01-0054,maize,1992,2.516
IN-01-0054,maize,1999,3.36
IN-01-0054,maize,2000,3.0
IN-01-0054,maize,2001,3.447
IN-01-0054,maize,2002,2.0
IN-01-0054,maize,2003,3.071
IN-01-0054,maize,2004,4.674
IN-01-0054,maize,2005,6.247
IN-01-0054,maize,2006,6.282
IN-01-0054,maize,2007,6.623
IN-01-0054,maize,2008,6.883
IN-01-0054,maize,2009,4.835
IN-01-0054,maize,2010,6.543
IN-01-0054,maize,2011,5.464
IN-01-0054,maize,2012,5.061
IN-01-0054,maize,2013,5.421
IN-20-0056,maize,1990,1.963
IN-20-0056,maize,1991,2.28704
IN-20-0056,maize,1992,3.1288
IN-20-0056,maize,1993,2.92727
IN-20-0056,maize,1994,3.03571
IN-20-0056,maize,1995,2.65385
IN-20-0056,maize,1996,3.4898
IN-20-0056,maize,1997,2.78846
IN-20-0056,maize,1998,4.01786
IN-20-0056,maize,1999,3.50962
IN-20-0056,maize,2000,4.05561
IN-20-0056,maize,2001,4.10657
IN-20-0056,maize,2002,3.29167
IN-20-0056,maize,2003,3.76169
IN-20-0056,maize,2004,3.40867
IN-20-0056,maize,2005,4.07796
IN-20-0056,maize,2006,2.91848
IN-20-0056,maize,2007,5.382890000000001
IN-20-0056,maize,2008,5.02365
IN-20-0056,maize,2009,3.37096
IN-20-0056,maize,2010,4.78113
IN-20-0056,maize,2011,5.06117
IN-20-0056,maize,2012,5.33312
IN-20-0056,maize,2013,5.35175
IN-20-0057,maize,1990,1.89373
IN-20-0057,maize,1991,1.15792
IN-20-0057,maize,1992,2.20291
IN-20-0057,maize,1993,2.18841
IN-20-0057,maize,1994,2.01562
IN-20-0057,maize,1995,1.66667
IN-20-0057,maize,1996,2.38333
IN-20-0057,maize,1997,2.22535
IN-20-0057,maize,1998,3.45679
IN-20-0057,maize,1999,2.15342
IN-20-0057,maize,2000,1.94174
IN-20-0057,maize,2001,2.35591
IN-20-0057,maize,2002,2.35955
IN-20-0057,maize,2003,1.92178
IN-20-0057,maize,2004,2.00211
IN-20-0057,maize,2005,2.84429
IN-20-0057,maize,2006,1.55381
IN-20-0057,maize,2007,4.22215
IN-20-0057,maize,2008,2.39402
IN-20-0057,maize,2009,1.08138
IN-20-0057,maize,2010,3.5379
IN-20-0057,maize,2011,2.93128
IN-20-0057,maize,2012,4.52169
IN-20-0057,maize,2013,3.72025
IN-20-0058,maize,1990,2.09639
IN-20-0058,maize,1991,2.13971
IN-20-0058,maize,1992,2.67323
IN-20-0058,maize,1993,2.5
IN-20-0058,maize,1994,3.0
IN-20-0058,maize,1995,2.75
IN-20-0058,maize,1996,3.0
IN-20-0058,maize,1997,2.61905
IN-20-0058,maize,1998,3.28571
IN-20-0058,maize,1999,3.06397
IN-20-0058,maize,2000,1.55551
IN-20-0058,maize,2001,1.94901
IN-20-0058,maize,2002,1.30556
IN-20-0058,maize,2003,2.20952
IN-20-0058,maize,2004,1.55766
IN-20-0058,maize,2005,3.38397
IN-20-0058,maize,2006,1.5499
IN-20-0058,maize,2007,3.86351
IN-20-0058,maize,2008,1.61178
IN-20-0058,maize,2009,1.0744200000000002
IN-20-0058,maize,2010,3.2272800000000004
IN-20-0058,maize,2011,1.4734
IN-20-0058,maize,2012,3.0997600000000003
IN-20-0058,maize,2013,4.748600000000001
IN-20-0059,maize,1990,1.91753
IN-20-0059,maize,1991,1.87705
IN-20-0059,maize,1992,2.58993
IN-20-0059,maize,1993,3.0
IN-20-0059,maize,1994,2.0
IN-20-0059,maize,1995,2.0
IN-20-0059,maize,1996,2.0
IN-20-0059,maize,1997,3.5
IN-20-0059,maize,1998,3.0
IN-20-0059,maize,1999,3.19014
IN-20-0059,maize,2000,2.67626
IN-20-0059,maize,2001,3.09677
IN-20-0059,maize,2002,2.66667
IN-20-0059,maize,2003,3.26891
IN-20-0059,maize,2004,2.53824
IN-20-0059,maize,2005,3.58083
IN-20-0059,maize,2006,2.64179
IN-20-0059,maize,2007,2.42
IN-20-0059,maize,2008,1.69846
IN-20-0059,maize,2009,2.12903
IN-20-0059,maize,2010,2.78495
IN-20-0059,maize,2011,2.312
IN-20-0059,maize,2012,2.3658
IN-20-0059,maize,2013,1.67635
IN-20-0060,maize,1990,2.01678
IN-20-0060,maize,1991,1.95818
IN-20-0060,maize,1992,2.23104
IN-20-0060,maize,1993,2.41935
IN-20-0060,maize,1994,2.44828
IN-20-0060,maize,1995,2.39394
IN-20-0060,maize,1996,2.7428600000000003
IN-20-0060,maize,1997,2.58696
IN-20-0060,maize,1998,3.06667
IN-20-0060,maize,1999,3.02191
IN-20-0060,maize,2000,2.56028
IN-20-0060,maize,2001,3.3368200000000003
IN-20-0060,maize,2002,2.7313400000000003
IN-20-0060,maize,2003,3.59146
IN-20-0060,maize,2004,3.65669
IN-20-0060,maize,2005,4.08442
IN-20-0060,maize,2006,3.48657
IN-20-0060,maize,2007,4.44429
IN-20-0060,maize,2008,4.32108
IN-20-0060,maize,2009,2.9216
IN-20-0060,maize,2010,3.89662
IN-20-0060,maize,2011,4.49813
IN-20-0060,maize,2012,4.83968
IN-20-0060,maize,2013,4.98341
IN-20-0061,maize,1990,1.97619
IN-20-0061,maize,1991,1.91396
IN-20-0061,maize,1992,3.38986
IN-20-0061,maize,1993,2.8
IN-20-0061,maize,1994,3.17647
IN-20-0061,maize,1995,3.0
IN-20-0061,maize,1996,3.22222
IN-20-0061,maize,1997,2.92
IN-20-0061,maize,1998,2.66667
IN-20-0061,maize,1999,3.92105
IN-20-0061,maize,2000,3.13865
IN-20-0061,maize,2001,3.07654
IN-20-0061,maize,2002,1.5
IN-20-0061,maize,2003,4.44427
IN-20-0061,maize,2004,3.09052
IN-20-0061,maize,2005,3.45487
IN-20-0061,maize,2006,5.12986
IN-20-0061,maize,2007,6.23975
IN-20-0061,maize,2008,6.55405
IN-20-0061,maize,2009,4.91944
IN-20-0061,maize,2010,6.16486
IN-20-0061,maize,2011,4.98504
IN-20-0061,maize,2012,5.37929
IN-20-0061,maize,2013,5.469930000000001
IN-20-0062,maize,1990,2.61547
IN-20-0062,maize,1991,2.65444
IN-20-0062,maize,1992,3.06578
IN-20-0062,maize,1993,2.91304
IN-20-0062,maize,1994,3.175
IN-20-0062,maize,1995,3.30233
IN-20-0062,maize,1996,3.7957
IN-20-0062,maize,1997,3.08511
IN-20-0062,maize,1998,3.84375
IN-20-0062,maize,1999,4.04276
IN-20-0062,maize,2000,3.74564
IN-20-0062,maize,2001,3.95628
IN-20-0062,maize,2002,3.4717
IN-20-0062,maize,2003,4.10861
IN-20-0062,maize,2004,2.58274
IN-20-0062,maize,2005,4.16257
IN-20-0062,maize,2006,3.77106
IN-20-0062,maize,2007,5.78788
IN-20-0062,maize,2008,4.61865
IN-20-0062,maize,2009,3.4296100000000003
IN-20-0062,maize,2010,4.7812600000000005
IN-20-0062,maize,2011,3.75683
IN-20-0062,maize,2012,5.23117
IN-20-0062,maize,2013,5.46274
IN-20-0063,maize,1990,0.99733
IN-20-0063,maize,1991,1.56627
IN-20-0063,maize,1992,1.80081
IN-20-0063,maize,1993,1.88
IN-20-0063,maize,1994,2.11111
IN-20-0063,maize,1995,2.28571
IN-20-0063,maize,1996,2.85714
IN-20-0063,maize,1997,2.65517
IN-20-0063,maize,1998,2.65517
IN-20-0063,maize,1999,2.75328
IN-20-0063,maize,2000,3.13213
IN-20-0063,maize,2001,3.94442
IN-20-0063,maize,2002,2.37931
IN-20-0063,maize,2003,4.07879
IN-20-0063,maize,2004,2.80845
IN-20-0063,maize,2005,3.3948400000000003
IN-20-0063,maize,2006,3.11293
IN-20-0063,maize,2007,3.17065
IN-20-0063,maize,2008,4.21459
IN-20-0063,maize,2009,3.82514
IN-20-0063,maize,2010,3.92141
IN-20-0063,maize,2011,2.9030500000000004
IN-20-0063,maize,2012,3.12307
IN-20-0063,maize,2013,3.77125
IN-05-0065,maize,1990,2.509
IN-05-0065,maize,1991,2.786
IN-05-0065,maize,1992,2.997
IN-05-0065,maize,1993,3.312
IN-05-0065,maize,1994,2.038
IN-05-0065,maize,1995,3.792
IN-05-0065,maize,1996,3.113
IN-05-0065,maize,1997,3.424
IN-05-0065,maize,1998,3.366
IN-05-0065,maize,1999,2.414
IN-05-0065,maize,2000,2.622
IN-05-0065,maize,2001,1.542
IN-05-0065,maize,2002,1.293
IN-05-0065,maize,2003,2.093
IN-05-0065,maize,2004,1.93
IN-05-0065,maize,2005,2.779
IN-05-0065,maize,2006,2.015
IN-05-0065,maize,2007,3.135
IN-05-0065,maize,2008,3.181
IN-05-0065,maize,2009,2.494
IN-05-0065,maize,2010,3.384
IN-05-0065,maize,2011,3.131
IN-05-0065,maize,2012,2.821
IN-05-0065,maize,2013,3.14
IN-05-0066,maize,1990,1.973
IN-05-0066,maize,1991,2.893
IN-05-0066,maize,1992,3.077
IN-05-0066,maize,1993,3.033
IN-05-0066,maize,1994,2.274
IN-05-0066,maize,1995,2.974
IN-05-0066,maize,1996,3.413
IN-05-0066,maize,1997,2.274
IN-05-0066,maize,1998,2.595
IN-05-0066,maize,1999,2.117
IN-05-0066,maize,2000,2.788
IN-05-0066,maize,2001,2.139
IN-05-0066,maize,2002,1.498
IN-05-0066,maize,2003,1.539
IN-05-0066,maize,2004,2.651
IN-05-0066,maize,2005,3.052
IN-05-0066,maize,2006,1.827
IN-05-0066,maize,2007,2.835
IN-05-0066,maize,2008,1.953
IN-05-0066,maize,2009,1.937
IN-05-0066,maize,2010,2.593
IN-05-0066,maize,2011,2.378
IN-05-0066,maize,2012,2.316
IN-05-0066,maize,2013,2.132
IN-05-0067,maize,1990,2.354
IN-05-0067,maize,1991,3.261
IN-05-0067,maize,1992,3.322
IN-05-0067,maize,1993,3.53
IN-05-0067,maize,1994,2.71
IN-05-0067,maize,1995,4.026
IN-05-0067,maize,1996,3.217
IN-05-0067,maize,1997,3.13
IN-05-0067,maize,1998,4.269
IN-05-0067,maize,1999,3.127
IN-05-0067,maize,2000,3.009
IN-05-0067,maize,2001,4.173
IN-05-0067,maize,2002,2.276
IN-05-0067,maize,2003,2.76
IN-05-0067,maize,2004,3.346
IN-05-0067,maize,2005,3.94
IN-05-0067,maize,2006,3.875
IN-05-0067,maize,2007,3.382
IN-05-0067,maize,2008,3.525
IN-05-0067,maize,2009,3.147
IN-05-0067,maize,2010,3.499
IN-05-0067,maize,2011,2.606
IN-05-0067,maize,2012,2.05
IN-05-0067,maize,2013,3.04
IN-05-0068,maize,1990,2.6
IN-05-0068,maize,1991,2.667
IN-05-0068,maize,1992,3.0
IN-05-0068,maize,1993,2.5
IN-05-0068,maize,1994,1.377
IN-05-0068,maize,1995,3.0
IN-05-0068,maize,1996,2.5
IN-05-0068,maize,1997,2.5
IN-05-0068,maize,1998,4.0
IN-05-0068,maize,1999,2.6
IN-05-0068,maize,2002,1.854
IN-05-0068,maize,2003,2.191
IN-05-0068,maize,2004,3.5
IN-05-0068,maize,2005,2.412
IN-05-0068,maize,2006,2.049
IN-05-0068,maize,2007,3.304
IN-05-0068,maize,2008,1.67
IN-05-0068,maize,2009,1.292
IN-05-0068,maize,2010,1.676
IN-05-0068,maize,2011,2.958
IN-05-0068,maize,2012,1.791
IN-05-0068,maize,2013,3.438
IN-05-0069,maize,1990,2.345
IN-05-0069,maize,1991,3.357
IN-05-0069,maize,1992,3.354
IN-05-0069,maize,1993,3.288
IN-05-0069,maize,1994,2.694
IN-05-0069,maize,1995,2.6
IN-05-0069,maize,1996,2.88
IN-05-0069,maize,1997,2.755
IN-05-0069,maize,1998,3.296
IN-05-0069,maize,1999,4.268
IN-05-0069,maize,2000,3.919
IN-05-0069,maize,2001,3.835
IN-05-0069,maize,2002,3.055
IN-05-0069,maize,2003,1.755
IN-05-0069,maize,2004,3.261
IN-05-0069,maize,2005,2.942
IN-05-0069,maize,2006,3.155
IN-05-0069,maize,2007,3.139
IN-05-0069,maize,2008,3.313
IN-05-0069,maize,2009,3.537
IN-05-0069,maize,2010,4.413
IN-05-0069,maize,2011,3.53
IN-05-0069,maize,2012,2.646
IN-05-0069,maize,2013,3.288
IN-05-0070,maize,1990,2.694
IN-05-0070,maize,1991,2.864
IN-05-0070,maize,1992,2.646
IN-05-0070,maize,1993,3.778
IN-05-0070,maize,1994,3.038
IN-05-0070,maize,1995,2.675
IN-05-0070,maize,1996,3.905
IN-05-0070,maize,1997,2.361
IN-05-0070,maize,1998,3.871
IN-05-0070,maize,1999,2.996
IN-05-0070,maize,2000,3.316
IN-05-0070,maize,2001,2.827
IN-05-0070,maize,2002,3.621
IN-05-0070,maize,2003,2.951
IN-05-0070,maize,2004,3.677
IN-05-0070,maize,2005,2.678
IN-05-0070,maize,2006,3.127
IN-05-0070,maize,2007,2.21
IN-05-0070,maize,2008,3.759
IN-05-0070,maize,2009,2.878
IN-05-0070,maize,2010,4.284
IN-05-0070,maize,2011,4.216
IN-05-0070,maize,2012,4.131
IN-05-0070,maize,2013,2.924
IN-05-0071,maize,1990,2.344
IN-05-0071,maize,1991,3.298
IN-05-0071,maize,1992,2.949
IN-05-0071,maize,1993,3.108
IN-05-0071,maize,1994,2.667
IN-05-0071,maize,1995,2.714
IN-05-0071,maize,1996,2.871
IN-05-0071,maize,1997,2.176
IN-05-0071,maize,1998,3.413
IN-05-0071,maize,1999,2.333
IN-05-0071,maize,2000,2.5
IN-05-0071,maize,2001,2.353
IN-05-0071,maize,2002,1.728
IN-05-0071,maize,2003,1.484
IN-05-0071,maize,2004,1.96
IN-05-0071,maize,2005,3.889
IN-05-0071,maize,2006,3.764
IN-05-0071,maize,2007,2.922
IN-05-0071,maize,2008,2.453
IN-05-0071,maize,2009,2.752
IN-05-0071,maize,2010,3.289
IN-05-0071,maize,2011,2.514
IN-05-0071,maize,2012,2.078
IN-05-0071,maize,2013,2.591
IN-05-0072,maize,1990,2.413
IN-05-0072,maize,1991,3.438
IN-05-0072,maize,1992,3.342
IN-05-0072,maize,1993,3.153
IN-05-0072,maize,1994,3.179
IN-05-0072,maize,1995,3.045
IN-05-0072,maize,1996,3.469
IN-05-0072,maize,1997,2.387
IN-05-0072,maize,1998,3.149
IN-05-0072,maize,1999,2.091
IN-05-0072,maize,2000,3.131
IN-05-0072,maize,2001,2.707
IN-05-0072,maize,2002,1.62
IN-05-0072,maize,2003,1.192
IN-05-0072,maize,2004,2.521
IN-05-0072,maize,2005,1.481
IN-05-0072,maize,2006,1.905
IN-05-0072,maize,2007,2.873
IN-05-0072,maize,2008,1.285
IN-05-0072,maize,2009,1.681
IN-05-0072,maize,2010,3.041
IN-05-0072,maize,2011,2.221
IN-05-0072,maize,2012,2.334
IN-05-0072,maize,2013,2.161
IN-05-0073,maize,1990,3.003
IN-05-0073,maize,1991,3.029
IN-05-0073,maize,1992,2.818
IN-05-0073,maize,1993,3.231
IN-05-0073,maize,1994,3.005
IN-05-0073,maize,1995,3.599
IN-05-0073,maize,1996,3.407
IN-05-0073,maize,1997,2.953
IN-05-0073,maize,1998,3.112
IN-05-0073,maize,1999,3.202
IN-05-0073,maize,2000,3.077
IN-05-0073,maize,2001,3.219
IN-05-0073,maize,2002,2.28
IN-05-0073,maize,2003,2.726
IN-05-0073,maize,2004,2.996
IN-05-0073,maize,2005,3.259
IN-05-0073,maize,2006,2.287
IN-05-0073,maize,2007,2.845
IN-05-0073,maize,2008,2.684
IN-05-0073,maize,2009,1.971
IN-05-0073,maize,2010,3.276
IN-05-0073,maize,2011,2.66
IN-05-0073,maize,2012,2.332
IN-05-0073,maize,2013,2.767
IN-05-0074,maize,1990,2.621
IN-05-0074,maize,1991,2.772
IN-05-0074,maize,1992,2.844
IN-05-0074,maize,1993,2.83
IN-05-0074,maize,1994,2.968
IN-05-0074,maize,1995,3.07
IN-05-0074,maize,1996,2.287
IN-05-0074,maize,1997,2.568
IN-05-0074,maize,1998,3.516
IN-05-0074,maize,2000,3.333
IN-05-0074,maize,2002,1.987
IN-05-0074,maize,2003,1.152
IN-05-0074,maize,2004,2.133
IN-05-0074,maize,2005,3.165
IN-05-0074,maize,2006,3.975
IN-05-0074,maize,2007,2.171
IN-05-0074,maize,2008,2.336
IN-05-0074,maize,2009,2.277
IN-05-0074,maize,2010,2.98
IN-05-0074,maize,2011,2.163
IN-05-0074,maize,2012,2.492
IN-05-0074,maize,2013,2.64
IN-05-0075,maize,1990,2.525
IN-05-0075,maize,1991,2.909
IN-05-0075,maize,1992,3.224
IN-05-0075,maize,1993,2.803
IN-05-0075,maize,1994,2.836
IN-05-0075,maize,1995,2.79
IN-05-0075,maize,1996,2.832
IN-05-0075,maize,1997,2.692
IN-05-0075,maize,1998,2.801
IN-05-0075,maize,1999,2.637
IN-05-0075,maize,2000,2.527
IN-05-0075,maize,2001,2.097
IN-05-0075,maize,2002,2.047
IN-05-0075,maize,2003,2.176
IN-05-0075,maize,2004,3.161
IN-05-0075,maize,2005,3.535
IN-05-0075,maize,2006,3.342
IN-05-0075,maize,2007,3.261
IN-05-0075,maize,2008,2.929
IN-05-0075,maize,2009,2.116
IN-05-0075,maize,2010,3.206
IN-05-0075,maize,2011,2.973
IN-05-0075,maize,2012,2.649
IN-05-0075,maize,2013,3.148
IN-05-0076,maize,1990,2.561
IN-05-0076,maize,1991,3.045
IN-05-0076,maize,1992,3.151
IN-05-0076,maize,1993,2.649
IN-05-0076,maize,1994,2.773
IN-05-0076,maize,1995,3.046
IN-05-0076,maize,1996,3.577
IN-05-0076,maize,1997,3.098
IN-05-0076,maize,1998,2.952
IN-05-0076,maize,1999,2.521
IN-05-0076,maize,2000,2.956
IN-05-0076,maize,2001,2.21
IN-05-0076,maize,2002,2.288
IN-05-0076,maize,2003,2.318
IN-05-0076,maize,2004,2.439
IN-05-0076,maize,2005,2.552
IN-05-0076,maize,2006,2.167
IN-05-0076,maize,2007,2.949
IN-05-0076,maize,2008,2.552
IN-05-0076,maize,2009,1.491
IN-05-0076,maize,2010,2.63
IN-05-0076,maize,2011,3.15
IN-05-0076,maize,2012,3.16
IN-05-0076,maize,2013,3.583
IN-05-0077,maize,1990,1.5
IN-05-0077,maize,1991,2.933
IN-05-0077,maize,1992,3.091
IN-05-0077,maize,1993,2.448
IN-05-0077,maize,1994,1.889
IN-05-0077,maize,1995,1.976
IN-05-0077,maize,1996,2.0
IN-05-0077,maize,1997,1.8
IN-05-0077,maize,1998,2.323
IN-05-0077,maize,1999,2.164
IN-05-0077,maize,2000,2.5
IN-05-0077,maize,2001,1.714
IN-05-0077,maize,2002,1.472
IN-05-0077,maize,2003,1.453
IN-05-0077,maize,2004,1.938
IN-05-0077,maize,2005,2.118
IN-05-0077,maize,2006,1.788
IN-05-0077,maize,2007,2.235
IN-05-0077,maize,2008,1.89
IN-05-0077,maize,2009,0.834
IN-05-0077,maize,2010,3.338
IN-05-0077,maize,2011,3.059
IN-05-0077,maize,2012,2.746
IN-05-0077,maize,2013,3.715
IN-05-0078,maize,1990,2.35
IN-05-0078,maize,1991,2.884
IN-05-0078,maize,1992,3.036
IN-05-0078,maize,1993,2.711
IN-05-0078,maize,1994,3.054
IN-05-0078,maize,1995,3.432
IN-05-0078,maize,1996,2.444
IN-05-0078,maize,1997,3.411
IN-05-0078,maize,1998,3.28
IN-05-0078,maize,1999,2.75
IN-05-0078,maize,2000,5.0
IN-05-0078,maize,2001,2.643
IN-05-0078,maize,2002,1.909
IN-05-0078,maize,2003,3.0
IN-05-0078,maize,2004,3.395
IN-05-0078,maize,2005,3.357
IN-05-0078,maize,2006,3.531
IN-05-0078,maize,2007,2.667
IN-05-0078,maize,2008,2.787
IN-05-0078,maize,2009,2.022
IN-05-0078,maize,2010,3.03
IN-05-0078,maize,2011,3.217
IN-05-0078,maize,2012,2.954
IN-05-0078,maize,2013,3.395
IN-05-0079,maize,1990,1.45
IN-05-0079,maize,1991,2.962
IN-05-0079,maize,1992,2.946
IN-05-0079,maize,1993,2.255
IN-05-0079,maize,1994,2.424
IN-05-0079,maize,1995,2.758
IN-05-0079,maize,1996,2.729
IN-05-0079,maize,1997,2.556
IN-05-0079,maize,1998,2.901
IN-05-0079,maize,1999,2.376
IN-05-0079,maize,2000,2.4
IN-05-0079,maize,2001,2.466
IN-05-0079,maize,2002,2.123
IN-05-0079,maize,2003,2.152
IN-05-0079,maize,2004,3.677
IN-05-0079,maize,2005,2.837
IN-05-0079,maize,2006,1.804
IN-05-0079,maize,2007,2.563
IN-05-0079,maize,2008,2.384
IN-05-0079,maize,2009,1.124
IN-05-0079,maize,2010,1.843
IN-05-0079,maize,2011,2.25
IN-05-0079,maize,2012,2.797
IN-05-0079,maize,2013,2.62
IN-05-0080,maize,2007,3.0
IN-05-0080,maize,2008,2.0
IN-05-0080,maize,2009,1.0
IN-05-0080,maize,2011,2.0
IN-05-0080,maize,2012,5.0
IN-05-0080,maize,2013,3.333
IN-05-0081,maize,1990,2.0
IN-05-0081,maize,1991,2.25
IN-05-0081,maize,1992,2.885
IN-05-0081,maize,1993,2.0
IN-05-0081,maize,1994,1.3
IN-05-0081,maize,1995,1.5
IN-05-0081,maize,1996,2.0
IN-05-0081,maize,1997,2.0
IN-05-0081,maize,1998,1.8
IN-05-0081,maize,1999,2.0
IN-05-0081,maize,2000,5.0
IN-05-0081,maize,2001,1.833
IN-05-0081,maize,2002,1.5
IN-05-0081,maize,2003,1.479
IN-05-0081,maize,2004,2.558
IN-05-0081,maize,2005,2.332
IN-05-0081,maize,2006,0.848
IN-05-0081,maize,2007,2.976
IN-05-0081,maize,2008,4.276
IN-05-0081,maize,2009,3.676
IN-05-0081,maize,2010,4.174
IN-05-0081,maize,2011,3.024
IN-05-0081,maize,2012,5.494
IN-05-0081,maize,2013,2.848
IN-05-0082,maize,1990,2.298
IN-05-0082,maize,1991,3.28
IN-05-0082,maize,1992,2.95
IN-05-0082,maize,1993,3.108
IN-05-0082,maize,1994,2.694
IN-05-0082,maize,1995,3.946
IN-05-0082,maize,1996,3.216
IN-05-0082,maize,1997,2.181
IN-05-0082,maize,1998,3.867
IN-05-0082,maize,1999,2.305
IN-05-0082,maize,2000,3.125
IN-05-0082,maize,2001,4.28
IN-05-0082,maize,2002,3.996
IN-05-0082,maize,2003,4.471
IN-05-0082,maize,2004,4.066
IN-05-0082,maize,2005,4.996
IN-05-0082,maize,2006,4.494
IN-05-0082,maize,2007,4.099
IN-05-0082,maize,2008,4.42
IN-05-0082,maize,2009,4.676
IN-05-0082,maize,2010,4.798
IN-05-0082,maize,2011,3.797
IN-05-0082,maize,2012,4.478
IN-05-0082,maize,2013,3.862
IN-11-0083,maize,2003,2.0
IN-11-0083,maize,2004,1.333
IN-11-0083,maize,2005,1.5
IN-11-0083,maize,2006,1.0
IN-11-0083,maize,2007,3.0
IN-11-0083,maize,2010,2.0
IN-11-0083,maize,2011,5.5
IN-11-0083,maize,2012,3.0
IN-11-0083,maize,2013,6.0
IN-11-0084,maize,1990,1.333
IN-11-0084,maize,1991,1.333
IN-11-0084,maize,1992,1.5
IN-11-0084,maize,1999,2.0
IN-11-0084,maize,2000,1.778
IN-11-0084,maize,2002,2.212
IN-11-0084,maize,2003,2.016
IN-11-0084,maize,2004,1.922
IN-11-0084,maize,2005,1.282
IN-11-0084,maize,2006,2.586
IN-11-0084,maize,2007,2.054
IN-11-0084,maize,2008,1.828
IN-11-0084,maize,2009,2.011
IN-11-0084,maize,2010,1.475
IN-11-0084,maize,2011,1.745
IN-11-0084,maize,2012,1.53
IN-11-0084,maize,2013,3.821
IN-11-0085,maize,1990,1.658
IN-11-0085,maize,1991,1.68
IN-11-0085,maize,1992,1.64
IN-11-0085,maize,1994,1.41
IN-11-0085,maize,1995,1.684
IN-11-0085,maize,1996,1.625
IN-11-0085,maize,1997,1.667
IN-11-0085,maize,1998,1.662
IN-11-0085,maize,1999,1.655
IN-11-0085,maize,2000,1.65
IN-11-0085,maize,2001,1.655
IN-11-0085,maize,2002,1.654
IN-11-0085,maize,2003,1.657
IN-11-0085,maize,2004,1.663
IN-11-0085,maize,2005,1.222
IN-11-0085,maize,2006,4.622
IN-11-0085,maize,2007,3.863
IN-11-0085,maize,2008,5.787
IN-11-0085,maize,2009,6.325
IN-11-0085,maize,2010,4.676
IN-11-0085,maize,2011,6.067
IN-11-0085,maize,2012,3.325
IN-11-0085,maize,2013,5.431
IN-11-0086,maize,1990,1.868
IN-11-0086,maize,1991,1.863
IN-11-0086,maize,1992,1.849
IN-11-0086,maize,1993,1.5
IN-11-0086,maize,1994,1.859
IN-11-0086,maize,1995,1.86
IN-11-0086,maize,1996,1.864
IN-11-0086,maize,1997,1.864
IN-11-0086,maize,1998,1.855
IN-11-0086,maize,1999,1.859
IN-11-0086,maize,2000,1.86
IN-11-0086,maize,2001,1.86
IN-11-0086,maize,2002,1.859
IN-11-0086,maize,2003,1.86
IN-11-0086,maize,2004,1.859
IN-11-0086,maize,2005,1.181
IN-11-0086,maize,2006,3.856
IN-11-0086,maize,2007,3.573
IN-11-0086,maize,2008,2.884
IN-11-0086,maize,2009,4.943
IN-11-0086,maize,2010,5.09
IN-11-0086,maize,2011,5.724
IN-11-0086,maize,2012,5.666
IN-11-0086,maize,2013,7.527
IN-11-0087,maize,1990,1.131
IN-11-0087,maize,1991,1.13
IN-11-0087,maize,1992,1.118
IN-11-0087,maize,1993,1.154
IN-11-0087,maize,1994,1.126
IN-11-0087,maize,1995,1.126
IN-11-0087,maize,1996,1.125
IN-11-0087,maize,1997,1.124
IN-11-0087,maize,1998,1.125
IN-11-0087,maize,1999,1.125
IN-11-0087,maize,2000,1.125
IN-11-0087,maize,2001,1.125
IN-11-0087,maize,2002,1.125
IN-11-0087,maize,2003,1.125
IN-11-0087,maize,2004,1.125
IN-11-0087,maize,2005,1.194
IN-11-0087,maize,2006,5.386
IN-11-0087,maize,2007,5.277
IN-11-0087,maize,2008,4.276
IN-11-0087,maize,2009,5.554
IN-11-0087,maize,2010,5.847
IN-11-0087,maize,2011,7.462
IN-11-0087,maize,2012,3.678
IN-11-0087,maize,2013,6.581
IN-11-0088,maize,1990,1.172
IN-11-0088,maize,1991,1.182
IN-11-0088,maize,1992,1.222
IN-11-0088,maize,1994,1.185
IN-11-0088,maize,1995,1.194
IN-11-0088,maize,1996,2.0
IN-11-0088,maize,1997,1.0
IN-11-0088,maize,1998,1.5
IN-11-0088,maize,1999,1.0
IN-11-0088,maize,2000,1.333
IN-11-0088,maize,2001,1.286
IN-11-0088,maize,2002,1.386
IN-11-0088,maize,2003,1.328
IN-11-0088,maize,2004,1.307
IN-11-0088,maize,2005,1.264
IN-11-0088,maize,2006,4.1
IN-11-0088,maize,2007,2.629
IN-11-0088,maize,2008,1.565
IN-11-0088,maize,2009,6.262
IN-11-0088,maize,2010,4.956
IN-11-0088,maize,2011,5.351
IN-11-0088,maize,2012,2.466
IN-11-0088,maize,2013,4.172
IN-11-0089,maize,1990,2.731
IN-11-0089,maize,1991,2.757
IN-11-0089,maize,1992,2.6
IN-11-0089,maize,1994,2.769
IN-11-0089,maize,1995,2.667
IN-11-0089,maize,1996,2.667
IN-11-0089,maize,1997,2.684
IN-11-0089,maize,1998,2.75
IN-11-0089,maize,1999,2.7
IN-11-0089,maize,2000,2.696
IN-11-0089,maize,2001,2.684
IN-11-0089,maize,2002,2.632
IN-11-0089,maize,2003,2.662
IN-11-0089,maize,2004,2.679
IN-11-0089,maize,2005,1.167
IN-11-0089,maize,2006,5.855
IN-11-0089,maize,2007,3.317
IN-11-0089,maize,2008,5.183
IN-11-0089,maize,2009,5.74
IN-11-0089,maize,2010,5.725
IN-11-0089,maize,2011,5.992
IN-11-0089,maize,2012,3.385
IN-11-0089,maize,2013,5.662
IN-11-0090,maize,1990,1.966
IN-11-0090,maize,1991,1.964
IN-11-0090,maize,1992,2.079
IN-11-0090,maize,1993,2.333
IN-11-0090,maize,1994,1.996
IN-11-0090,maize,1995,2.003
IN-11-0090,maize,1996,2.0
IN-11-0090,maize,1997,2.0
IN-11-0090,maize,1998,2.0
IN-11-0090,maize,1999,2.013
IN-11-0090,maize,2000,2.026
IN-11-0090,maize,2001,1.96
IN-11-0090,maize,2002,2.016
IN-11-0090,maize,2003,2.013
IN-11-0090,maize,2004,2.0
IN-11-0090,maize,2005,1.143
IN-11-0090,maize,2006,2.811
IN-11-0090,maize,2007,2.651
IN-11-0090,maize,2008,3.256
IN-11-0090,maize,2009,3.086
IN-11-0090,maize,2010,3.958
IN-11-0090,maize,2011,4.299
IN-11-0090,maize,2012,2.097
IN-11-0090,maize,2013,4.455
IN-11-0091,maize,1999,2.0
IN-11-0091,maize,2000,0.4
IN-11-0091,maize,2001,1.5
IN-11-0091,maize,2002,2.0
IN-11-0091,maize,2003,1.333
IN-11-0091,maize,2004,1.143
IN-11-0091,maize,2006,4.333
IN-11-0091,maize,2008,5.767
IN-11-0091,maize,2009,3.467
IN-11-0091,maize,2010,5.364
IN-11-0091,maize,2011,6.667
IN-11-0091,maize,2012,2.816
IN-11-0091,maize,2013,4.978
IN-11-0092,maize,1990,0.538
IN-11-0092,maize,1991,0.556
IN-11-0092,maize,1992,0.532
IN-11-0092,maize,1994,0.544
IN-11-0092,maize,1995,0.547
IN-11-0092,maize,1996,0.55
IN-11-0092,maize,1997,0.542
IN-11-0092,maize,1998,0.543
IN-11-0092,maize,1999,0.546
IN-11-0092,maize,2000,1.545
IN-11-0092,maize,2001,0.744
IN-11-0092,maize,2002,0.785
IN-11-0092,maize,2003,0.834
IN-11-0092,maize,2004,0.89
IN-11-0092,maize,2005,1.326
IN-11-0092,maize,2006,2.683
IN-11-0092,maize,2007,2.543
IN-11-0092,maize,2008,3.549
IN-11-0092,maize,2009,4.037
IN-11-0092,maize,2010,3.183
IN-11-0092,maize,2011,7.134
IN-11-0092,maize,2012,3.172
IN-11-0092,maize,2013,4.609
IN-07-0096,maize,1991,1.0
IN-07-0096,maize,1992,2.0
IN-07-0096,maize,1993,1.5
IN-07-0096,maize,1994,1.0
IN-07-0096,maize,2001,2.0
IN-07-0096,maize,2002,1.0
IN-07-0096,maize,2003,2.0
IN-07-0096,maize,2004,1.0
IN-07-0096,maize,2005,2.0
IN-07-0096,maize,2006,2.0
IN-07-0096,maize,2007,3.0
IN-07-0096,maize,2008,3.0
IN-07-0096,maize,2009,3.0
IN-07-0096,maize,2010,2.9
IN-07-0096,maize,2011,2.8
IN-07-0097,maize,1993,1.0
IN-07-0097,maize,2005,2.0
IN-07-0097,maize,2006,2.0
IN-07-0097,maize,2007,2.5
IN-07-0097,maize,2008,3.0
IN-07-0097,maize,2011,2.85
IN-07-0098,maize,1991,1.0
IN-07-0098,maize,1993,1.0
IN-07-0098,maize,1994,1.0
IN-07-0098,maize,2002,1.0
IN-07-0098,maize,2003,2.0
IN-07-0098,maize,2004,1.0
IN-07-0098,maize,2005,2.0
IN-07-0098,maize,2006,2.0
IN-07-0098,maize,2007,3.0
IN-07-0098,maize,2008,3.0
IN-07-0098,maize,2009,3.0
IN-07-0098,maize,2010,2.9
IN-07-0098,maize,2011,2.8
IN-07-0099,maize,1990,0.86
IN-07-0099,maize,1991,1.158
IN-07-0099,maize,1992,0.919
IN-07-0099,maize,1993,1.768
IN-07-0099,maize,1994,1.161
IN-07-0099,maize,1995,1.577
IN-07-0099,maize,1996,1.497
IN-07-0099,maize,1997,1.494
IN-07-0099,maize,1998,1.989
IN-07-0099,maize,1999,1.434
IN-07-0099,maize,2000,0.655
IN-07-0099,maize,2001,2.246
IN-07-0099,maize,2002,2.612
IN-07-0099,maize,2003,2.422
IN-07-0099,maize,2004,2.17
IN-07-0099,maize,2005,2.029
IN-07-0099,maize,2006,1.609
IN-07-0099,maize,2007,2.884
IN-07-0099,maize,2008,2.881
IN-07-0099,maize,2009,2.266
IN-07-0099,maize,2010,3.236
IN-07-0099,maize,2011,3.17
IN-07-0099,maize,2012,2.945
IN-07-0099,maize,2013,3.85
IN-07-0100,maize,1990,1.667
IN-07-0100,maize,1991,0.84
IN-07-0100,maize,1992,0.917
IN-07-0100,maize,1993,1.811
IN-07-0100,maize,1994,1.763
IN-07-0100,maize,1995,1.43
IN-07-0100,maize,1996,1.944
IN-07-0100,maize,1997,1.753
IN-07-0100,maize,1998,1.933
IN-07-0100,maize,1999,1.61
IN-07-0100,maize,2000,0.732
IN-07-0100,maize,2001,1.789
IN-07-0100,maize,2002,1.821
IN-07-0100,maize,2003,2.883
IN-07-0100,maize,2004,2.418
IN-07-0100,maize,2005,1.62
IN-07-0100,maize,2006,1.897
IN-07-0100,maize,2007,2.494
IN-07-0100,maize,2008,1.401
IN-07-0100,maize,2009,2.276
IN-07-0100,maize,2010,3.363
IN-07-0100,maize,2011,2.42
IN-07-0100,maize,2012,2.585
IN-07-0100,maize,2013,3.166
IN-07-0101,maize,1990,1.4
IN-07-0101,maize,1992,0.833
IN-07-0101,maize,1993,1.714
IN-07-0101,maize,1994,1.677
IN-07-0101,maize,1995,1.628
IN-07-0101,maize,1996,1.5
IN-07-0101,maize,1997,1.494
IN-07-0101,maize,1998,2.047
IN-07-0101,maize,1999,1.609
IN-07-0101,maize,2000,0.66
IN-07-0101,maize,2001,1.828
IN-07-0101,maize,2002,2.811
IN-07-0101,maize,2003,3.231
IN-07-0101,maize,2004,2.066
IN-07-0101,maize,2005,3.249
IN-07-0101,maize,2006,2.906
IN-07-0101,maize,2007,2.815
IN-07-0101,maize,2008,2.554
IN-07-0101,maize,2009,2.273
IN-07-0101,maize,2010,3.234
IN-07-0101,maize,2011,3.445
IN-07-0101,maize,2012,2.679
IN-07-0101,maize,2013,3.481
IN-07-0102,maize,1990,1.056
IN-07-0102,maize,1991,1.0
IN-07-0102,maize,1992,1.449
IN-07-0102,maize,1993,1.779
IN-07-0102,maize,1994,1.237
IN-07-0102,maize,1995,1.434
IN-07-0102,maize,1996,1.39
IN-07-0102,maize,1997,1.5
IN-07-0102,maize,1998,1.776
IN-07-0102,maize,1999,1.55
IN-07-0102,maize,2000,0.981
IN-07-0102,maize,2001,1.708
IN-07-0102,maize,2002,1.172
IN-07-0102,maize,2003,0.686
IN-07-0102,maize,2004,1.59
IN-07-0102,maize,2005,1.407
IN-07-0102,maize,2006,1.866
IN-07-0102,maize,2007,2.757
IN-07-0102,maize,2008,2.938
IN-07-0102,maize,2009,2.64
IN-07-0102,maize,2010,2.782
IN-07-0102,maize,2011,2.667
IN-07-0102,maize,2012,1.953
IN-07-0102,maize,2013,4.315
IN-07-0103,maize,1990,1.267
IN-07-0103,maize,1991,0.984
IN-07-0103,maize,1992,1.212
IN-07-0103,maize,1993,1.593
IN-07-0103,maize,1994,1.495
IN-07-0103,maize,1995,1.621
IN-07-0103,maize,1996,1.497
IN-07-0103,maize,1997,1.497
IN-07-0103,maize,1998,1.712
IN-07-0103,maize,1999,1.493
IN-07-0103,maize,2000,0.932
IN-07-0103,maize,2001,1.686
IN-07-0103,maize,2002,1.913
IN-07-0103,maize,2003,1.74
IN-07-0103,maize,2004,2.205
IN-07-0103,maize,2005,2.212
IN-07-0103,maize,2006,2.325
IN-07-0103,maize,2007,2.722
IN-07-0103,maize,2008,2.424
IN-07-0103,maize,2009,2.532
IN-07-0103,maize,2010,2.786
IN-07-0103,maize,2011,3.202
IN-07-0103,maize,2012,2.619
IN-07-0103,maize,2013,2.881
IN-07-0104,maize,1990,1.474
IN-07-0104,maize,1991,1.184
IN-07-0104,maize,1992,1.311
IN-07-0104,maize,1993,1.526
IN-07-0104,maize,1994,1.247
IN-07-0104,maize,1995,1.649
IN-07-0104,maize,1996,1.385
IN-07-0104,maize,1997,1.491
IN-07-0104,maize,1998,1.814
IN-07-0104,maize,1999,1.526
IN-07-0104,maize,2000,0.992
IN-07-0104,maize,2001,1.984
IN-07-0104,maize,2002,2.083
IN-07-0104,maize,2003,1.952
IN-07-0104,maize,2004,1.83
IN-07-0104,maize,2005,1.467
IN-07-0104,maize,2006,1.625
IN-07-0104,maize,2007,1.734
IN-07-0104,maize,2008,2.033
IN-07-0104,maize,2009,2.504
IN-07-0104,maize,2010,1.984
IN-07-0104,maize,2011,2.033
IN-07-0104,maize,2012,1.581
IN-07-0104,maize,2013,2.642
IN-07-0105,maize,1990,1.547
IN-07-0105,maize,1991,1.585
IN-07-0105,maize,1992,1.471
IN-07-0105,maize,1993,1.695
IN-07-0105,maize,1994,1.328
IN-07-0105,maize,1995,1.78
IN-07-0105,maize,1996,1.493
IN-07-0105,maize,1997,1.495
IN-07-0105,maize,1998,1.789
IN-07-0105,maize,1999,1.598
IN-07-0105,maize,2000,1.058
IN-07-0105,maize,2001,1.871
IN-07-0105,maize,2002,1.453
IN-07-0105,maize,2003,2.333
IN-07-0105,maize,2004,2.015
IN-07-0105,maize,2005,2.357
IN-07-0105,maize,2006,1.221
IN-07-0105,maize,2007,2.397
IN-07-0105,maize,2008,2.294
IN-07-0105,maize,2009,2.334
IN-07-0105,maize,2010,3.075
IN-07-0105,maize,2011,2.048
IN-07-0105,maize,2012,1.867
IN-07-0105,maize,2013,2.39
IN-07-0106,maize,1990,1.176
IN-07-0106,maize,1991,1.345
IN-07-0106,maize,1992,1.164
IN-07-0106,maize,1993,1.75
IN-07-0106,maize,1994,1.343
IN-07-0106,maize,1995,1.524
IN-07-0106,maize,1996,1.299
IN-07-0106,maize,1997,1.497
IN-07-0106,maize,1998,1.748
IN-07-0106,maize,1999,1.493
IN-07-0106,maize,2000,0.904
IN-07-0106,maize,2001,1.19
IN-07-0106,maize,2002,1.749
IN-07-0106,maize,2003,0.331
IN-07-0106,maize,2004,1.388
IN-07-0106,maize,2005,1.678
IN-07-0106,maize,2006,1.481
IN-07-0106,maize,2007,1.654
IN-07-0106,maize,2008,2.109
IN-07-0106,maize,2009,2.625
IN-07-0106,maize,2010,2.186
IN-07-0106,maize,2011,2.06
IN-07-0106,maize,2012,1.577
IN-07-0106,maize,2013,2.21
IN-07-0107,maize,1990,1.727
IN-07-0107,maize,1991,1.587
IN-07-0107,maize,1992,1.66
IN-07-0107,maize,1993,1.833
IN-07-0107,maize,1994,2.136
IN-07-0107,maize,1995,1.921
IN-07-0107,maize,1996,1.628
IN-07-0107,maize,1997,1.5
IN-07-0107,maize,1998,1.709
IN-07-0107,maize,1999,1.574
IN-07-0107,maize,2000,1.293
IN-07-0107,maize,2001,2.136
IN-07-0107,maize,2002,1.782
IN-07-0107,maize,2003,1.975
IN-07-0107,maize,2004,2.631
IN-07-0107,maize,2005,1.977
IN-07-0107,maize,2006,1.762
IN-07-0107,maize,2007,2.658
IN-07-0107,maize,2008,2.365
IN-07-0107,maize,2009,2.556
IN-07-0107,maize,2010,2.216
IN-07-0107,maize,2011,2.877
IN-07-0107,maize,2012,1.9
IN-07-0107,maize,2013,2.545
IN-07-0108,maize,1990,0.789
IN-07-0108,maize,1991,1.05
IN-07-0108,maize,1992,2.054
IN-07-0108,maize,1993,1.819
IN-07-0108,maize,1994,1.684
IN-07-0108,maize,1995,1.583
IN-07-0108,maize,1996,1.627
IN-07-0108,maize,1997,1.495
IN-07-0108,maize,1998,2.127
IN-07-0108,maize,1999,1.704
IN-07-0108,maize,2000,0.956
IN-07-0108,maize,2001,1.969
IN-07-0108,maize,2002,2.477
IN-07-0108,maize,2003,2.109
IN-07-0108,maize,2004,1.88
IN-07-0108,maize,2005,2.671
IN-07-0108,maize,2006,2.749
IN-07-0108,maize,2007,2.812
IN-07-0108,maize,2008,2.756
IN-07-0108,maize,2009,2.657
IN-07-0108,maize,2010,3.65
IN-07-0108,maize,2011,3.239
IN-07-0108,maize,2012,1.968
IN-07-0108,maize,2013,4.466
IN-07-0109,maize,1990,0.818
IN-07-0109,maize,1991,1.0
IN-07-0109,maize,1992,1.731
IN-07-0109,maize,1993,1.206
IN-07-0109,maize,1994,1.346
IN-07-0109,maize,1995,1.0
IN-07-0109,maize,1996,1.0
IN-07-0109,maize,1997,1.467
IN-07-0109,maize,1998,1.7
IN-07-0109,maize,1999,1.176
IN-07-0109,maize,2000,1.043
IN-07-0109,maize,2001,1.762
IN-07-0109,maize,2002,0.905
IN-07-0109,maize,2003,0.714
IN-07-0109,maize,2004,1.043
IN-07-0109,maize,2005,1.15
IN-07-0109,maize,2006,1.329
IN-07-0109,maize,2007,1.476
IN-07-0109,maize,2008,1.177
IN-07-0109,maize,2009,0.887
IN-07-0109,maize,2010,1.234
IN-07-0109,maize,2011,1.555
IN-07-0109,maize,2012,0.907
IN-07-0109,maize,2013,1.345
IN-07-0110,maize,1990,0.867
IN-07-0110,maize,1991,0.591
IN-07-0110,maize,1992,1.405
IN-07-0110,maize,1993,1.426
IN-07-0110,maize,1994,0.821
IN-07-0110,maize,1995,1.283
IN-07-0110,maize,1996,1.297
IN-07-0110,maize,1997,1.489
IN-07-0110,maize,1998,1.786
IN-07-0110,maize,1999,1.677
IN-07-0110,maize,2000,1.026
IN-07-0110,maize,2001,1.357
IN-07-0110,maize,2002,0.929
IN-07-0110,maize,2003,0.64
IN-07-0110,maize,2004,1.011
IN-07-0110,maize,2005,1.676
IN-07-0110,maize,2006,1.909
IN-07-0110,maize,2007,1.459
IN-07-0110,maize,2008,1.11
IN-07-0110,maize,2009,0.943
IN-07-0110,maize,2010,1.475
IN-07-0110,maize,2011,1.153
IN-07-0110,maize,2012,0.712
IN-07-0110,maize,2013,1.263
IN-07-0111,maize,1990,1.0
IN-07-0111,maize,1991,0.875
IN-07-0111,maize,1992,2.0
IN-07-0111,maize,1993,1.235
IN-07-0111,maize,1994,1.294
IN-07-0111,maize,1995,1.556
IN-07-0111,maize,1996,1.125
IN-07-0111,maize,1997,1.5
IN-07-0111,maize,1998,1.0
IN-07-0111,maize,1999,1.0
IN-07-0111,maize,2000,1.0
IN-07-0111,maize,2001,1.833
IN-07-0111,maize,2002,0.933
IN-07-0111,maize,2003,1.25
IN-07-0111,maize,2004,1.193
IN-07-0111,maize,2005,1.5
IN-07-0111,maize,2006,1.883
IN-07-0111,maize,2007,1.862
IN-07-0111,maize,2008,1.12
IN-07-0111,maize,2009,0.85
IN-07-0111,maize,2010,1.298
IN-07-0111,maize,2011,1.636
IN-07-0111,maize,2012,1.438
IN-07-0111,maize,2013,1.0
IN-07-0112,maize,1990,1.774
IN-07-0112,maize,1991,0.343
IN-07-0112,maize,1992,1.848
IN-07-0112,maize,1993,1.063
IN-07-0112,maize,1994,1.303
IN-07-0112,maize,1995,0.784
IN-07-0112,maize,1996,0.806
IN-07-0112,maize,1997,0.633
IN-07-0112,maize,1998,0.413
IN-07-0112,maize,1999,1.22
IN-07-0112,maize,2000,0.959
IN-07-0112,maize,2001,0.598
IN-07-0112,maize,2002,0.655
IN-07-0112,maize,2003,0.342
IN-07-0112,maize,2004,0.839
IN-07-0112,maize,2005,0.876
IN-07-0112,maize,2006,1.018
IN-07-0112,maize,2007,0.939
IN-07-0112,maize,2008,0.941
IN-07-0112,maize,2009,1.086
IN-07-0112,maize,2010,0.992
IN-07-0112,maize,2011,1.242
IN-07-0112,maize,2012,0.609
IN-07-0112,maize,2013,1.224
IN-07-0113,maize,1990,0.826
IN-07-0113,maize,1991,1.208
IN-07-0113,maize,1992,2.034
IN-07-0113,maize,1993,1.759
IN-07-0113,maize,1994,1.904
IN-07-0113,maize,1995,0.94
IN-07-0113,maize,1996,1.262
IN-07-0113,maize,1997,1.496
IN-07-0113,maize,1998,1.792
IN-07-0113,maize,1999,1.526
IN-07-0113,maize,2000,0.953
IN-07-0113,maize,2001,2.449
IN-07-0113,maize,2002,2.035
IN-07-0113,maize,2003,2.129
IN-07-0113,maize,2004,1.228
IN-07-0113,maize,2005,1.677
IN-07-0113,maize,2006,1.671
IN-07-0113,maize,2007,3.159
IN-07-0113,maize,2008,2.994
IN-07-0113,maize,2009,2.184
IN-07-0113,maize,2010,2.43
IN-07-0113,maize,2011,2.756
IN-07-0113,maize,2012,1.783
IN-07-0113,maize,2013,2.617
IN-07-0114,maize,1990,0.667
IN-07-0114,maize,1991,0.667
IN-07-0114,maize,1992,0.786
IN-07-0114,maize,1993,1.333
IN-07-0114,maize,1994,0.75
IN-07-0114,maize,1995,1.0
IN-07-0114,maize,1996,1.0
IN-07-0114,maize,1997,1.5
IN-07-0114,maize,1998,1.0
IN-07-0114,maize,1999,1.4
IN-07-0114,maize,2000,1.0
IN-07-0114,maize,2001,2.5
IN-07-0114,maize,2002,2.0
IN-07-0114,maize,2003,2.0
IN-07-0114,maize,2004,1.143
IN-07-0114,maize,2005,1.714
IN-07-0114,maize,2006,1.294
IN-07-0114,maize,2007,3.097
IN-07-0114,maize,2008,2.875
IN-07-0114,maize,2009,1.828
IN-07-0114,maize,2010,2.159
IN-07-0114,maize,2011,2.754
IN-07-0114,maize,2012,2.24
IN-07-0114,maize,2013,3.0
IN-07-0115,maize,1990,0.667
IN-07-0115,maize,1991,0.714
IN-07-0115,maize,1992,2.125
IN-07-0115,maize,1993,1.625
IN-07-0115,maize,1994,1.5
IN-07-0115,maize,1995,1.0
IN-07-0115,maize,1996,1.143
IN-07-0115,maize,1997,1.429
IN-07-0115,maize,1998,1.7
IN-07-0115,maize,1999,1.25
IN-07-0115,maize,2000,1.0
IN-07-0115,maize,2001,2.364
IN-07-0115,maize,2002,1.9
IN-07-0115,maize,2003,2.167
IN-07-0115,maize,2004,1.269
IN-07-0115,maize,2005,1.626
IN-07-0115,maize,2006,1.576
IN-07-0115,maize,2007,3.078
IN-07-0115,maize,2008,2.9
IN-07-0115,maize,2009,2.221
IN-07-0115,maize,2010,2.481
IN-07-0115,maize,2011,2.783
IN-07-0115,maize,2012,1.708
IN-07-0115,maize,2013,2.538
IN-07-0116,maize,1990,1.0
IN-07-0116,maize,1991,1.0
IN-07-0116,maize,1992,1.5
IN-07-0116,maize,1993,1.333
IN-07-0116,maize,1994,0.6
IN-07-0116,maize,1995,1.0
IN-07-0116,maize,1996,1.5
IN-07-0116,maize,1997,1.5
IN-07-0116,maize,1998,2.0
IN-07-0116,maize,1999,1.0
IN-07-0116,maize,2000,1.0
IN-07-0116,maize,2001,2.5
IN-07-0116,maize,2002,2.0
IN-07-0116,maize,2003,2.0
IN-07-0116,maize,2004,1.0
IN-07-0116,maize,2005,2.0
IN-07-0116,maize,2006,1.75
IN-07-0116,maize,2007,3.0
IN-07-0116,maize,2008,3.0
IN-07-0116,maize,2009,2.218
IN-07-0116,maize,2010,1.825
IN-07-0116,maize,2011,2.78
IN-07-0116,maize,2012,0.889
IN-07-0116,maize,2013,1.25
IN-07-0117,maize,1993,1.5
IN-07-0117,maize,1994,1.5
IN-07-0117,maize,1996,1.0
IN-07-0117,maize,1998,1.5
IN-07-0117,maize,1999,1.0
IN-07-0117,maize,2000,1.0
IN-07-0117,maize,2001,2.0
IN-07-0117,maize,2006,2.0
IN-07-0117,maize,2007,3.0
IN-07-0117,maize,2008,2.0
IN-07-0117,maize,2011,0.7
IN-07-0117,maize,2013,1.0
IN-07-0118,maize,1994,1.0
IN-07-0118,maize,1995,1.0
IN-07-0118,maize,1996,1.0
IN-07-0118,maize,1997,1.333
IN-07-0118,maize,1999,0.867
IN-07-0118,maize,2000,1.0
IN-07-0118,maize,2001,2.5
IN-07-0118,maize,2002,2.0
IN-07-0118,maize,2003,2.25
IN-07-0118,maize,2004,1.25
IN-07-0118,maize,2005,1.75
IN-07-0118,maize,2006,1.75
IN-07-0118,maize,2007,3.0
IN-07-0118,maize,2008,1.5
IN-07-0118,maize,2009,2.25
IN-07-0118,maize,2010,2.5
IN-07-0118,maize,2011,0.7
IN-07-0118,maize,2012,2.0
IN-07-0118,maize,2013,1.8
IN-07-0119,maize,1990,0.75
IN-07-0119,maize,1993,0.8
IN-07-0119,maize,1994,0.667
IN-07-0119,maize,1995,1.0
IN-07-0119,maize,1996,1.0
IN-07-0119,maize,1997,1.5
IN-07-0119,maize,1998,2.0
IN-07-0119,maize,2002,2.0
IN-07-0119,maize,2003,2.0
IN-07-0119,maize,2004,1.0
IN-07-0119,maize,2005,2.0
IN-07-0119,maize,2006,2.0
IN-07-0119,maize,2007,3.0
IN-07-0120,maize,1990,0.75
IN-07-0120,maize,1993,0.75
IN-07-0120,maize,1994,1.083
IN-07-0120,maize,1995,1.5
IN-07-0120,maize,1996,1.0
IN-07-0120,maize,1997,1.333
IN-07-0120,maize,1998,2.0
IN-07-0120,maize,1999,1.6
IN-07-0120,maize,2000,1.0
IN-07-0120,maize,2009,1.7
IN-07-0120,maize,2012,1.0
IN-03-0121,maize,1990,1.375
IN-03-0121,maize,1991,1.0
IN-03-0121,maize,1992,1.333
IN-03-0121,maize,1993,1.0
IN-03-0121,maize,1994,1.0
IN-03-0121,maize,1995,1.0
IN-03-0121,maize,1996,1.4
IN-03-0121,maize,1997,1.588
IN-03-0121,maize,1998,1.765
IN-03-0121,maize,1999,1.357
IN-03-0121,maize,2000,1.0
IN-03-0121,maize,2001,2.0
IN-03-0121,maize,2002,2.0
IN-03-0121,maize,2003,1.714
IN-03-0121,maize,2005,1.5
IN-03-0121,maize,2009,1.0
IN-03-0121,maize,2010,2.0
IN-03-0122,maize,1990,1.375
IN-03-0122,maize,1991,0.968
IN-03-0122,maize,1992,1.536
IN-03-0122,maize,1993,1.0
IN-03-0122,maize,1994,0.667
IN-03-0122,maize,1995,1.0
IN-03-0122,maize,1996,1.538
IN-03-0122,maize,1997,1.677
IN-03-0122,maize,1998,1.696
IN-03-0122,maize,1999,1.36
IN-03-0122,maize,2000,0.769
IN-03-0122,maize,2001,1.933
IN-03-0122,maize,2002,1.714
IN-03-0122,maize,2003,1.682
IN-03-0122,maize,2004,1.0
IN-03-0122,maize,2005,1.545
IN-03-0122,maize,2006,0.316
IN-03-0122,maize,2007,1.333
IN-03-0122,maize,2008,1.5
IN-03-0122,maize,2009,1.0
IN-03-0122,maize,2010,1.708
IN-03-0122,maize,2012,2.0
IN-03-0123,maize,1990,1.554
IN-03-0123,maize,1991,1.507
IN-03-0123,maize,1992,1.526
IN-03-0123,maize,1993,0.7
IN-03-0123,maize,1994,1.077
IN-03-0123,maize,1995,1.591
IN-03-0123,maize,1996,2.919
IN-03-0123,maize,1997,2.485
IN-03-0123,maize,1998,2.102
IN-03-0123,maize,1999,1.65
IN-03-0123,maize,2000,1.507
IN-03-0123,maize,2001,3.098
IN-03-0123,maize,2002,0.833
IN-03-0123,maize,2003,2.734
IN-03-0123,maize,2004,2.0
IN-03-0123,maize,2005,2.356
IN-03-0123,maize,2006,1.551
IN-03-0123,maize,2007,2.698
IN-03-0123,maize,2008,1.766
IN-03-0123,maize,2009,1.585
IN-03-0123,maize,2010,2.184
IN-03-0123,maize,2011,2.154
IN-03-0123,maize,2012,1.725
IN-03-0123,maize,2013,1.843
IN-03-0124,maize,1990,1.403
IN-03-0124,maize,1991,0.935
IN-03-0124,maize,1992,1.541
IN-03-0124,maize,1993,1.017
IN-03-0124,maize,1994,1.0
IN-03-0124,maize,1995,1.02
IN-03-0124,maize,1996,1.553
IN-03-0124,maize,1997,1.684
IN-03-0124,maize,1998,1.712
IN-03-0124,maize,1999,1.328
IN-03-0124,maize,2000,0.733
IN-03-0124,maize,2001,1.933
IN-03-0124,maize,2002,1.6
IN-03-0124,maize,2003,1.765
IN-03-0124,maize,2004,0.909
IN-03-0124,maize,2005,1.586
IN-03-0124,maize,2006,0.3
IN-03-0124,maize,2007,1.389
IN-03-0124,maize,2008,1.429
IN-03-0124,maize,2009,0.958
IN-03-0124,maize,2010,1.738
IN-03-0124,maize,2011,1.737
IN-03-0124,maize,2012,1.75
IN-03-0124,maize,2013,1.462
IN-03-0125,maize,1990,1.374
IN-03-0125,maize,1991,0.814
IN-03-0125,maize,1992,1.455
IN-03-0125,maize,1993,1.109
IN-03-0125,maize,1994,1.054
IN-03-0125,maize,1995,0.93
IN-03-0125,maize,1996,1.531
IN-03-0125,maize,1997,1.685
IN-03-0125,maize,1998,1.675
IN-03-0125,maize,1999,1.172
IN-03-0125,maize,2000,0.955
IN-03-0125,maize,2001,1.819
IN-03-0125,maize,2002,1.593
IN-03-0125,maize,2003,1.633
IN-03-0125,maize,2004,1.119
IN-03-0125,maize,2005,1.438
IN-03-0125,maize,2006,0.951
IN-03-0125,maize,2007,1.766
IN-03-0125,maize,2008,2.086
IN-03-0125,maize,2009,1.465
IN-03-0125,maize,2010,2.022
IN-03-0125,maize,2011,2.058
IN-03-0125,maize,2012,2.173
IN-03-0125,maize,2013,2.092
IN-03-0126,maize,1990,1.4
IN-03-0126,maize,1991,1.0
IN-03-0126,maize,1992,1.5
IN-03-0126,maize,1993,1.0
IN-03-0126,maize,1994,1.0
IN-03-0126,maize,1995,1.0
IN-03-0126,maize,1996,1.559
IN-03-0126,maize,1997,1.611
IN-03-0126,maize,1998,1.696
IN-03-0126,maize,1999,1.313
IN-03-0126,maize,2003,2.0
IN-03-0126,maize,2004,1.0
IN-03-0126,maize,2005,1.556
IN-03-0126,maize,2006,0.286
IN-03-0126,maize,2007,1.393
IN-03-0126,maize,2008,1.462
IN-03-0126,maize,2009,0.949
IN-03-0126,maize,2010,1.625
IN-03-0126,maize,2011,1.364
IN-03-0126,maize,2012,1.667
IN-03-0126,maize,2013,1.318
IN-03-0127,maize,1996,1.0
IN-03-0127,maize,2013,1.75
IN-03-0128,maize,1990,1.667
IN-03-0128,maize,1991,0.75
IN-03-0128,maize,1992,1.667
IN-03-0128,maize,1993,1.0
IN-03-0128,maize,1995,1.0
IN-03-0128,maize,1996,1.5
IN-03-0128,maize,1997,1.75
IN-03-0128,maize,1998,1.75
IN-03-0128,maize,1999,1.2
IN-03-0128,maize,2000,0.75
IN-03-0128,maize,2001,2.0
IN-03-0128,maize,2002,1.8
IN-03-0128,maize,2004,1.0
IN-03-0128,maize,2005,1.6
IN-03-0128,maize,2006,0.32
IN-03-0128,maize,2007,1.364
IN-03-0128,maize,2008,1.419
IN-03-0128,maize,2009,0.97
IN-03-0128,maize,2010,1.63
IN-03-0128,maize,2011,1.37
IN-03-0128,maize,2012,1.639
IN-03-0128,maize,2013,1.267
IN-03-0129,maize,1995,1.0
IN-03-0129,maize,1996,1.529
IN-03-0129,maize,1999,1.0
IN-03-0129,maize,2000,0.789
IN-03-0129,maize,2001,1.828
IN-03-0129,maize,2003,1.733
IN-03-0129,maize,2004,0.897
IN-03-0129,maize,2005,1.625
IN-03-0129,maize,2006,0.308
IN-03-0129,maize,2007,1.389
IN-03-0129,maize,2008,1.421
IN-03-0129,maize,2009,0.909
IN-03-0129,maize,2010,1.635
IN-03-0130,maize,1990,1.25
IN-03-0130,maize,1991,1.0
IN-03-0130,maize,1992,1.375
IN-03-0130,maize,1993,1.0
IN-03-0130,maize,1994,1.0
IN-03-0130,maize,1995,1.0
IN-03-0130,maize,1996,1.5
IN-03-0130,maize,1997,1.625
IN-03-0130,maize,1998,1.556
IN-03-0130,maize,1999,1.375
IN-03-0130,maize,2000,1.0
IN-03-0130,maize,2001,1.75
IN-03-0130,maize,2002,2.0
IN-03-0130,maize,2010,1.927
IN-03-0131,maize,1990,1.396
IN-03-0131,maize,1991,0.889
IN-03-0131,maize,1992,1.638
IN-03-0131,maize,1993,1.056
IN-03-0131,maize,1994,1.389
IN-03-0131,maize,1995,1.963
IN-03-0131,maize,1996,1.329
IN-03-0131,maize,1997,2.097
IN-03-0131,maize,1998,1.913
IN-03-0131,maize,1999,2.02
IN-03-0131,maize,2000,1.557
IN-03-0131,maize,2001,2.011
IN-03-0131,maize,2002,2.782
IN-03-0131,maize,2003,1.722
IN-03-0131,maize,2004,1.366
IN-03-0131,maize,2005,1.581
IN-03-0131,maize,2006,0.668
IN-03-0131,maize,2007,1.124
IN-03-0131,maize,2008,1.485
IN-03-0131,maize,2009,0.894
IN-03-0131,maize,2010,1.851
IN-03-0131,maize,2011,1.727
IN-03-0131,maize,2012,1.81
IN-03-0131,maize,2013,1.526
IN-03-0132,maize,2012,1.706
IN-03-0132,maize,2013,1.267
IN-03-0133,maize,1990,1.667
IN-03-0133,maize,1991,1.0
IN-03-0133,maize,1992,1.5
IN-03-0133,maize,1993,1.0
IN-03-0133,maize,1995,1.333
IN-03-0133,maize,1997,1.75
IN-03-0133,maize,1998,1.5
IN-03-0133,maize,1999,1.25
IN-03-0133,maize,2000,0.667
IN-03-0133,maize,2001,2.0
IN-03-0133,maize,2002,1.667
IN-03-0133,maize,2003,1.75
IN-03-0133,maize,2004,1.0
IN-03-0133,maize,2005,1.5
IN-03-0133,maize,2006,1.0
IN-03-0133,maize,2007,1.0
IN-03-0133,maize,2008,1.455
IN-03-0133,maize,2009,1.0
IN-03-0133,maize,2010,1.905
IN-03-0133,maize,2011,1.2
IN-03-0133,maize,2012,1.5
IN-03-0133,maize,2013,1.273
IN-03-0134,maize,1990,1.258
IN-03-0134,maize,1991,0.739
IN-03-0134,maize,1992,1.536
IN-03-0134,maize,1993,0.993
IN-03-0134,maize,1994,0.713
IN-03-0134,maize,1995,0.871
IN-03-0134,maize,1996,1.35
IN-03-0134,maize,1997,1.448
IN-03-0134,maize,1998,1.501
IN-03-0134,maize,1999,1.154
IN-03-0134,maize,2000,0.573
IN-03-0134,maize,2001,1.85
IN-03-0134,maize,2002,1.887
IN-03-0134,maize,2003,1.349
IN-03-0134,maize,2004,0.67
IN-03-0134,maize,2005,1.311
IN-03-0134,maize,2006,0.178
IN-03-0134,maize,2007,1.304
IN-03-0134,maize,2008,1.176
IN-03-0134,maize,2009,0.756
IN-03-0134,maize,2010,1.403
IN-03-0134,maize,2011,1.324
IN-03-0134,maize,2012,1.624
IN-03-0134,maize,2013,1.785
IN-03-0135,maize,1991,1.0
IN-03-0135,maize,1996,2.0
IN-03-0135,maize,2002,1.714
IN-03-0135,maize,2003,1.722
IN-03-0135,maize,2004,1.0
IN-03-0135,maize,2005,1.75
IN-03-0135,maize,2006,0.25
IN-03-0135,maize,2007,1.429
IN-03-0135,maize,2008,1.375
IN-03-0135,maize,2009,1.0
IN-03-0135,maize,2010,1.617
IN-03-0135,maize,2012,1.5
IN-03-0135,maize,2013,1.515
IN-03-0136,maize,1990,1.682
IN-03-0136,maize,1991,1.283
IN-03-0136,maize,1992,1.553
IN-03-0136,maize,1993,1.041
IN-03-0136,maize,1994,1.058
IN-03-0136,maize,1995,1.142
IN-03-0136,maize,1996,1.872
IN-03-0136,maize,1997,1.874
IN-03-0136,maize,1998,1.97
IN-03-0136,maize,1999,1.495
IN-03-0136,maize,2000,0.869
IN-03-0136,maize,2001,2.132
IN-03-0136,maize,2002,1.259
IN-03-0136,maize,2003,1.823
IN-03-0136,maize,2004,1.127
IN-03-0136,maize,2005,1.96
IN-03-0136,maize,2006,0.589
IN-03-0136,maize,2007,1.448
IN-03-0136,maize,2008,1.45
IN-03-0136,maize,2009,1.027
IN-03-0136,maize,2010,1.641
IN-03-0136,maize,2011,1.525
IN-03-0136,maize,2012,1.46
IN-03-0136,maize,2013,1.234
IN-03-0137,maize,1990,1.429
IN-03-0137,maize,1991,0.947
IN-03-0137,maize,1992,1.529
IN-03-0137,maize,1993,1.0
IN-03-0137,maize,1994,0.5
IN-03-0137,maize,1995,1.056
IN-03-0137,maize,1996,1.5
IN-03-0137,maize,1997,1.652
IN-03-0137,maize,1998,1.737
IN-03-0137,maize,1999,1.333
IN-03-0137,maize,2000,0.778
IN-03-0137,maize,2001,1.944
IN-03-0137,maize,2002,1.684
IN-03-0137,maize,2003,1.737
IN-03-0137,maize,2004,0.95
IN-03-0137,maize,2005,1.55
IN-03-0137,maize,2006,0.3
IN-03-0137,maize,2007,1.371
IN-03-0137,maize,2008,1.364
IN-03-0137,maize,2009,1.0
IN-03-0137,maize,2010,1.833
IN-03-0137,maize,2011,1.033
IN-03-0137,maize,2012,1.714
IN-03-0137,maize,2013,1.605
IN-03-0138,maize,2004,1.0
IN-03-0138,maize,2013,1.833
IN-10-0139,maize,1990,0.74
IN-10-0139,maize,1991,0.343
IN-10-0139,maize,1992,0.676
IN-10-0139,maize,1993,0.217
IN-10-0139,maize,1994,0.685
IN-10-0139,maize,1995,0.651
IN-10-0139,maize,1996,0.618
IN-10-0139,maize,1997,0.759
IN-10-0139,maize,1998,0.163
IN-10-0139,maize,1999,0.708
IN-10-0139,maize,2000,0.649
IN-10-0139,maize,2001,1.023
IN-10-0139,maize,2002,0.064
IN-10-0139,maize,2003,1.643
IN-10-0139,maize,2004,0.644
IN-10-0139,maize,2005,0.147
IN-10-0139,maize,2006,1.027
IN-10-0139,maize,2007,1.067
IN-10-0139,maize,2008,0.719
IN-10-0139,maize,2009,0.06
IN-10-0139,maize,2010,1.506
IN-10-0139,maize,2011,1.186
IN-10-0139,maize,2012,0.839
IN-10-0139,maize,2013,1.104
IN-10-0140,maize,1990,1.502
IN-10-0140,maize,1991,0.762
IN-10-0140,maize,1992,0.969
IN-10-0140,maize,1993,0.579
IN-10-0140,maize,1994,0.697
IN-10-0140,maize,1995,0.313
IN-10-0140,maize,1996,1.328
IN-10-0140,maize,1997,1.259
IN-10-0140,maize,1998,1.565
IN-10-0140,maize,1999,1.503
IN-10-0140,maize,2000,1.975
IN-10-0140,maize,2001,1.529
IN-10-0140,maize,2002,0.193
IN-10-0140,maize,2003,1.384
IN-10-0140,maize,2004,1.181
IN-10-0140,maize,2005,1.183
IN-10-0140,maize,2006,1.645
IN-10-0140,maize,2007,1.693
IN-10-0140,maize,2008,1.784
IN-10-0140,maize,2009,0.879
IN-10-0140,maize,2010,1.802
IN-10-0140,maize,2011,1.883
IN-10-0140,maize,2012,1.596
IN-10-0140,maize,2013,1.592
IN-10-0141,maize,1990,1.116
IN-10-0141,maize,1991,0.629
IN-10-0141,maize,1992,1.077
IN-10-0141,maize,1993,0.856
IN-10-0141,maize,1994,0.579
IN-10-0141,maize,1995,0.878
IN-10-0141,maize,1996,0.896
IN-10-0141,maize,1997,0.961
IN-10-0141,maize,1998,1.603
IN-10-0141,maize,1999,1.115
IN-10-0141,maize,2000,0.913
IN-10-0141,maize,2001,1.34
IN-10-0141,maize,2002,1.363
IN-10-0141,maize,2003,2.018
IN-10-0141,maize,2004,0.828
IN-10-0141,maize,2005,1.356
IN-10-0141,maize,2006,0.368
IN-10-0141,maize,2007,1.457
IN-10-0141,maize,2008,2.127
IN-10-0141,maize,2009,0.971
IN-10-0141,maize,2010,2.066
IN-10-0141,maize,2011,1.036
IN-10-0141,maize,2012,1.382
IN-10-0141,maize,2013,1.327
IN-10-0142,maize,1990,1.5
IN-10-0142,maize,1991,0.5
IN-10-0142,maize,1992,1.0
IN-10-0142,maize,1993,1.111
IN-10-0142,maize,1994,1.0
IN-10-0142,maize,1995,0.75
IN-10-0142,maize,1996,1.0
IN-10-0142,maize,1997,1.0
IN-10-0142,maize,1999,1.0
IN-10-0142,maize,2000,1.0
IN-10-0142,maize,2001,1.455
IN-10-0142,maize,2002,1.0
IN-10-0142,maize,2003,2.0
IN-10-0142,maize,2004,1.333
IN-10-0142,maize,2005,1.0
IN-10-0142,maize,2006,1.0
IN-10-0142,maize,2007,1.5
IN-10-0142,maize,2008,2.0
IN-10-0142,maize,2013,1.333
IN-10-0143,maize,1990,1.167
IN-10-0143,maize,1991,0.8
IN-10-0143,maize,1992,1.167
IN-10-0143,maize,1993,1.125
IN-10-0143,maize,1994,0.8
IN-10-0143,maize,1995,0.857
IN-10-0143,maize,1996,1.167
IN-10-0143,maize,1997,1.273
IN-10-0143,maize,1998,1.111
IN-10-0143,maize,1999,1.0
IN-10-0143,maize,2000,1.0
IN-10-0143,maize,2001,1.429
IN-10-0143,maize,2002,0.857
IN-10-0143,maize,2003,2.0
IN-10-0143,maize,2004,1.0
IN-10-0143,maize,2005,1.0
IN-10-0143,maize,2006,1.0
IN-10-0143,maize,2007,2.0
IN-10-0143,maize,2008,1.0
IN-10-0143,maize,2009,1.0
IN-10-0143,maize,2010,1.0
IN-10-0143,maize,2011,1.0
IN-10-0143,maize,2012,1.0
IN-10-0143,maize,2013,1.0
IN-10-0144,maize,1990,1.358
IN-10-0144,maize,1991,0.922
IN-10-0144,maize,1992,0.926
IN-10-0144,maize,1993,0.748
IN-10-0144,maize,1994,0.749
IN-10-0144,maize,1995,0.822
IN-10-0144,maize,1996,1.19
IN-10-0144,maize,1997,1.298
IN-10-0144,maize,1998,0.527
IN-10-0144,maize,1999,0.843
IN-10-0144,maize,2000,1.068
IN-10-0144,maize,2001,1.562
IN-10-0144,maize,2002,0.266
IN-10-0144,maize,2003,1.66
IN-10-0144,maize,2004,1.643
IN-10-0144,maize,2005,0.659
IN-10-0144,maize,2006,1.653
IN-10-0144,maize,2007,1.852
IN-10-0144,maize,2008,1.563
IN-10-0144,maize,2009,0.69
IN-10-0144,maize,2010,1.836
IN-10-0144,maize,2011,1.688
IN-10-0144,maize,2012,1.817
IN-10-0144,maize,2013,1.721
IN-10-0145,maize,1990,2.0
IN-10-0145,maize,1994,1.0
IN-10-0145,maize,2008,1.0
IN-10-0145,maize,2009,1.0
IN-10-0145,maize,2010,1.0
IN-10-0145,maize,2011,1.0
IN-10-0145,maize,2012,2.0
IN-10-0146,maize,1990,1.595
IN-10-0146,maize,1991,0.79
IN-10-0146,maize,1992,1.058
IN-10-0146,maize,1993,1.817
IN-10-0146,maize,1994,0.718
IN-10-0146,maize,1995,1.018
IN-10-0146,maize,1996,0.981
IN-10-0146,maize,1997,1.243
IN-10-0146,maize,1998,0.795
IN-10-0146,maize,1999,0.982
IN-10-0146,maize,2000,1.272
IN-10-0146,maize,2001,1.497
IN-10-0146,maize,2002,0.433
IN-10-0146,maize,2003,1.815
IN-10-0146,maize,2004,1.093
IN-10-0146,maize,2005,1.303
IN-10-0146,maize,2006,1.835
IN-10-0146,maize,2007,2.304
IN-10-0146,maize,2008,2.25
IN-10-0146,maize,2009,1.305
IN-10-0146,maize,2010,2.518
IN-10-0146,maize,2011,2.68
IN-10-0146,maize,2012,3.046
IN-10-0146,maize,2013,1.999
IN-10-0147,maize,1990,1.762
IN-10-0147,maize,1991,1.348
IN-10-0147,maize,1992,1.629
IN-10-0147,maize,1993,1.999
IN-10-0147,maize,1994,0.924
IN-10-0147,maize,1995,1.322
IN-10-0147,maize,1996,1.373
IN-10-0147,maize,1997,1.588
IN-10-0147,maize,1998,1.381
IN-10-0147,maize,1999,1.388
IN-10-0147,maize,2000,1.248
IN-10-0147,maize,2001,1.806
IN-10-0147,maize,2002,1.189
IN-10-0147,maize,2003,2.141
IN-10-0147,maize,2004,1.761
IN-10-0147,maize,2005,1.739
IN-10-0147,maize,2006,1.68
IN-10-0147,maize,2007,2.447
IN-10-0147,maize,2008,2.802
IN-10-0147,maize,2009,1.747
IN-10-0147,maize,2010,2.209
IN-10-0147,maize,2011,2.453
IN-10-0147,maize,2012,2.604
IN-10-0147,maize,2013,2.253
IN-10-0149,maize,1990,1.175
IN-10-0149,maize,1991,0.342
IN-10-0149,maize,1992,0.951
IN-10-0149,maize,1993,0.276
IN-10-0149,maize,1994,0.59
IN-10-0149,maize,1995,0.813
IN-10-0149,maize,1996,0.939
IN-10-0149,maize,1997,0.974
IN-10-0149,maize,1998,1.293
IN-10-0149,maize,1999,1.165
IN-10-0149,maize,2000,0.56
IN-10-0149,maize,2001,0.819
IN-10-0149,maize,2002,0.851
IN-10-0149,maize,2003,1.179
IN-10-0149,maize,2004,0.739
IN-10-0149,maize,2005,0.377
IN-10-0149,maize,2006,0.148
IN-10-0149,maize,2007,1.682
IN-10-0149,maize,2008,0.878
IN-10-0149,maize,2009,0.633
IN-10-0149,maize,2010,1.465
IN-10-0149,maize,2011,0.483
IN-10-0149,maize,2012,0.867
IN-10-0149,maize,2013,0.938
IN-10-0150,maize,1990,1.32
IN-10-0150,maize,1991,0.8
IN-10-0150,maize,1992,1.0
IN-10-0150,maize,1993,2.2
IN-10-0150,maize,1994,0.818
IN-10-0150,maize,1995,0.9
IN-10-0150,maize,1996,1.091
IN-10-0150,maize,1997,1.273
IN-10-0150,maize,1998,1.167
IN-10-0150,maize,1999,1.0
IN-10-0150,maize,2000,1.0
IN-10-0150,maize,2001,1.571
IN-10-0150,maize,2002,1.0
IN-10-0150,maize,2003,2.0
IN-10-0150,maize,2004,1.0
IN-10-0150,maize,2005,1.0
IN-10-0150,maize,2006,1.0
IN-10-0150,maize,2007,2.0
IN-10-0150,maize,2008,1.833
IN-10-0150,maize,2010,2.0
IN-10-0150,maize,2011,1.0
IN-10-0150,maize,2012,2.0
IN-10-0150,maize,2013,1.5
IN-10-0151,maize,1990,0.568
IN-10-0151,maize,1991,0.352
IN-10-0151,maize,1992,1.007
IN-10-0151,maize,1993,0.698
IN-10-0151,maize,1994,0.46
IN-10-0151,maize,1995,0.476
IN-10-0151,maize,1996,1.122
IN-10-0151,maize,1997,1.34
IN-10-0151,maize,1998,0.671
IN-10-0151,maize,1999,0.597
IN-10-0151,maize,2000,0.974
IN-10-0151,maize,2001,1.146
IN-10-0151,maize,2002,0.519
IN-10-0151,maize,2003,1.629
IN-10-0151,maize,2004,0.66
IN-10-0151,maize,2005,0.593
IN-10-0151,maize,2006,1.273
IN-10-0151,maize,2007,0.865
IN-10-0151,maize,2008,1.214
IN-10-0151,maize,2009,0.454
IN-10-0151,maize,2010,1.793
IN-10-0151,maize,2011,1.228
IN-10-0151,maize,2012,0.93
IN-10-0151,maize,2013,1.366
IN-10-0152,maize,1994,0.75
IN-10-0152,maize,2000,1.0
IN-10-0152,maize,2001,1.0
IN-10-0153,maize,1990,1.345
IN-10-0153,maize,1991,0.828
IN-10-0153,maize,1992,1.063
IN-10-0153,maize,1993,1.118
IN-10-0153,maize,1994,0.842
IN-10-0153,maize,1995,0.913
IN-10-0153,maize,1996,1.107
IN-10-0153,maize,1997,1.267
IN-10-0153,maize,1998,1.105
IN-10-0153,maize,1999,1.0
IN-10-0153,maize,2000,1.071
IN-10-0153,maize,2001,1.455
IN-10-0153,maize,2002,1.0
IN-10-0153,maize,2003,1.667
IN-10-0153,maize,2004,1.2
IN-10-0153,maize,2005,1.118
IN-10-0153,maize,2006,1.0
IN-10-0153,maize,2007,1.909
IN-10-0153,maize,2008,1.8
IN-10-0153,maize,2009,1.5
IN-10-0153,maize,2010,2.0
IN-10-0153,maize,2011,1.5
IN-10-0153,maize,2012,2.0
IN-10-0153,maize,2013,1.714
IN-10-0154,maize,1990,1.172
IN-10-0154,maize,1991,0.576
IN-10-0154,maize,1992,1.31
IN-10-0154,maize,1993,1.973
IN-10-0154,maize,1994,0.87
IN-10-0154,maize,1995,1.032
IN-10-0154,maize,1996,0.716
IN-10-0154,maize,1997,1.068
IN-10-0154,maize,1998,1.045
IN-10-0154,maize,1999,1.587
IN-10-0154,maize,2000,1.21
IN-10-0154,maize,2001,1.255
IN-10-0154,maize,2002,1.249
IN-10-0154,maize,2003,2.284
IN-10-0154,maize,2004,1.221
IN-10-0154,maize,2005,1.818
IN-10-0154,maize,2006,1.442
IN-10-0154,maize,2007,2.55
IN-10-0154,maize,2008,2.139
IN-10-0154,maize,2009,1.992
IN-10-0154,maize,2010,2.09
IN-10-0154,maize,2011,1.716
IN-10-0154,maize,2012,2.165
IN-10-0154,maize,2013,0.922
IN-10-0156,maize,1990,1.333
IN-10-0156,maize,1991,1.0
IN-10-0156,maize,1992,1.0
IN-10-0156,maize,1993,1.0
IN-10-0156,maize,1994,0.5
IN-10-0156,maize,1995,1.0
IN-10-0156,maize,1996,1.5
IN-10-0156,maize,1997,1.0
IN-10-0156,maize,1998,1.0
IN-10-0156,maize,1999,1.0
IN-10-0156,maize,2000,1.0
IN-10-0156,maize,2001,1.0
IN-10-0156,maize,2002,1.0
IN-10-0156,maize,2003,1.0
IN-10-0156,maize,2005,1.0
IN-10-0156,maize,2006,1.0
IN-10-0156,maize,2007,2.0
IN-10-0156,maize,2008,1.75
IN-10-0156,maize,2009,1.0
IN-10-0156,maize,2011,1.0
IN-10-0156,maize,2012,1.0
IN-10-0157,maize,1990,0.45
IN-10-0157,maize,1991,0.696
IN-10-0157,maize,1992,1.098
IN-10-0157,maize,1993,1.471
IN-10-0157,maize,1994,0.834
IN-10-0157,maize,1995,1.089
IN-10-0157,maize,1996,0.709
IN-10-0157,maize,1997,1.027
IN-10-0157,maize,1998,1.324
IN-10-0157,maize,1999,2.173
IN-10-0157,maize,2000,2.097
IN-10-0157,maize,2001,1.53
IN-10-0157,maize,2002,1.012
IN-10-0157,maize,2003,1.633
IN-10-0157,maize,2004,1.077
IN-10-0157,maize,2005,1.111
IN-10-0157,maize,2006,0.985
IN-10-0157,maize,2007,1.418
IN-10-0157,maize,2008,1.445
IN-10-0157,maize,2009,1.33
IN-10-0157,maize,2010,2.023
IN-10-0157,maize,2011,1.22
IN-10-0157,maize,2012,2.036
IN-10-0157,maize,2013,0.721
IN-10-0158,maize,1990,1.324
IN-10-0158,maize,1991,0.811
IN-10-0158,maize,1992,1.043
IN-10-0158,maize,1993,1.1
IN-10-0158,maize,1994,0.837
IN-10-0158,maize,1995,0.907
IN-10-0158,maize,1996,1.1
IN-10-0158,maize,1997,1.258
IN-10-0158,maize,1998,1.074
IN-10-0158,maize,1999,1.041
IN-10-0158,maize,2000,1.059
IN-10-0158,maize,2001,1.436
IN-10-0158,maize,2002,0.895
IN-10-0158,maize,2003,1.882
IN-10-0158,maize,2004,1.227
IN-10-0158,maize,2005,1.125
IN-10-0158,maize,2006,1.077
IN-10-0158,maize,2007,1.909
IN-10-0158,maize,2008,1.714
IN-10-0158,maize,2009,0.6
IN-10-0158,maize,2010,1.8
IN-10-0158,maize,2011,1.6
IN-10-0158,maize,2012,1.667
IN-10-0158,maize,2013,2.0
IN-10-0159,maize,1990,1.765
IN-10-0159,maize,1991,0.793
IN-10-0159,maize,1992,0.629
IN-10-0159,maize,1993,0.551
IN-10-0159,maize,1994,0.536
IN-10-0159,maize,1995,0.707
IN-10-0159,maize,1996,0.669
IN-10-0159,maize,1997,0.837
IN-10-0159,maize,1998,0.327
IN-10-0159,maize,1999,0.31
IN-10-0159,maize,2000,0.49
IN-10-0159,maize,2001,1.117
IN-10-0159,maize,2002,0.128
IN-10-0159,maize,2003,1.807
IN-10-0159,maize,2004,0.876
IN-10-0159,maize,2005,0.363
IN-10-0159,maize,2006,0.472
IN-10-0159,maize,2007,0.992
IN-10-0159,maize,2008,0.55
IN-10-0159,maize,2009,0.369
IN-10-0159,maize,2010,1.654
IN-10-0159,maize,2011,1.524
IN-10-0159,maize,2012,1.408
IN-10-0159,maize,2013,0.938
IN-10-0160,maize,1990,1.325
IN-10-0160,maize,1991,0.808
IN-10-0160,maize,1992,1.06
IN-10-0160,maize,1993,1.108
IN-10-0160,maize,1994,0.828
IN-10-0160,maize,1995,0.902
IN-10-0160,maize,1996,1.11
IN-10-0160,maize,1997,1.26
IN-10-0160,maize,1998,1.083
IN-10-0160,maize,1999,1.037
IN-10-0160,maize,2000,1.045
IN-10-0160,maize,2001,1.446
IN-10-0160,maize,2002,0.886
IN-10-0160,maize,2003,1.871
IN-10-0160,maize,2004,1.207
IN-10-0160,maize,2005,1.095
IN-10-0160,maize,2006,1.085
IN-10-0160,maize,2007,1.867
IN-10-0160,maize,2008,1.747
IN-10-0160,maize,2009,1.041
IN-10-0160,maize,2010,1.778
IN-10-0160,maize,2011,1.581
IN-10-0160,maize,2012,1.877
IN-10-0160,maize,2013,1.592
IN-10-0161,maize,1990,1.3
IN-10-0161,maize,1991,0.75
IN-10-0161,maize,1992,1.143
IN-10-0161,maize,1993,1.1
IN-10-0161,maize,1994,0.75
IN-10-0161,maize,1995,1.0
IN-10-0161,maize,1996,1.167
IN-10-0161,maize,1997,1.214
IN-10-0161,maize,1998,1.091
IN-10-0161,maize,1999,1.0
IN-10-0161,maize,2000,1.0
IN-10-0161,maize,2001,1.444
IN-10-0161,maize,2002,0.667
IN-10-0161,maize,2003,1.5
IN-10-0161,maize,2004,2.0
IN-10-0161,maize,2005,1.0
IN-10-0161,maize,2006,1.0
IN-10-0161,maize,2007,1.0
IN-10-0161,maize,2008,1.333
IN-10-0161,maize,2009,1.0
IN-10-0161,maize,2010,3.0
IN-10-0161,maize,2011,1.5
IN-10-0161,maize,2013,1.0
IN-10-0162,maize,1990,1.236
IN-10-0162,maize,1991,1.138
IN-10-0162,maize,1992,0.582
IN-10-0162,maize,1993,0.15
IN-10-0162,maize,1994,0.472
IN-10-0162,maize,1995,0.896
IN-10-0162,maize,1996,1.036
IN-10-0162,maize,1997,1.007
IN-10-0162,maize,1998,0.791
IN-10-0162,maize,1999,0.232
IN-10-0162,maize,2000,1.31
IN-10-0162,maize,2001,1.831
IN-10-0162,maize,2002,0.296
IN-10-0162,maize,2003,1.821
IN-10-0162,maize,2004,0.459
IN-10-0162,maize,2005,1.225
IN-10-0162,maize,2006,0.578
IN-10-0162,maize,2007,1.849
IN-10-0162,maize,2008,1.282
IN-10-0162,maize,2009,0.369
IN-10-0162,maize,2010,1.786
IN-10-0162,maize,2011,1.307
IN-10-0162,maize,2012,1.54
IN-10-0162,maize,2013,1.028
IN-10-0163,maize,1990,0.816
IN-10-0163,maize,1991,0.31
IN-10-0163,maize,1992,0.546
IN-10-0163,maize,1993,0.6
IN-10-0163,maize,1994,0.591
IN-10-0163,maize,1995,0.388
IN-10-0163,maize,1996,0.563
IN-10-0163,maize,1997,0.875
IN-10-0163,maize,1998,0.937
IN-10-0163,maize,1999,0.618
IN-10-0163,maize,2000,1.004
IN-10-0163,maize,2001,1.064
IN-10-0163,maize,2002,0.07
IN-10-0163,maize,2003,1.381
IN-10-0163,maize,2004,0.946
IN-10-0163,maize,2005,0.794
IN-10-0163,maize,2006,0.829
IN-10-0163,maize,2007,0.904
IN-10-0163,maize,2008,1.07
IN-10-0163,maize,2009,0.258
IN-10-0163,maize,2010,1.227
IN-10-0163,maize,2011,0.997
IN-10-0163,maize,2012,1.148
IN-10-0163,maize,2013,0.99
IN-10-0164,maize,1990,0.964
IN-10-0164,maize,1991,0.779
IN-10-0164,maize,1992,0.992
IN-10-0164,maize,1993,0.616
IN-10-0164,maize,1994,0.729
IN-10-0164,maize,1995,0.736
IN-10-0164,maize,1996,1.389
IN-10-0164,maize,1997,1.568
IN-10-0164,maize,1998,1.417
IN-10-0164,maize,1999,1.025
IN-10-0164,maize,2000,1.124
IN-10-0164,maize,2001,1.478
IN-10-0164,maize,2002,1.337
IN-10-0164,maize,2003,1.998
IN-10-0164,maize,2004,1.214
IN-10-0164,maize,2005,1.125
IN-10-0164,maize,2006,0.795
IN-10-0164,maize,2007,1.841
IN-10-0164,maize,2008,1.376
IN-10-0164,maize,2009,0.939
IN-10-0164,maize,2010,1.368
IN-10-0164,maize,2011,1.591
IN-10-0164,maize,2012,1.873
IN-10-0164,maize,2013,1.705
IN-09-0165,maize,1990,1.235
IN-09-0165,maize,1991,1.588
IN-09-0165,maize,1992,1.556
IN-09-0165,maize,1993,1.154
IN-09-0165,maize,1994,1.563
IN-09-0165,maize,1995,1.563
IN-09-0165,maize,1996,1.533
IN-09-0165,maize,1997,1.643
IN-09-0165,maize,1998,2.214
IN-09-0165,maize,1999,2.077
IN-09-0165,maize,2000,2.154
IN-09-0165,maize,2001,2.077
IN-09-0165,maize,2002,1.5
IN-09-0165,maize,2003,2.385
IN-09-0165,maize,2004,2.333
IN-09-0165,maize,2005,2.308
IN-09-0165,maize,2006,2.231
IN-09-0165,maize,2007,2.154
IN-09-0165,maize,2008,2.308
IN-09-0165,maize,2009,2.273
IN-09-0165,maize,2010,2.727
IN-09-0165,maize,2011,2.907
IN-09-0165,maize,2012,2.5
IN-09-0165,maize,2013,2.0
IN-09-0166,maize,1990,2.3
IN-09-0166,maize,1991,2.3
IN-09-0166,maize,1992,2.5
IN-09-0166,maize,1993,2.182
IN-09-0166,maize,1994,2.444
IN-09-0166,maize,1995,2.0
IN-09-0166,maize,1996,2.571
IN-09-0166,maize,1997,1.857
IN-09-0166,maize,1998,2.333
IN-09-0166,maize,1999,2.4
IN-09-0166,maize,2000,2.2
IN-09-0166,maize,2001,2.5
IN-09-0166,maize,2002,1.75
IN-09-0166,maize,2003,3.25
IN-09-0166,maize,2004,3.25
IN-09-0166,maize,2006,4.5
IN-09-0166,maize,2007,5.0
IN-09-0166,maize,2008,4.0
IN-09-0166,maize,2009,4.0
IN-09-0166,maize,2010,3.0
IN-09-0166,maize,2011,6.0
IN-09-0166,maize,2013,4.0
IN-09-0167,maize,1990,1.6
IN-09-0167,maize,1991,2.6
IN-09-0167,maize,1992,2.167
IN-09-0167,maize,1993,2.5
IN-09-0167,maize,1994,2.2
IN-09-0167,maize,1995,2.2
IN-09-0167,maize,1996,2.5
IN-09-0167,maize,1997,2.5
IN-09-0167,maize,1998,2.75
IN-09-0167,maize,1999,3.25
IN-09-0167,maize,2000,3.0
IN-09-0167,maize,2001,3.5
IN-09-0167,maize,2002,2.667
IN-09-0167,maize,2003,3.667
IN-09-0167,maize,2004,3.0
IN-09-0167,maize,2005,3.0
IN-09-0167,maize,2006,3.667
IN-09-0167,maize,2007,4.333
IN-09-0167,maize,2008,3.667
IN-09-0167,maize,2009,4.667
IN-09-0167,maize,2010,5.5
IN-09-0167,maize,2011,6.0
IN-09-0167,maize,2012,4.5
IN-09-0167,maize,2013,6.667
IN-09-0168,maize,1990,1.9
IN-09-0168,maize,1991,2.148
IN-09-0168,maize,1992,2.862
IN-09-0168,maize,1993,2.6
IN-09-0168,maize,1994,2.346
IN-09-0168,maize,1995,2.08
IN-09-0168,maize,1996,2.733
IN-09-0168,maize,1997,2.467
IN-09-0168,maize,1998,2.615
IN-09-0168,maize,1999,2.933
IN-09-0168,maize,2000,3.25
IN-09-0168,maize,2001,3.0
IN-09-0168,maize,2002,2.769
IN-09-0168,maize,2003,3.429
IN-09-0168,maize,2004,2.923
IN-09-0168,maize,2005,3.333
IN-09-0168,maize,2006,3.167
IN-09-0168,maize,2007,3.769
IN-09-0168,maize,2008,3.417
IN-09-0168,maize,2009,3.5
IN-09-0168,maize,2010,3.889
IN-09-0168,maize,2011,4.625
IN-09-0168,maize,2012,3.375
IN-09-0168,maize,2013,3.25
IN-09-0169,maize,1990,1.959
IN-09-0169,maize,1991,1.958
IN-09-0169,maize,1992,2.408
IN-09-0169,maize,1993,1.762
IN-09-0169,maize,1994,1.824
IN-09-0169,maize,1995,1.75
IN-09-0169,maize,1996,2.081
IN-09-0169,maize,1997,2.215
IN-09-0169,maize,1998,2.238
IN-09-0169,maize,1999,2.682
IN-09-0169,maize,2000,2.773
IN-09-0169,maize,2001,2.908
IN-09-0169,maize,2002,2.065
IN-09-0169,maize,2003,2.833
IN-09-0169,maize,2004,2.896
IN-09-0169,maize,2005,2.606
IN-09-0169,maize,2006,3.309
IN-09-0169,maize,2007,3.286
IN-09-0169,maize,2008,3.457
IN-09-0169,maize,2009,3.582
IN-09-0169,maize,2010,3.825
IN-09-0169,maize,2011,4.085
IN-09-0169,maize,2012,4.066
IN-09-0169,maize,2013,3.931
IN-09-0170,maize,1990,1.355
IN-09-0170,maize,1991,1.8
IN-09-0170,maize,1992,1.935
IN-09-0170,maize,1993,1.533
IN-09-0170,maize,1994,1.483
IN-09-0170,maize,1995,1.652
IN-09-0170,maize,1996,1.926
IN-09-0170,maize,1997,1.75
IN-09-0170,maize,1998,2.0
IN-09-0170,maize,1999,2.429
IN-09-0170,maize,2000,2.5
IN-09-0170,maize,2001,2.276
IN-09-0170,maize,2002,1.76
IN-09-0170,maize,2003,2.826
IN-09-0170,maize,2004,2.4
IN-09-0170,maize,2005,2.81
IN-09-0170,maize,2006,2.542
IN-09-0170,maize,2007,3.273
IN-09-0170,maize,2008,3.348
IN-09-0170,maize,2009,3.048
IN-09-0170,maize,2010,3.304
IN-09-0170,maize,2011,3.81
IN-09-0170,maize,2012,3.217
IN-09-0170,maize,2013,3.217
IN-09-0171,maize,1990,1.875
IN-09-0171,maize,1991,1.833
IN-09-0171,maize,1992,2.667
IN-09-0171,maize,1993,2.0
IN-09-0171,maize,1994,2.25
IN-09-0171,maize,1995,2.0
IN-09-0171,maize,1996,2.667
IN-09-0171,maize,1997,2.5
IN-09-0171,maize,1998,3.333
IN-09-0171,maize,1999,3.0
IN-09-0171,maize,2000,4.25
IN-09-0171,maize,2001,3.4
IN-09-0171,maize,2002,3.25
IN-09-0171,maize,2003,3.333
IN-09-0171,maize,2004,3.0
IN-09-0171,maize,2005,3.5
IN-09-0171,maize,2006,4.5
IN-09-0171,maize,2007,3.5
IN-09-0171,maize,2008,3.5
IN-09-0171,maize,2009,4.5
IN-09-0171,maize,2010,3.5
IN-09-0171,maize,2011,3.0
IN-09-0171,maize,2012,2.667
IN-09-0171,maize,2013,7.0
IN-09-0172,maize,1990,2.0
IN-09-0172,maize,1991,3.0
IN-09-0172,maize,1992,1.0
IN-09-0172,maize,1993,2.0
IN-09-0172,maize,1996,2.0
IN-09-0174,maize,1990,2.0
IN-09-0174,maize,2000,3.0
IN-09-0174,maize,2002,2.0
IN-09-0174,maize,2003,3.0
IN-09-0175,maize,1990,2.0
IN-09-0175,maize,1991,1.5
IN-09-0175,maize,1992,2.0
IN-09-0175,maize,1993,2.0
IN-09-0175,maize,1994,2.0
IN-09-0175,maize,1995,2.0
IN-09-0175,maize,1996,2.0
IN-09-0175,maize,1997,2.0
IN-09-0175,maize,1999,2.0
IN-09-0175,maize,2000,3.0
IN-09-0175,maize,2001,2.5
IN-09-0175,maize,2002,2.0
IN-09-0175,maize,2003,3.0
IN-09-0175,maize,2004,3.0
IN-09-0175,maize,2005,2.0
IN-09-0175,maize,2006,3.0
IN-09-0175,maize,2008,3.0
IN-09-0175,maize,2013,4.0
IN-09-0176,maize,1990,1.556
IN-09-0176,maize,1991,2.111
IN-09-0176,maize,1992,2.0
IN-09-0176,maize,1993,1.5
IN-09-0176,maize,1994,1.571
IN-09-0176,maize,1995,1.625
IN-09-0176,maize,1996,2.091
IN-09-0176,maize,1997,1.875
IN-09-0176,maize,1998,2.333
IN-09-0176,maize,1999,3.0
IN-09-0176,maize,2000,2.8
IN-09-0176,maize,2001,2.2
IN-09-0176,maize,2002,1.5
IN-09-0176,maize,2003,2.8
IN-09-0176,maize,2004,2.25
IN-09-0176,maize,2005,2.5
IN-09-0176,maize,2006,2.5
IN-09-0176,maize,2007,3.5
IN-09-0176,maize,2008,3.0
IN-09-0176,maize,2009,3.0
IN-09-0176,maize,2010,3.0
IN-09-0176,maize,2011,6.0
IN-09-0176,maize,2012,4.0
IN-09-0176,maize,2013,5.0
IN-04-0177,maize,1990,1.429
IN-04-0177,maize,1991,2.0
IN-04-0177,maize,1992,4.0
IN-04-0177,maize,1993,1.0
IN-04-0181,maize,1997,1.667
IN-04-0181,maize,2003,4.0
IN-04-0183,maize,1990,1.514
IN-04-0183,maize,1991,1.768
IN-04-0183,maize,1992,1.803
IN-04-0183,maize,1993,1.229
IN-04-0183,maize,1994,1.6
IN-04-0183,maize,1995,1.806
IN-04-0183,maize,1996,2.105
IN-04-0183,maize,1997,2.0
IN-04-0183,maize,1998,1.833
IN-04-0183,maize,1999,2.5
IN-04-0183,maize,2000,2.273
IN-04-0183,maize,2001,2.895
IN-04-0183,maize,2002,1.852
IN-04-0183,maize,2003,2.333
IN-04-0183,maize,2004,2.326
IN-04-0183,maize,2005,2.222
IN-04-0183,maize,2006,2.8
IN-04-0183,maize,2007,3.077
IN-04-0183,maize,2008,2.667
IN-04-0183,maize,2009,2.5
IN-04-0183,maize,2010,1.333
IN-04-0183,maize,2011,2.727
IN-04-0183,maize,2012,3.75
IN-04-0183,maize,2013,4.0
IN-04-0184,maize,1990,1.5
IN-04-0184,maize,1991,1.765
IN-04-0184,maize,1992,1.5
IN-04-0184,maize,1993,1.176
IN-04-0184,maize,1994,1.25
IN-04-0184,maize,1995,3.077
IN-04-0184,maize,1996,1.667
IN-04-0184,maize,1997,2.222
IN-04-0184,maize,1998,2.0
IN-04-0184,maize,1999,3.333
IN-04-0184,maize,2000,4.0
IN-04-0184,maize,2001,6.0
IN-04-0184,maize,2007,3.333
IN-04-0184,maize,2008,2.0
IN-04-0184,maize,2009,6.667
IN-04-0185,maize,1990,2.353
IN-04-0185,maize,1991,0.667
IN-04-0185,maize,1992,1.429
IN-04-0185,maize,1993,1.667
IN-04-0185,maize,1994,1.818
IN-04-0185,maize,1995,2.0
IN-04-0185,maize,1996,2.0
IN-04-0185,maize,1997,2.222
IN-04-0185,maize,1998,2.0
IN-04-0185,maize,2008,2.0
IN-04-0185,maize,2011,3.75
IN-04-0186,maize,1999,2.5
IN-04-0186,maize,2008,2.0
IN-04-0186,maize,2009,2.0
IN-04-0186,maize,2010,2.857
IN-04-0186,maize,2011,4.286
IN-04-0186,maize,2012,3.571
IN-04-0186,maize,2013,3.0
IN-04-0187,maize,1990,1.111
IN-04-0187,maize,1991,1.667
IN-04-0187,maize,1992,3.333
IN-04-0187,maize,1993,1.667
IN-04-0187,maize,2003,4.0
IN-04-0187,maize,2004,4.348
IN-04-0187,maize,2005,3.333
IN-04-0187,maize,2007,4.286
IN-04-0187,maize,2008,3.0
IN-04-0187,maize,2009,1.667
IN-04-0187,maize,2010,4.0
IN-04-0187,maize,2011,5.0
IN-04-0187,maize,2012,6.0
IN-04-0188,maize,1990,0.526
IN-04-0188,maize,1991,0.769
IN-04-0188,maize,1992,0.833
IN-04-0188,maize,1993,0.909
IN-04-0188,maize,1994,2.222
IN-04-0188,maize,1995,1.818
IN-04-0188,maize,1996,2.222
IN-04-0188,maize,1997,3.333
IN-04-0188,maize,1999,2.5
IN-04-0188,maize,2000,2.5
IN-04-0188,maize,2001,3.333
IN-04-0188,maize,2002,2.5
IN-12-0189,maize,1990,0.962
IN-12-0189,maize,1991,1.155
IN-12-0189,maize,1992,1.305
IN-12-0189,maize,1993,1.408
IN-12-0189,maize,1994,1.573
IN-12-0189,maize,1995,1.351
IN-12-0189,maize,1996,1.559
IN-12-0189,maize,1997,1.316
IN-12-0189,maize,1998,1.52
IN-12-0189,maize,1999,1.517
IN-12-0189,maize,2000,1.51
IN-12-0189,maize,2001,1.717
IN-12-0189,maize,2002,1.119
IN-12-0189,maize,2003,1.152
IN-12-0189,maize,2004,1.475
IN-12-0189,maize,2005,1.476
IN-12-0189,maize,2006,1.414
IN-12-0189,maize,2007,1.268
IN-12-0189,maize,2008,1.405
IN-12-0189,maize,2009,1.014
IN-12-0189,maize,2010,1.321
IN-12-0189,maize,2011,1.415
IN-12-0189,maize,2012,1.32
IN-12-0189,maize,2013,1.189
IN-12-0190,maize,1990,1.331
IN-12-0190,maize,1991,1.098
IN-12-0190,maize,1992,1.742
IN-12-0190,maize,1993,1.349
IN-12-0190,maize,1994,1.576
IN-12-0190,maize,1995,1.351
IN-12-0190,maize,1996,1.552
IN-12-0190,maize,1997,1.743
IN-12-0190,maize,1998,1.494
IN-12-0190,maize,1999,1.567
IN-12-0190,maize,2000,1.667
IN-12-0190,maize,2001,1.714
IN-12-0190,maize,2002,1.117
IN-12-0190,maize,2003,1.19
IN-12-0190,maize,2004,1.5
IN-12-0190,maize,2005,1.444
IN-12-0190,maize,2006,1.409
IN-12-0190,maize,2007,1.231
IN-12-0190,maize,2008,1.385
IN-12-0190,maize,2009,1.063
IN-12-0190,maize,2010,1.385
IN-12-0190,maize,2011,1.333
IN-12-0190,maize,2012,1.5
IN-12-0190,maize,2013,1.5
IN-12-0191,maize,1990,1.626
IN-12-0191,maize,1991,1.352
IN-12-0191,maize,1992,1.866
IN-12-0191,maize,1993,1.635
IN-12-0191,maize,1994,1.203
IN-12-0191,maize,1995,1.557
IN-12-0191,maize,1996,1.318
IN-12-0191,maize,1997,1.51
IN-12-0191,maize,1998,1.634
IN-12-0191,maize,1999,1.252
IN-12-0191,maize,2000,1.991
IN-12-0191,maize,2001,2.247
IN-12-0191,maize,2002,1.278
IN-12-0191,maize,2003,1.366
IN-12-0191,maize,2004,1.115
IN-12-0191,maize,2005,1.542
IN-12-0191,maize,2006,1.729
IN-12-0191,maize,2007,1.83
IN-12-0191,maize,2008,1.922
IN-12-0191,maize,2009,1.78
IN-12-0191,maize,2010,1.771
IN-12-0191,maize,2011,2.0
IN-12-0191,maize,2012,2.222
IN-12-0191,maize,2013,2.382
IN-12-0192,maize,1990,2.112
IN-12-0192,maize,1991,1.387
IN-12-0192,maize,1992,2.0
IN-12-0192,maize,1993,1.689
IN-12-0192,maize,1994,1.601
IN-12-0192,maize,1995,1.843
IN-12-0192,maize,1996,2.057
IN-12-0192,maize,1997,2.142
IN-12-0192,maize,1998,1.252
IN-12-0192,maize,1999,1.874
IN-12-0192,maize,2000,2.204
IN-12-0192,maize,2001,2.43
IN-12-0192,maize,2002,1.276
IN-12-0192,maize,2003,1.943
IN-12-0192,maize,2004,1.701
IN-12-0192,maize,2005,1.595
IN-12-0192,maize,2006,1.867
IN-12-0192,maize,2007,1.957
IN-12-0192,maize,2008,2.159
IN-12-0192,maize,2009,1.894
IN-12-0192,maize,2010,2.074
IN-12-0192,maize,2011,2.205
IN-12-0192,maize,2012,2.359
IN-12-0192,maize,2013,2.392
IN-12-0193,maize,1990,1.616
IN-12-0193,maize,1991,1.171
IN-12-0193,maize,1992,1.943
IN-12-0193,maize,1993,1.949
IN-12-0193,maize,1994,1.141
IN-12-0193,maize,1995,1.407
IN-12-0193,maize,1996,1.862
IN-12-0193,maize,1997,1.793
IN-12-0193,maize,1998,1.123
IN-12-0193,maize,1999,1.455
IN-12-0193,maize,2000,1.812
IN-12-0193,maize,2001,2.116
IN-12-0193,maize,2002,0.85
IN-12-0193,maize,2003,1.786
IN-12-0193,maize,2004,1.607
IN-12-0193,maize,2005,1.67
IN-12-0193,maize,2006,1.943
IN-12-0193,maize,2007,1.955
IN-12-0193,maize,2008,2.703
IN-12-0193,maize,2009,1.888
IN-12-0193,maize,2010,2.478
IN-12-0193,maize,2011,2.429
IN-12-0193,maize,2012,2.333
IN-12-0193,maize,2013,2.5
IN-12-0194,maize,1990,1.647
IN-12-0194,maize,1991,0.865
IN-12-0194,maize,1992,1.958
IN-12-0194,maize,1993,1.468
IN-12-0194,maize,1994,1.328
IN-12-0194,maize,1995,1.452
IN-12-0194,maize,1996,1.735
IN-12-0194,maize,1997,2.189
IN-12-0194,maize,1998,1.126
IN-12-0194,maize,1999,1.932
IN-12-0194,maize,2000,2.132
IN-12-0194,maize,2001,2.03
IN-12-0194,maize,2002,0.968
IN-12-0194,maize,2003,1.647
IN-12-0194,maize,2004,1.904
IN-12-0194,maize,2005,1.548
IN-12-0194,maize,2006,1.594
IN-12-0194,maize,2007,1.949
IN-12-0194,maize,2008,2.529
IN-12-0194,maize,2009,1.82
IN-12-0194,maize,2010,2.002
IN-12-0194,maize,2011,2.008
IN-12-0194,maize,2012,2.657
IN-12-0194,maize,2013,3.113
IN-12-0195,maize,1990,1.106
IN-12-0195,maize,1991,0.4
IN-12-0195,maize,1992,1.087
IN-12-0195,maize,1993,0.44
IN-12-0195,maize,1994,1.466
IN-12-0195,maize,1995,1.065
IN-12-0195,maize,1996,1.345
IN-12-0195,maize,1997,2.289
IN-12-0195,maize,1998,0.839
IN-12-0195,maize,1999,1.424
IN-12-0195,maize,2000,2.0
IN-12-0195,maize,2001,1.933
IN-12-0195,maize,2002,1.186
IN-12-0195,maize,2003,1.7
IN-12-0195,maize,2004,1.9
IN-12-0195,maize,2005,1.714
IN-12-0195,maize,2006,1.85
IN-12-0195,maize,2007,1.857
IN-12-0195,maize,2008,2.313
IN-12-0195,maize,2009,1.667
IN-12-0195,maize,2010,2.227
IN-12-0195,maize,2011,2.474
IN-12-0195,maize,2012,2.647
IN-12-0195,maize,2013,2.6
IN-12-0196,maize,1990,1.783
IN-12-0196,maize,1991,1.0
IN-12-0196,maize,1992,1.65
IN-12-0196,maize,1993,1.158
IN-12-0196,maize,1994,1.474
IN-12-0196,maize,1995,1.059
IN-12-0196,maize,1996,1.313
IN-12-0196,maize,1997,2.176
IN-12-0196,maize,1998,0.85
IN-12-0196,maize,1999,1.409
IN-12-0196,maize,2000,1.955
IN-12-0196,maize,2001,1.9
IN-12-0196,maize,2002,1.182
IN-12-0196,maize,2003,1.667
IN-12-0196,maize,2004,1.938
IN-12-0196,maize,2005,1.571
IN-12-0196,maize,2006,1.667
IN-12-0196,maize,2007,1.667
IN-12-0196,maize,2008,1.833
IN-12-0196,maize,2009,1.583
IN-12-0196,maize,2010,1.692
IN-12-0196,maize,2011,1.895
IN-12-0196,maize,2012,2.25
IN-12-0196,maize,2013,2.667
IN-12-0197,maize,1990,1.797
IN-12-0197,maize,1991,1.87
IN-12-0197,maize,1992,2.346
IN-12-0197,maize,1993,1.528
IN-12-0197,maize,1994,1.91
IN-12-0197,maize,1995,1.938
IN-12-0197,maize,1996,1.52
IN-12-0197,maize,1997,2.101
IN-12-0197,maize,1998,1.442
IN-12-0197,maize,1999,1.717
IN-12-0197,maize,2000,2.131
IN-12-0197,maize,2001,2.082
IN-12-0197,maize,2002,1.389
IN-12-0197,maize,2003,1.789
IN-12-0197,maize,2004,2.09
IN-12-0197,maize,2005,1.756
IN-12-0197,maize,2006,2.013
IN-12-0197,maize,2007,2.219
IN-12-0197,maize,2008,2.375
IN-12-0197,maize,2009,1.775
IN-12-0197,maize,2010,2.172
IN-12-0197,maize,2011,2.537
IN-12-0197,maize,2012,2.686
IN-12-0197,maize,2013,2.632
IN-12-0198,maize,1990,1.643
IN-12-0198,maize,1991,1.158
IN-12-0198,maize,1992,1.904
IN-12-0198,maize,1993,1.566
IN-12-0198,maize,1994,1.65
IN-12-0198,maize,1995,1.479
IN-12-0198,maize,1996,1.683
IN-12-0198,maize,1997,1.845
IN-12-0198,maize,1998,1.447
IN-12-0198,maize,1999,1.749
IN-12-0198,maize,2000,1.91
IN-12-0198,maize,2001,1.751
IN-12-0198,maize,2002,1.09
IN-12-0198,maize,2003,1.315
IN-12-0198,maize,2004,1.727
IN-12-0198,maize,2005,1.859
IN-12-0198,maize,2006,1.91
IN-12-0198,maize,2007,1.944
IN-12-0198,maize,2008,2.093
IN-12-0198,maize,2009,2.024
IN-12-0198,maize,2010,1.876
IN-12-0198,maize,2011,2.475
IN-12-0198,maize,2012,2.747
IN-12-0198,maize,2013,2.891
IN-12-0199,maize,1990,0.82
IN-12-0199,maize,1991,0.919
IN-12-0199,maize,1992,1.313
IN-12-0199,maize,1993,1.044
IN-12-0199,maize,1994,1.12
IN-12-0199,maize,1995,0.962
IN-12-0199,maize,1996,0.971
IN-12-0199,maize,1997,1.321
IN-12-0199,maize,1998,0.263
IN-12-0199,maize,1999,1.467
IN-12-0199,maize,2000,1.8
IN-12-0199,maize,2001,1.548
IN-12-0199,maize,2002,1.065
IN-12-0199,maize,2003,1.769
IN-12-0199,maize,2004,1.571
IN-12-0199,maize,2005,1.447
IN-12-0199,maize,2006,1.543
IN-12-0199,maize,2007,1.654
IN-12-0199,maize,2008,1.826
IN-12-0199,maize,2009,1.692
IN-12-0199,maize,2010,1.679
IN-12-0199,maize,2011,1.826
IN-12-0199,maize,2012,2.061
IN-12-0199,maize,2013,2.043
IN-12-0200,maize,1990,1.004
IN-12-0200,maize,1991,0.797
IN-12-0200,maize,1992,1.562
IN-12-0200,maize,1993,1.079
IN-12-0200,maize,1994,1.117
IN-12-0200,maize,1995,0.944
IN-12-0200,maize,1996,0.961
IN-12-0200,maize,1997,1.311
IN-12-0200,maize,1998,1.013
IN-12-0200,maize,1999,1.264
IN-12-0200,maize,2000,1.647
IN-12-0200,maize,2001,1.524
IN-12-0200,maize,2002,1.043
IN-12-0200,maize,2003,2.006
IN-12-0200,maize,2004,1.55
IN-12-0200,maize,2005,1.534
IN-12-0200,maize,2006,1.675
IN-12-0200,maize,2007,1.715
IN-12-0200,maize,2008,1.891
IN-12-0200,maize,2009,1.833
IN-12-0200,maize,2010,1.939
IN-12-0200,maize,2011,1.967
IN-12-0200,maize,2012,2.093
IN-12-0200,maize,2013,2.183
IN-12-0201,maize,1990,0.917
IN-12-0201,maize,1991,0.682
IN-12-0201,maize,1992,1.544
IN-12-0201,maize,1993,1.376
IN-12-0201,maize,1994,1.156
IN-12-0201,maize,1995,1.173
IN-12-0201,maize,1996,1.617
IN-12-0201,maize,1997,1.739
IN-12-0201,maize,1998,1.095
IN-12-0201,maize,1999,1.525
IN-12-0201,maize,2000,1.361
IN-12-0201,maize,2001,1.534
IN-12-0201,maize,2002,1.021
IN-12-0201,maize,2003,1.465
IN-12-0201,maize,2004,1.273
IN-12-0201,maize,2005,1.172
IN-12-0201,maize,2006,1.107
IN-12-0201,maize,2007,1.376
IN-12-0201,maize,2008,1.403
IN-12-0201,maize,2009,1.492
IN-12-0201,maize,2010,1.269
IN-12-0201,maize,2011,1.778
IN-12-0201,maize,2012,1.158
IN-12-0201,maize,2013,1.6
IN-12-0202,maize,1990,0.823
IN-12-0202,maize,1991,6.734
IN-12-0202,maize,1992,1.309
IN-12-0202,maize,1993,1.043
IN-12-0202,maize,1994,1.116
IN-12-0202,maize,1995,0.952
IN-12-0202,maize,1996,0.968
IN-12-0202,maize,1997,1.328
IN-12-0202,maize,1998,0.226
IN-12-0202,maize,1999,1.485
IN-12-0202,maize,2000,1.839
IN-12-0202,maize,2001,1.287
IN-12-0202,maize,2002,1.317
IN-12-0202,maize,2003,1.425
IN-12-0202,maize,2004,1.61
IN-12-0202,maize,2005,1.498
IN-12-0202,maize,2006,1.851
IN-12-0202,maize,2007,1.643
IN-12-0202,maize,2008,1.921
IN-12-0202,maize,2009,1.908
IN-12-0202,maize,2010,1.723
IN-12-0202,maize,2011,1.389
IN-12-0202,maize,2012,1.893
IN-12-0202,maize,2013,1.107
IN-12-0203,maize,1990,0.882
IN-12-0203,maize,1991,0.944
IN-12-0203,maize,1992,1.341
IN-12-0203,maize,1993,1.092
IN-12-0203,maize,1994,1.123
IN-12-0203,maize,1995,1.059
IN-12-0203,maize,1996,1.127
IN-12-0203,maize,1997,1.359
IN-12-0203,maize,1998,0.365
IN-12-0203,maize,1999,1.462
IN-12-0203,maize,2000,1.731
IN-12-0203,maize,2001,1.5
IN-12-0203,maize,2002,1.071
IN-12-0203,maize,2003,1.75
IN-12-0203,maize,2004,1.6
IN-12-0203,maize,2005,1.486
IN-12-0203,maize,2006,1.618
IN-12-0203,maize,2007,1.667
IN-12-0203,maize,2008,1.833
IN-12-0203,maize,2009,1.7
IN-12-0203,maize,2010,1.647
IN-12-0203,maize,2011,1.839
IN-12-0203,maize,2012,1.95
IN-12-0203,maize,2013,2.036
IN-12-0204,maize,1990,0.818
IN-12-0204,maize,1991,0.963
IN-12-0204,maize,1992,0.846
IN-12-0204,maize,1993,1.376
IN-12-0204,maize,1994,1.153
IN-12-0204,maize,1995,1.168
IN-12-0204,maize,1996,1.632
IN-12-0204,maize,1997,1.738
IN-12-0204,maize,1998,1.114
IN-12-0204,maize,1999,1.559
IN-12-0204,maize,2000,1.318
IN-12-0204,maize,2001,1.516
IN-12-0204,maize,2002,1.097
IN-12-0204,maize,2003,1.125
IN-12-0204,maize,2004,1.297
IN-12-0204,maize,2005,1.077
IN-12-0204,maize,2006,1.0
IN-12-0204,maize,2007,1.364
IN-12-0204,maize,2008,1.381
IN-12-0204,maize,2009,1.545
IN-12-0204,maize,2010,1.1
IN-12-0204,maize,2011,1.857
IN-12-0204,maize,2012,1.412
IN-12-0204,maize,2013,3.05
IN-12-0205,maize,1990,0.914
IN-12-0205,maize,1991,0.721
IN-12-0205,maize,1992,1.452
IN-12-0205,maize,1993,1.361
IN-12-0205,maize,1994,1.167
IN-12-0205,maize,1995,1.16
IN-12-0205,maize,1996,1.632
IN-12-0205,maize,1997,1.767
IN-12-0205,maize,1998,1.121
IN-12-0205,maize,1999,1.615
IN-12-0205,maize,2000,1.313
IN-12-0205,maize,2001,1.5
IN-12-0205,maize,2002,1.25
IN-12-0205,maize,2003,1.0
IN-12-0205,maize,2004,1.667
IN-12-0205,maize,2005,1.5
IN-12-0205,maize,2006,1.5
IN-12-0205,maize,2007,2.0
IN-12-0205,maize,2008,1.5
IN-12-0205,maize,2009,1.0
IN-12-0205,maize,2012,2.0
IN-12-0205,maize,2013,2.25
IN-12-0206,maize,1990,1.892
IN-12-0206,maize,1991,1.396
IN-12-0206,maize,1992,1.857
IN-12-0206,maize,1993,1.255
IN-12-0206,maize,1994,1.69
IN-12-0206,maize,1995,2.15
IN-12-0206,maize,1996,2.172
IN-12-0206,maize,1997,2.244
IN-12-0206,maize,1998,1.46
IN-12-0206,maize,1999,2.266
IN-12-0206,maize,2000,2.157
IN-12-0206,maize,2001,1.949
IN-12-0206,maize,2002,1.346
IN-12-0206,maize,2003,1.574
IN-12-0206,maize,2004,2.131
IN-12-0206,maize,2005,1.552
IN-12-0206,maize,2006,1.418
IN-12-0206,maize,2007,1.781
IN-12-0206,maize,2008,2.625
IN-12-0206,maize,2009,1.913
IN-12-0206,maize,2010,1.902
IN-12-0206,maize,2011,2.519
IN-12-0206,maize,2012,2.754
IN-12-0206,maize,2013,2.36
IN-12-0207,maize,1990,1.35
IN-12-0207,maize,1991,1.46
IN-12-0207,maize,1992,1.941
IN-12-0207,maize,1993,1.189
IN-12-0207,maize,1994,1.572
IN-12-0207,maize,1995,1.791
IN-12-0207,maize,1996,1.735
IN-12-0207,maize,1997,2.124
IN-12-0207,maize,1998,0.844
IN-12-0207,maize,1999,1.679
IN-12-0207,maize,2000,2.381
IN-12-0207,maize,2001,2.001
IN-12-0207,maize,2002,1.668
IN-12-0207,maize,2003,2.013
IN-12-0207,maize,2004,2.041
IN-12-0207,maize,2005,1.591
IN-12-0207,maize,2006,1.669
IN-12-0207,maize,2007,1.881
IN-12-0207,maize,2008,1.85
IN-12-0207,maize,2009,2.024
IN-12-0207,maize,2010,1.938
IN-12-0207,maize,2011,1.878
IN-12-0207,maize,2012,2.631
IN-12-0207,maize,2013,2.783
IN-12-0209,maize,1990,1.778
IN-12-0209,maize,1991,1.423
IN-12-0209,maize,1992,1.793
IN-12-0209,maize,1993,1.179
IN-12-0209,maize,1994,1.714
IN-12-0209,maize,1995,1.962
IN-12-0209,maize,1996,2.08
IN-12-0209,maize,1997,2.105
IN-12-0209,maize,1998,1.4
IN-12-0209,maize,1999,2.057
IN-12-0209,maize,2000,2.091
IN-12-0209,maize,2001,1.905
IN-12-0209,maize,2002,1.375
IN-12-0209,maize,2003,1.143
IN-12-0209,maize,2004,1.852
IN-12-0209,maize,2005,1.304
IN-12-0209,maize,2006,1.349
IN-12-0209,maize,2007,1.553
IN-12-0209,maize,2008,1.541
IN-12-0209,maize,2009,1.433
IN-12-0209,maize,2010,0.886
IN-12-0209,maize,2011,1.0
IN-12-0209,maize,2012,1.289
IN-12-0209,maize,2013,1.2
IN-12-0210,maize,1990,1.778
IN-12-0210,maize,1991,1.433
IN-12-0210,maize,1992,1.808
IN-12-0210,maize,1993,1.167
IN-12-0210,maize,1994,1.708
IN-12-0210,maize,1995,1.941
IN-12-0210,maize,1996,2.028
IN-12-0210,maize,1997,2.1
IN-12-0210,maize,1998,1.367
IN-12-0210,maize,1999,2.03
IN-12-0210,maize,2000,2.091
IN-12-0210,maize,2001,1.913
IN-12-0210,maize,2002,1.429
IN-12-0210,maize,2003,1.133
IN-12-0210,maize,2004,1.667
IN-12-0210,maize,2005,1.357
IN-12-0210,maize,2006,1.308
IN-12-0210,maize,2007,1.417
IN-12-0210,maize,2008,1.6
IN-12-0210,maize,2009,1.733
IN-12-0210,maize,2010,1.294
IN-12-0210,maize,2011,1.235
IN-12-0210,maize,2012,1.235
IN-12-0210,maize,2013,1.286
IN-12-0211,maize,1990,1.279
IN-12-0211,maize,1991,0.635
IN-12-0211,maize,1992,0.684
IN-12-0211,maize,1993,0.183
IN-12-0211,maize,1994,0.345
IN-12-0211,maize,1995,1.136
IN-12-0211,maize,1996,1.583
IN-12-0211,maize,1997,1.134
IN-12-0211,maize,1998,0.443
IN-12-0211,maize,1999,0.332
IN-12-0211,maize,2000,1.225
IN-12-0211,maize,2001,0.688
IN-12-0211,maize,2002,0.32
IN-12-0211,maize,2003,0.189
IN-12-0211,maize,2004,0.592
IN-12-0211,maize,2005,0.574
IN-12-0211,maize,2006,0.533
IN-12-0211,maize,2007,0.463
IN-12-0211,maize,2008,0.604
IN-12-0211,maize,2009,0.306
IN-12-0211,maize,2010,0.791
IN-12-0211,maize,2011,0.86
IN-12-0211,maize,2012,1.033
IN-12-0211,maize,2013,1.752
IN-12-0212,maize,1990,1.28
IN-12-0212,maize,1991,0.633
IN-12-0212,maize,1992,0.685
IN-12-0212,maize,1993,1.171
IN-12-0212,maize,1994,0.65
IN-12-0212,maize,1995,0.967
IN-12-0212,maize,1996,0.777
IN-12-0212,maize,1997,1.36
IN-12-0212,maize,1998,1.284
IN-12-0212,maize,1999,0.756
IN-12-0212,maize,2000,1.898
IN-12-0212,maize,2001,1.085
IN-12-0212,maize,2002,0.333
IN-12-0212,maize,2003,1.275
IN-12-0212,maize,2004,0.916
IN-12-0212,maize,2005,0.764
IN-12-0212,maize,2006,0.931
IN-12-0212,maize,2007,0.744
IN-12-0212,maize,2008,1.045
IN-12-0212,maize,2009,1.733
IN-12-0212,maize,2010,1.603
IN-12-0212,maize,2011,1.15
IN-12-0212,maize,2012,1.309
IN-12-0212,maize,2013,0.562
IN-12-0213,maize,1990,1.0
IN-12-0213,maize,1991,0.5
IN-12-0213,maize,1992,1.0
IN-12-0213,maize,1994,1.0
IN-12-0213,maize,1995,2.0
IN-12-0213,maize,1996,1.5
IN-12-0213,maize,1997,1.0
IN-12-0213,maize,1998,1.0
IN-12-0213,maize,2001,1.0
IN-12-0213,maize,2003,1.25
IN-12-0213,maize,2004,1.0
IN-12-0213,maize,2005,0.5
IN-12-0213,maize,2006,1.0
IN-12-0213,maize,2007,1.0
IN-12-0213,maize,2008,0.5
IN-12-0213,maize,2009,1.667
IN-12-0213,maize,2010,1.0
IN-12-0213,maize,2011,1.0
IN-12-0213,maize,2012,1.5
IN-12-0213,maize,2013,3.348
IN-12-0214,maize,1990,2.0
IN-12-0214,maize,1996,1.0
IN-12-0214,maize,1998,1.0
IN-12-0214,maize,2001,1.0
IN-12-0214,maize,2009,1.0
IN-12-0214,maize,2013,3.438
IN-12-0215,maize,1990,1.0
IN-12-0215,maize,1991,1.0
IN-12-0215,maize,1994,0.35
IN-12-0215,maize,1995,1.5
IN-12-0215,maize,1996,1.5
IN-12-0215,maize,1997,1.0
IN-12-0215,maize,1998,1.0
IN-12-0215,maize,2000,2.0
IN-12-0215,maize,2001,1.0
IN-12-0215,maize,2004,1.0
IN-12-0215,maize,2006,1.0
IN-12-0215,maize,2007,1.0
IN-12-0215,maize,2009,1.0
IN-12-0215,maize,2010,1.0
IN-12-0215,maize,2011,1.0
IN-12-0215,maize,2012,2.0
IN-12-0215,maize,2013,3.545
IN-12-0216,maize,1990,0.488
IN-12-0216,maize,1991,0.928
IN-12-0216,maize,1992,1.811
IN-12-0216,maize,1993,1.436
IN-12-0216,maize,1994,1.438
IN-12-0216,maize,1995,1.497
IN-12-0216,maize,1996,0.931
IN-12-0216,maize,1997,1.409
IN-12-0216,maize,1998,0.574
IN-12-0216,maize,1999,1.145
IN-12-0216,maize,2000,1.402
IN-12-0216,maize,2001,1.602
IN-12-0216,maize,2002,1.492
IN-12-0216,maize,2003,1.85
IN-12-0216,maize,2004,1.688
IN-12-0216,maize,2005,1.5
IN-12-0216,maize,2006,1.323
IN-12-0216,maize,2007,1.407
IN-12-0216,maize,2008,1.314
IN-12-0216,maize,2009,1.435
IN-12-0216,maize,2010,1.464
IN-12-0216,maize,2011,1.459
IN-12-0216,maize,2012,1.788
IN-12-0216,maize,2013,1.691
IN-12-0217,maize,1990,0.323
IN-12-0217,maize,1991,0.338
IN-12-0217,maize,1992,0.832
IN-12-0217,maize,1993,1.046
IN-12-0217,maize,1994,1.437
IN-12-0217,maize,1995,1.498
IN-12-0217,maize,1996,0.934
IN-12-0217,maize,1997,1.146
IN-12-0217,maize,1998,1.16
IN-12-0217,maize,1999,1.674
IN-12-0217,maize,2000,0.959
IN-12-0217,maize,2001,0.521
IN-12-0217,maize,2002,0.865
IN-12-0217,maize,2003,1.142
IN-12-0217,maize,2004,0.59
IN-12-0217,maize,2005,1.113
IN-12-0217,maize,2006,0.662
IN-12-0217,maize,2007,0.813
IN-12-0217,maize,2008,0.629
IN-12-0217,maize,2009,0.725
IN-12-0217,maize,2010,0.541
IN-12-0217,maize,2011,0.648
IN-12-0217,maize,2012,0.992
IN-12-0217,maize,2013,0.984
IN-12-0218,maize,1990,0.863
IN-12-0218,maize,1991,1.269
IN-12-0218,maize,1992,1.343
IN-12-0218,maize,1993,1.436
IN-12-0218,maize,1994,1.839
IN-12-0218,maize,1995,1.582
IN-12-0218,maize,1996,1.832
IN-12-0218,maize,1997,1.38
IN-12-0218,maize,1998,1.591
IN-12-0218,maize,1999,0.91
IN-12-0218,maize,2000,1.858
IN-12-0218,maize,2001,1.672
IN-12-0218,maize,2002,1.264
IN-12-0218,maize,2003,1.631
IN-12-0218,maize,2004,2.035
IN-12-0218,maize,2005,1.472
IN-12-0218,maize,2006,1.32
IN-12-0218,maize,2007,1.399
IN-12-0218,maize,2008,1.308
IN-12-0218,maize,2009,1.429
IN-12-0218,maize,2010,1.461
IN-12-0218,maize,2011,1.456
IN-12-0218,maize,2012,1.768
IN-12-0218,maize,2013,1.579
IN-12-0219,maize,1990,0.376
IN-12-0219,maize,1991,0.359
IN-12-0219,maize,1992,0.858
IN-12-0219,maize,1993,1.049
IN-12-0219,maize,1994,1.441
IN-12-0219,maize,1995,1.5
IN-12-0219,maize,1996,0.944
IN-12-0219,maize,1997,1.413
IN-12-0219,maize,1998,0.575
IN-12-0219,maize,1999,1.15
IN-12-0219,maize,2000,1.405
IN-12-0219,maize,2001,1.671
IN-12-0219,maize,2002,1.292
IN-12-0219,maize,2003,1.641
IN-12-0219,maize,2004,2.0
IN-12-0219,maize,2005,1.485
IN-12-0219,maize,2006,1.328
IN-12-0219,maize,2007,1.408
IN-12-0219,maize,2008,1.328
IN-12-0219,maize,2009,1.422
IN-12-0219,maize,2010,1.47
IN-12-0219,maize,2011,1.485
IN-12-0219,maize,2012,1.769
IN-12-0219,maize,2013,2.026
IN-12-0220,maize,1990,1.142
IN-12-0220,maize,1991,1.193
IN-12-0220,maize,1992,0.977
IN-12-0220,maize,1993,1.747
IN-12-0220,maize,1994,1.439
IN-12-0220,maize,1995,1.94
IN-12-0220,maize,1996,1.399
IN-12-0220,maize,1997,1.033
IN-12-0220,maize,1998,0.9
IN-12-0220,maize,1999,1.597
IN-12-0220,maize,2000,1.585
IN-12-0220,maize,2001,1.313
IN-12-0220,maize,2002,1.414
IN-12-0220,maize,2003,0.706
IN-12-0220,maize,2004,1.084
IN-12-0220,maize,2005,0.829
IN-12-0220,maize,2006,0.952
IN-12-0220,maize,2007,0.787
IN-12-0220,maize,2008,0.621
IN-12-0220,maize,2009,1.389
IN-12-0220,maize,2010,1.573
IN-12-0220,maize,2011,1.77
IN-12-0220,maize,2012,1.958
IN-12-0220,maize,2013,1.513
IN-12-0221,maize,1990,0.409
IN-12-0221,maize,1991,1.443
IN-12-0221,maize,1992,0.946
IN-12-0221,maize,1993,1.157
IN-12-0221,maize,1994,1.141
IN-12-0221,maize,1995,0.865
IN-12-0221,maize,1996,1.044
IN-12-0221,maize,1997,1.523
IN-12-0221,maize,1998,0.461
IN-12-0221,maize,1999,1.121
IN-12-0221,maize,2000,1.465
IN-12-0221,maize,2001,1.804
IN-12-0221,maize,2002,1.318
IN-12-0221,maize,2003,0.942
IN-12-0221,maize,2004,1.318
IN-12-0221,maize,2005,1.56
IN-12-0221,maize,2006,1.226
IN-12-0221,maize,2007,0.577
IN-12-0221,maize,2008,0.241
IN-12-0221,maize,2009,1.033
IN-12-0221,maize,2010,0.482
IN-12-0221,maize,2011,1.154
IN-12-0221,maize,2012,1.375
IN-12-0221,maize,2013,0.962
IN-12-0222,maize,1990,1.131
IN-12-0222,maize,1991,1.615
IN-12-0222,maize,1992,1.383
IN-12-0222,maize,1993,1.376
IN-12-0222,maize,1994,1.143
IN-12-0222,maize,1995,0.85
IN-12-0222,maize,1996,1.036
IN-12-0222,maize,1997,1.526
IN-12-0222,maize,1998,0.449
IN-12-0222,maize,1999,1.113
IN-12-0222,maize,2000,1.463
IN-12-0222,maize,2001,0.776
IN-12-0222,maize,2002,1.019
IN-12-0222,maize,2003,0.779
IN-12-0222,maize,2004,1.015
IN-12-0222,maize,2005,1.801
IN-12-0222,maize,2006,1.495
IN-12-0222,maize,2007,0.76
IN-12-0222,maize,2008,1.171
IN-12-0222,maize,2009,1.301
IN-12-0222,maize,2010,1.553
IN-12-0222,maize,2011,1.968
IN-12-0222,maize,2012,2.357
IN-12-0222,maize,2013,2.491
IN-12-0223,maize,1990,0.256
IN-12-0223,maize,1991,0.734
IN-12-0223,maize,1992,0.941
IN-12-0223,maize,1993,1.153
IN-12-0223,maize,1994,1.142
IN-12-0223,maize,1995,0.845
IN-12-0223,maize,1996,1.031
IN-12-0223,maize,1997,1.282
IN-12-0223,maize,1998,0.448
IN-12-0223,maize,1999,1.411
IN-12-0223,maize,2000,0.485
IN-12-0223,maize,2001,0.756
IN-12-0223,maize,2002,0.882
IN-12-0223,maize,2003,1.022
IN-12-0223,maize,2004,1.196
IN-12-0223,maize,2005,1.293
IN-12-0223,maize,2006,1.335
IN-12-0223,maize,2007,1.452
IN-12-0223,maize,2008,1.532
IN-12-0223,maize,2009,1.447
IN-12-0223,maize,2010,1.211
IN-12-0223,maize,2011,1.774
IN-12-0223,maize,2012,1.864
IN-12-0223,maize,2013,1.846
IN-12-0224,maize,1990,0.328
IN-12-0224,maize,1991,0.806
IN-12-0224,maize,1992,1.122
IN-12-0224,maize,1993,1.042
IN-12-0224,maize,1994,1.142
IN-12-0224,maize,1995,1.935
IN-12-0224,maize,1996,1.399
IN-12-0224,maize,1997,1.038
IN-12-0224,maize,1998,0.738
IN-12-0224,maize,1999,1.119
IN-12-0224,maize,2000,1.65
IN-12-0224,maize,2001,1.782
IN-12-0224,maize,2002,1.173
IN-12-0224,maize,2003,1.278
IN-12-0224,maize,2004,1.856
IN-12-0224,maize,2005,1.212
IN-12-0224,maize,2006,1.538
IN-12-0224,maize,2007,1.601
IN-12-0224,maize,2008,1.0
IN-12-0224,maize,2009,1.794
IN-12-0224,maize,2010,1.561
IN-12-0224,maize,2011,1.515
IN-12-0224,maize,2012,1.791
IN-12-0224,maize,2013,1.969
IN-12-0225,maize,1990,0.813
IN-12-0225,maize,1991,0.273
IN-12-0225,maize,1992,0.945
IN-12-0225,maize,1993,1.18
IN-12-0225,maize,1994,0.775
IN-12-0225,maize,1995,1.114
IN-12-0225,maize,1996,0.898
IN-12-0225,maize,1997,0.954
IN-12-0225,maize,1998,0.319
IN-12-0225,maize,1999,0.979
IN-12-0225,maize,2000,0.847
IN-12-0225,maize,2001,0.83
IN-12-0225,maize,2002,0.53
IN-12-0225,maize,2003,0.813
IN-12-0225,maize,2004,1.246
IN-12-0225,maize,2005,0.993
IN-12-0225,maize,2006,1.097
IN-12-0225,maize,2007,1.474
IN-12-0225,maize,2008,1.209
IN-12-0225,maize,2009,1.26
IN-12-0225,maize,2010,0.98
IN-12-0225,maize,2011,1.136
IN-12-0225,maize,2012,1.493
IN-12-0225,maize,2013,1.698
IN-12-0226,maize,1990,1.208
IN-12-0226,maize,1991,0.453
IN-12-0226,maize,1992,1.212
IN-12-0226,maize,1993,0.639
IN-12-0226,maize,1994,1.278
IN-12-0226,maize,1995,1.162
IN-12-0226,maize,1996,1.38
IN-12-0226,maize,1997,1.674
IN-12-0226,maize,1998,0.867
IN-12-0226,maize,1999,1.282
IN-12-0226,maize,2000,1.528
IN-12-0226,maize,2001,1.402
IN-12-0226,maize,2002,0.824
IN-12-0226,maize,2003,1.429
IN-12-0226,maize,2004,1.549
IN-12-0226,maize,2005,0.967
IN-12-0226,maize,2006,0.953
IN-12-0226,maize,2007,1.225
IN-12-0226,maize,2008,1.243
IN-12-0226,maize,2009,1.325
IN-12-0226,maize,2010,0.779
IN-12-0226,maize,2011,1.042
IN-12-0226,maize,2012,1.186
IN-12-0226,maize,2013,1.578
IN-12-0227,maize,1990,0.48
IN-12-0227,maize,1991,0.9
IN-12-0227,maize,1992,0.947
IN-12-0227,maize,1993,0.8
IN-12-0227,maize,1994,0.783
IN-12-0227,maize,1995,1.118
IN-12-0227,maize,1996,0.864
IN-12-0227,maize,1997,0.933
IN-12-0227,maize,1998,0.313
IN-12-0227,maize,1999,1.0
IN-12-0227,maize,2000,0.846
IN-12-0227,maize,2001,1.533
IN-12-0227,maize,2002,1.048
IN-12-0227,maize,2003,1.391
IN-12-0227,maize,2004,1.667
IN-12-0227,maize,2005,1.313
IN-12-0227,maize,2006,1.375
IN-12-0227,maize,2007,2.0
IN-12-0227,maize,2008,1.154
IN-12-0227,maize,2009,1.286
IN-12-0227,maize,2010,0.833
IN-12-0227,maize,2011,1.0
IN-12-0227,maize,2012,1.6
IN-12-0227,maize,2013,1.75
IN-12-0228,maize,1990,0.452
IN-12-0228,maize,1991,0.89
IN-12-0228,maize,1992,0.94
IN-12-0228,maize,1993,1.087
IN-12-0228,maize,1994,1.244
IN-12-0228,maize,1995,0.617
IN-12-0228,maize,1996,1.097
IN-12-0228,maize,1997,0.615
IN-12-0228,maize,1998,0.213
IN-12-0228,maize,1999,1.103
IN-12-0228,maize,2000,0.868
IN-12-0228,maize,2001,0.727
IN-12-0228,maize,2002,0.66
IN-12-0228,maize,2003,0.738
IN-12-0228,maize,2004,0.816
IN-12-0228,maize,2005,1.044
IN-12-0228,maize,2006,0.957
IN-12-0228,maize,2007,0.841
IN-12-0228,maize,2008,0.45
IN-12-0228,maize,2009,0.813
IN-12-0228,maize,2010,0.765
IN-12-0228,maize,2011,0.732
IN-12-0228,maize,2012,0.962
IN-12-0228,maize,2013,0.965
IN-12-0229,maize,1990,1.37
IN-12-0229,maize,1991,1.085
IN-12-0229,maize,1992,1.702
IN-12-0229,maize,1993,0.986
IN-12-0229,maize,1994,1.094
IN-12-0229,maize,1995,1.63
IN-12-0229,maize,1996,1.032
IN-12-0229,maize,1997,1.656
IN-12-0229,maize,1998,1.114
IN-12-0229,maize,1999,1.552
IN-12-0229,maize,2000,1.605
IN-12-0229,maize,2001,1.521
IN-12-0229,maize,2002,0.89
IN-12-0229,maize,2003,1.308
IN-12-0229,maize,2004,1.709
IN-12-0229,maize,2005,1.223
IN-12-0229,maize,2006,1.329
IN-12-0229,maize,2007,1.478
IN-12-0229,maize,2008,1.479
IN-12-0229,maize,2009,1.415
IN-12-0229,maize,2010,1.176
IN-12-0229,maize,2011,1.322
IN-12-0229,maize,2012,1.915
IN-12-0229,maize,2013,1.921
IN-12-0230,maize,1990,0.508
IN-12-0230,maize,1991,0.744
IN-12-0230,maize,1992,1.484
IN-12-0230,maize,1993,0.812
IN-12-0230,maize,1994,0.938
IN-12-0230,maize,1995,0.645
IN-12-0230,maize,1996,0.875
IN-12-0230,maize,1997,1.007
IN-12-0230,maize,1998,0.542
IN-12-0230,maize,1999,1.178
IN-12-0230,maize,2000,0.75
IN-12-0230,maize,2001,0.859
IN-12-0230,maize,2002,0.854
IN-12-0230,maize,2003,0.869
IN-12-0230,maize,2004,1.066
IN-12-0230,maize,2005,1.068
IN-12-0230,maize,2006,1.041
IN-12-0230,maize,2007,0.923
IN-12-0230,maize,2008,0.825
IN-12-0230,maize,2009,0.888
IN-12-0230,maize,2010,0.834
IN-12-0230,maize,2011,0.981
IN-12-0230,maize,2012,1.118
IN-12-0230,maize,2013,1.854
IN-12-0231,maize,1990,0.611
IN-12-0231,maize,1991,0.681
IN-12-0231,maize,1992,1.064
IN-12-0231,maize,1993,0.929
IN-12-0231,maize,1994,1.444
IN-12-0231,maize,1995,1.21
IN-12-0231,maize,1996,1.35
IN-12-0231,maize,1997,1.138
IN-12-0231,maize,1998,0.805
IN-12-0231,maize,1999,1.163
IN-12-0231,maize,2000,1.492
IN-12-0231,maize,2001,1.6
IN-12-0231,maize,2002,1.119
IN-12-0231,maize,2003,1.38
IN-12-0231,maize,2004,1.57
IN-12-0231,maize,2005,1.412
IN-12-0231,maize,2006,1.331
IN-12-0231,maize,2007,1.299
IN-12-0231,maize,2008,1.007
IN-12-0231,maize,2009,1.261
IN-12-0231,maize,2010,1.179
IN-12-0231,maize,2011,1.28
IN-12-0231,maize,2012,1.397
IN-12-0231,maize,2013,0.781
IN-12-0232,maize,1990,0.523
IN-12-0232,maize,1991,0.941
IN-12-0232,maize,1992,1.232
IN-12-0232,maize,1993,0.9
IN-12-0232,maize,1994,1.053
IN-12-0232,maize,1995,1.129
IN-12-0232,maize,1996,0.957
IN-12-0232,maize,1997,0.867
IN-12-0232,maize,1998,0.299
IN-12-0232,maize,1999,1.05
IN-12-0232,maize,2000,0.896
IN-12-0232,maize,2001,1.299
IN-12-0232,maize,2002,0.943
IN-12-0232,maize,2003,1.142
IN-12-0232,maize,2004,1.07
IN-12-0232,maize,2005,0.815
IN-12-0232,maize,2006,0.852
IN-12-0232,maize,2007,0.973
IN-12-0232,maize,2008,0.615
IN-12-0232,maize,2009,1.072
IN-12-0232,maize,2010,1.028
IN-12-0232,maize,2011,1.098
IN-12-0232,maize,2012,1.168
IN-12-0232,maize,2013,1.143
IN-12-0233,maize,1990,1.048
IN-12-0233,maize,1991,0.811
IN-12-0233,maize,1992,1.095
IN-12-0233,maize,1993,0.797
IN-12-0233,maize,1994,0.904
IN-12-0233,maize,1995,0.694
IN-12-0233,maize,1996,0.892
IN-12-0233,maize,1997,1.002
IN-12-0233,maize,1998,0.47
IN-12-0233,maize,1999,1.011
IN-12-0233,maize,2000,0.897
IN-12-0233,maize,2001,1.188
IN-12-0233,maize,2002,1.224
IN-12-0233,maize,2003,1.225
IN-12-0233,maize,2004,1.319
IN-12-0233,maize,2005,1.139
IN-12-0233,maize,2006,1.08
IN-12-0233,maize,2007,1.125
IN-12-0233,maize,2008,1.012
IN-12-0233,maize,2009,1.125
IN-12-0233,maize,2010,1.156
IN-12-0233,maize,2011,1.226
IN-12-0233,maize,2012,1.321
IN-12-0233,maize,2013,1.4
IN-12-0234,maize,1990,0.891
IN-12-0234,maize,1991,0.81
IN-12-0234,maize,1992,0.91
IN-12-0234,maize,1993,0.777
IN-12-0234,maize,1994,1.447
IN-12-0234,maize,1995,1.094
IN-12-0234,maize,1996,1.268
IN-12-0234,maize,1997,0.927
IN-12-0234,maize,1998,0.709
IN-12-0234,maize,1999,0.949
IN-12-0234,maize,2000,1.411
IN-12-0234,maize,2001,1.496
IN-12-0234,maize,2002,1.463
IN-12-0234,maize,2003,2.293
IN-12-0234,maize,2004,2.118
IN-12-0234,maize,2005,1.482
IN-12-0234,maize,2006,1.279
IN-12-0234,maize,2007,1.323
IN-12-0234,maize,2008,0.917
IN-12-0234,maize,2009,1.434
IN-12-0234,maize,2010,1.047
IN-12-0234,maize,2011,1.169
IN-12-0234,maize,2012,1.43
IN-12-0234,maize,2013,0.47
IN-12-0235,maize,1990,1.762
IN-12-0235,maize,1991,1.423
IN-12-0235,maize,1992,1.789
IN-12-0235,maize,1993,1.176
IN-12-0235,maize,1994,1.716
IN-12-0235,maize,1995,1.949
IN-12-0235,maize,1996,2.035
IN-12-0235,maize,1997,2.114
IN-12-0235,maize,1998,1.374
IN-12-0235,maize,1999,2.009
IN-12-0235,maize,2000,2.1
IN-12-0235,maize,2001,1.921
IN-12-0235,maize,2002,1.359
IN-12-0235,maize,2003,1.156
IN-12-0235,maize,2004,1.828
IN-12-0235,maize,2005,1.291
IN-12-0235,maize,2006,1.324
IN-12-0235,maize,2007,1.453
IN-12-0235,maize,2008,1.529
IN-12-0235,maize,2009,1.45
IN-12-0235,maize,2010,0.897
IN-12-0235,maize,2011,1.012
IN-12-0235,maize,2012,1.152
IN-12-0235,maize,2013,1.093
IN-12-0236,maize,1990,0.61
IN-12-0236,maize,1991,0.592
IN-12-0236,maize,1992,1.203
IN-12-0236,maize,1993,0.981
IN-12-0236,maize,1994,0.873
IN-12-0236,maize,1995,1.102
IN-12-0236,maize,1996,1.275
IN-12-0236,maize,1997,0.955
IN-12-0236,maize,1998,0.726
IN-12-0236,maize,1999,0.982
IN-12-0236,maize,2000,1.431
IN-12-0236,maize,2001,1.682
IN-12-0236,maize,2002,0.876
IN-12-0236,maize,2003,0.716
IN-12-0236,maize,2004,1.505
IN-12-0236,maize,2005,1.172
IN-12-0236,maize,2006,0.686
IN-12-0236,maize,2007,0.722
IN-12-0236,maize,2008,0.152
IN-12-0236,maize,2009,0.596
IN-12-0236,maize,2010,0.888
IN-12-0236,maize,2011,0.933
IN-12-0236,maize,2012,0.777
IN-12-0236,maize,2013,0.988
IN-16-0237,maize,1990,1.242
IN-16-0237,maize,1991,1.088
IN-16-0237,maize,1992,1.326
IN-16-0237,maize,1993,1.392
IN-16-0237,maize,1994,1.28
IN-16-0237,maize,1995,1.202
IN-16-0237,maize,1996,1.236
IN-16-0237,maize,1997,2.124
IN-16-0237,maize,1998,1.12
IN-16-0237,maize,1999,1.356
IN-16-0237,maize,2000,1.392
IN-16-0237,maize,2001,1.324
IN-16-0237,maize,2002,1.069
IN-16-0237,maize,2003,1.339
IN-16-0237,maize,2004,1.99
IN-16-0237,maize,2005,1.998
IN-16-0237,maize,2006,1.416
IN-16-0237,maize,2007,1.422
IN-16-0237,maize,2008,1.3
IN-16-0237,maize,2009,1.699
IN-16-0237,maize,2010,1.689
IN-16-0237,maize,2011,1.834
IN-16-0237,maize,2012,2.146
IN-16-0237,maize,2013,2.129
IN-16-0238,maize,1990,1.189
IN-16-0238,maize,1991,1.14
IN-16-0238,maize,1992,1.057
IN-16-0238,maize,1993,1.142
IN-16-0238,maize,1994,1.137
IN-16-0238,maize,1995,1.186
IN-16-0238,maize,1996,1.174
IN-16-0238,maize,1997,1.166
IN-16-0238,maize,1998,1.081
IN-16-0238,maize,1999,1.276
IN-16-0238,maize,2000,1.302
IN-16-0238,maize,2001,1.19
IN-16-0238,maize,2002,0.833
IN-16-0238,maize,2003,0.839
IN-16-0238,maize,2004,1.102
IN-16-0238,maize,2005,1.099
IN-16-0238,maize,2006,0.658
IN-16-0238,maize,2007,1.0
IN-16-0238,maize,2008,1.0
IN-16-0238,maize,2009,1.0
IN-16-0238,maize,2010,1.741
IN-16-0238,maize,2011,1.779
IN-16-0238,maize,2012,1.527
IN-16-0238,maize,2013,1.21
IN-16-0239,maize,1990,1.575
IN-16-0239,maize,1991,1.536
IN-16-0239,maize,1992,1.277
IN-16-0239,maize,1993,1.307
IN-16-0239,maize,1994,1.4
IN-16-0239,maize,1995,1.216
IN-16-0239,maize,1996,1.088
IN-16-0239,maize,1997,1.04
IN-16-0239,maize,1998,1.037
IN-16-0239,maize,1999,1.28
IN-16-0239,maize,2000,1.301
IN-16-0239,maize,2001,1.253
IN-16-0239,maize,2002,0.985
IN-16-0239,maize,2003,1.238
IN-16-0239,maize,2004,1.199
IN-16-0239,maize,2005,1.198
IN-16-0239,maize,2006,1.021
IN-16-0239,maize,2007,1.051
IN-16-0239,maize,2008,1.051
IN-16-0239,maize,2009,1.05
IN-16-0239,maize,2010,1.148
IN-16-0239,maize,2011,1.156
IN-16-0239,maize,2012,1.286
IN-16-0239,maize,2013,2.098
IN-16-0240,maize,1990,1.071
IN-16-0240,maize,1991,1.107
IN-16-0240,maize,1992,1.2
IN-16-0240,maize,1993,1.067
IN-16-0240,maize,1994,1.0
IN-16-0240,maize,1995,1.206
IN-16-0240,maize,1996,1.281
IN-16-0240,maize,1997,1.0
IN-16-0240,maize,1998,0.944
IN-16-0240,maize,1999,1.211
IN-16-0240,maize,2000,1.286
IN-16-0240,maize,2001,1.087
IN-16-0240,maize,2002,0.882
IN-16-0240,maize,2003,0.921
IN-16-0240,maize,2004,1.263
IN-16-0240,maize,2005,1.316
IN-16-0240,maize,2006,0.9
IN-16-0240,maize,2007,0.955
IN-16-0240,maize,2008,0.643
IN-16-0240,maize,2009,0.65
IN-16-0240,maize,2010,0.9
IN-16-0240,maize,2011,0.9
IN-16-0240,maize,2012,0.9
IN-16-0240,maize,2013,0.895
IN-16-0241,maize,1990,1.302
IN-16-0241,maize,1991,1.131
IN-16-0241,maize,1992,1.048
IN-16-0241,maize,1993,1.0
IN-16-0241,maize,1994,1.068
IN-16-0241,maize,1995,1.07
IN-16-0241,maize,1996,1.135
IN-16-0241,maize,1997,0.943
IN-16-0241,maize,1998,0.981
IN-16-0241,maize,1999,1.073
IN-16-0241,maize,2000,1.286
IN-16-0241,maize,2001,1.149
IN-16-0241,maize,2002,0.86
IN-16-0241,maize,2003,0.864
IN-16-0241,maize,2004,1.257
IN-16-0241,maize,2005,1.24
IN-16-0241,maize,2006,1.067
IN-16-0241,maize,2007,1.257
IN-16-0241,maize,2008,1.256
IN-16-0241,maize,2009,1.25
IN-16-0241,maize,2010,1.25
IN-16-0241,maize,2011,1.261
IN-16-0241,maize,2012,1.034
IN-16-0241,maize,2013,1.038
IN-16-0242,maize,1990,1.172
IN-16-0242,maize,1991,1.157
IN-16-0242,maize,1992,1.069
IN-16-0242,maize,1993,1.006
IN-16-0242,maize,1994,1.184
IN-16-0242,maize,1995,1.044
IN-16-0242,maize,1996,1.116
IN-16-0242,maize,1997,1.029
IN-16-0242,maize,1998,1.125
IN-16-0242,maize,1999,0.947
IN-16-0242,maize,2000,1.047
IN-16-0242,maize,2001,1.101
IN-16-0242,maize,2002,0.634
IN-16-0242,maize,2003,0.633
IN-16-0242,maize,2004,1.049
IN-16-0242,maize,2005,1.047
IN-16-0242,maize,2006,0.957
IN-16-0242,maize,2007,0.94
IN-16-0242,maize,2008,1.025
IN-16-0242,maize,2009,2.169
IN-16-0242,maize,2010,1.093
IN-16-0242,maize,2011,1.101
IN-16-0242,maize,2012,1.156
IN-16-0242,maize,2013,1.156
IN-16-0243,maize,1990,1.021
IN-16-0243,maize,1991,0.966
IN-16-0243,maize,1992,0.903
IN-16-0243,maize,1993,0.983
IN-16-0243,maize,1994,1.004
IN-16-0243,maize,1995,1.066
IN-16-0243,maize,1996,1.09
IN-16-0243,maize,1997,1.064
IN-16-0243,maize,1998,1.017
IN-16-0243,maize,1999,1.146
IN-16-0243,maize,2000,1.156
IN-16-0243,maize,2001,0.858
IN-16-0243,maize,2002,0.801
IN-16-0243,maize,2003,0.8
IN-16-0243,maize,2004,1.147
IN-16-0243,maize,2005,1.148
IN-16-0243,maize,2006,0.791
IN-16-0243,maize,2007,0.852
IN-16-0243,maize,2008,0.853
IN-16-0243,maize,2009,0.853
IN-16-0243,maize,2010,0.877
IN-16-0243,maize,2011,0.902
IN-16-0243,maize,2012,1.024
IN-16-0243,maize,2013,1.019
IN-16-0244,maize,1990,1.512
IN-16-0244,maize,1991,1.681
IN-16-0244,maize,1992,1.566
IN-16-0244,maize,1993,1.283
IN-16-0244,maize,1994,1.117
IN-16-0244,maize,1995,1.033
IN-16-0244,maize,1996,1.359
IN-16-0244,maize,1997,1.782
IN-16-0244,maize,1998,1.312
IN-16-0244,maize,1999,1.449
IN-16-0244,maize,2000,1.658
IN-16-0244,maize,2001,1.251
IN-16-0244,maize,2002,1.333
IN-16-0244,maize,2003,1.233
IN-16-0244,maize,2004,1.662
IN-16-0244,maize,2005,1.664
IN-16-0244,maize,2006,1.656
IN-16-0244,maize,2007,2.152
IN-16-0244,maize,2008,1.584
IN-16-0244,maize,2009,1.59
IN-16-0244,maize,2010,1.836
IN-16-0244,maize,2011,1.723
IN-16-0244,maize,2012,1.49
IN-16-0244,maize,2013,1.195
IN-14-0501,maize,1990,0.974
IN-14-0501,maize,1991,0.919
IN-14-0501,maize,1992,1.349
IN-14-0501,maize,1993,1.108
IN-14-0501,maize,1994,0.891
IN-14-0501,maize,1995,1.317
IN-14-0501,maize,1996,1.29
IN-14-0501,maize,1997,0.912
IN-14-0501,maize,1998,1.0
IN-14-0501,maize,1999,1.456
IN-14-0501,maize,2000,1.0
IN-14-0501,maize,2001,0.672
IN-14-0501,maize,2002,1.102
IN-14-0501,maize,2003,1.093
IN-14-0501,maize,2004,1.269
IN-14-0501,maize,2005,1.269
IN-14-0501,maize,2006,0.987
IN-14-0501,maize,2007,1.279
IN-14-0501,maize,2008,0.967
IN-14-0501,maize,2009,0.893
IN-14-0501,maize,2010,1.4
IN-14-0501,maize,2011,1.295
IN-14-0501,maize,2012,1.541
IN-14-0501,maize,2013,1.567
IN-06-0502,maize,1990,0.967
IN-06-0502,maize,1991,1.0
IN-06-0502,maize,1992,1.444
IN-06-0502,maize,1993,1.259
IN-06-0502,maize,1994,0.842
IN-06-0502,maize,1995,1.15
IN-06-0502,maize,1996,1.05
IN-06-0502,maize,1997,0.571
IN-06-0502,maize,1998,1.0
IN-06-0502,maize,1999,1.286
IN-06-0502,maize,2000,1.545
IN-06-0502,maize,2001,1.696
IN-06-0502,maize,2002,1.815
IN-06-0502,maize,2003,1.586
IN-06-0502,maize,2004,1.299
IN-06-0502,maize,2005,1.204
IN-06-0502,maize,2006,0.873
IN-06-0502,maize,2007,1.167
IN-06-0502,maize,2008,1.154
IN-06-0502,maize,2009,1.0
IN-06-0502,maize,2010,1.407
IN-06-0502,maize,2011,1.4
IN-06-0502,maize,2012,2.259
IN-06-0502,maize,2013,0.757
IN-01-0503,maize,1990,1.882
IN-01-0503,maize,1991,2.387
IN-01-0503,maize,1992,2.852
IN-01-0503,maize,1995,3.0
IN-01-0503,maize,1996,2.0
IN-01-0503,maize,1997,4.0
IN-01-0503,maize,1998,3.333
IN-01-0503,maize,1999,4.252
IN-01-0503,maize,2000,4.131
IN-01-0503,maize,2001,5.397
IN-01-0503,maize,2002,5.5
IN-01-0503,maize,2003,3.713
IN-01-0503,maize,2004,4.16
IN-01-0503,maize,2005,4.038
IN-01-0503,maize,2006,3.538
IN-01-0503,maize,2007,4.328
IN-01-0503,maize,2008,3.561
IN-01-0503,maize,2009,3.712
IN-01-0503,maize,2010,3.623
IN-01-0503,maize,2011,4.443
IN-01-0503,maize,2012,4.483
IN-01-0503,maize,2013,4.414
IN-01-0504,maize,1990,1.956
IN-01-0504,maize,1991,2.03
IN-01-0504,maize,1992,2.889
IN-01-0504,maize,1993,3.333
IN-01-0504,maize,1994,3.222
IN-01-0504,maize,1995,3.357
IN-01-0504,maize,1996,5.333
IN-01-0504,maize,1997,3.714
IN-01-0504,maize,1998,3.333
IN-01-0504,maize,1999,4.343
IN-01-0504,maize,2000,3.86
IN-01-0504,maize,2001,5.066
IN-01-0504,maize,2002,1.333
IN-01-0504,maize,2003,2.296
IN-01-0504,maize,2004,2.375
IN-01-0504,maize,2005,4.982
IN-01-0504,maize,2006,5.628
IN-01-0504,maize,2007,5.488
IN-01-0504,maize,2008,5.115
IN-01-0504,maize,2009,8.142
IN-01-0504,maize,2010,8.298
IN-01-0504,maize,2011,7.627
IN-01-0504,maize,2012,6.275
IN-01-0504,maize,2013,7.545
IN-11-0506,maize,1990,1.1
IN-11-0506,maize,1991,1.098
IN-11-0506,maize,1992,1.077
IN-11-0506,maize,1993,1.0
IN-11-0506,maize,1994,1.092
IN-11-0506,maize,1995,1.095
IN-11-0506,maize,1996,1.182
IN-11-0506,maize,1997,1.083
IN-11-0506,maize,1998,1.094
IN-11-0506,maize,1999,1.099
IN-11-0506,maize,2000,1.111
IN-11-0506,maize,2001,1.099
IN-11-0506,maize,2002,1.098
IN-11-0506,maize,2003,1.071
IN-11-0506,maize,2004,1.1
IN-11-0506,maize,2005,1.263
IN-11-0506,maize,2006,5.038
IN-11-0506,maize,2007,4.968
IN-11-0506,maize,2008,5.325
IN-11-0506,maize,2009,4.938
IN-11-0506,maize,2010,3.877
IN-11-0506,maize,2011,5.695
IN-11-0506,maize,2012,3.548
IN-11-0506,maize,2013,6.578
IN-11-0507,maize,1990,2.313
IN-11-0507,maize,1991,2.316
IN-11-0507,maize,1992,2.262
IN-11-0507,maize,1993,2.0
IN-11-0507,maize,1994,2.295
IN-11-0507,maize,1995,2.288
IN-11-0507,maize,1996,2.288
IN-11-0507,maize,1997,2.284
IN-11-0507,maize,1998,2.281
IN-11-0507,maize,1999,2.285
IN-11-0507,maize,2000,2.287
IN-11-0507,maize,2001,2.288
IN-11-0507,maize,2002,2.287
IN-11-0507,maize,2003,2.285
IN-11-0507,maize,2004,2.286
IN-11-0507,maize,2005,1.275
IN-11-0507,maize,2006,5.899
IN-11-0507,maize,2007,5.2
IN-11-0507,maize,2008,9.854
IN-11-0507,maize,2009,6.737
IN-11-0507,maize,2010,5.941
IN-11-0507,maize,2011,5.662
IN-11-0507,maize,2012,4.591
IN-11-0507,maize,2013,6.08
IN-11-0508,maize,1990,2.089
IN-11-0508,maize,1991,2.088
IN-11-0508,maize,1992,2.032
IN-11-0508,maize,1993,2.0
IN-11-0508,maize,1994,2.103
IN-11-0508,maize,1995,2.042
IN-11-0508,maize,1996,2.059
IN-11-0508,maize,1997,2.111
IN-11-0508,maize,1998,2.083
IN-11-0508,maize,1999,2.091
IN-11-0508,maize,2000,2.091
IN-11-0508,maize,2001,2.056
IN-11-0508,maize,2002,2.087
IN-11-0508,maize,2003,2.1
IN-11-0508,maize,2004,2.066
IN-11-0508,maize,2005,0.926
IN-11-0508,maize,2006,8.308
IN-11-0508,maize,2007,6.19
IN-11-0508,maize,2008,5.926
IN-11-0508,maize,2009,7.48
IN-11-0508,maize,2010,7.173
IN-11-0508,maize,2011,7.592
IN-11-0508,maize,2012,5.756
IN-11-0508,maize,2013,6.363
IN-11-0509,maize,1990,2.04
IN-11-0509,maize,1991,2.042
IN-11-0509,maize,1992,1.945
IN-11-0509,maize,1993,1.933
IN-11-0509,maize,1994,2.001
IN-11-0509,maize,1995,1.993
IN-11-0509,maize,1996,1.983
IN-11-0509,maize,1997,1.971
IN-11-0509,maize,1998,1.977
IN-11-0509,maize,1999,1.985
IN-11-0509,maize,2000,1.982
IN-11-0509,maize,2001,1.979
IN-11-0509,maize,2002,1.978
IN-11-0509,maize,2003,1.981
IN-11-0509,maize,2004,1.981
IN-11-0509,maize,2005,1.224
IN-11-0509,maize,2006,4.015
IN-11-0509,maize,2007,4.394
IN-11-0509,maize,2008,6.529
IN-11-0509,maize,2009,6.159
IN-11-0509,maize,2010,5.47
IN-11-0509,maize,2011,6.321
IN-11-0509,maize,2012,3.475
IN-11-0509,maize,2013,6.248
IN-11-0510,maize,1990,2.109
IN-11-0510,maize,1991,2.099
IN-11-0510,maize,1992,1.971
IN-11-0510,maize,1993,1.5
IN-11-0510,maize,1994,2.046
IN-11-0510,maize,1995,2.04
IN-11-0510,maize,1996,2.032
IN-11-0510,maize,1997,2.016
IN-11-0510,maize,1998,2.048
IN-11-0510,maize,1999,2.032
IN-11-0510,maize,2000,2.026
IN-11-0510,maize,2001,2.023
IN-11-0510,maize,2002,2.024
IN-11-0510,maize,2003,2.026
IN-11-0510,maize,2004,2.025
IN-11-0510,maize,2005,1.223
IN-11-0510,maize,2006,5.406
IN-11-0510,maize,2007,5.254
IN-11-0510,maize,2008,4.665
IN-11-0510,maize,2009,3.629
IN-11-0510,maize,2010,5.145
IN-11-0510,maize,2011,6.58
IN-11-0510,maize,2012,2.227
IN-11-0510,maize,2013,4.54
IN-11-0512,maize,2003,1.0
IN-11-0512,maize,2007,2.0
IN-11-0512,maize,2009,3.429
IN-11-0512,maize,2011,5.563
IN-11-0512,maize,2012,3.333
IN-11-0512,maize,2013,5.914
IN-11-0513,maize,1990,0.4
IN-11-0513,maize,1991,0.438
IN-11-0513,maize,1992,0.469
IN-11-0513,maize,1994,0.442
IN-11-0513,maize,1995,0.441
IN-11-0513,maize,1996,0.451
IN-11-0513,maize,1997,0.45
IN-11-0513,maize,1998,0.448
IN-11-0513,maize,1999,0.449
IN-11-0513,maize,2000,1.45
IN-11-0513,maize,2001,0.648
IN-11-0513,maize,2002,0.69
IN-11-0513,maize,2003,0.736
IN-11-0513,maize,2004,0.795
IN-11-0513,maize,2005,1.225
IN-11-0513,maize,2006,2.814
IN-11-0513,maize,2007,6.966
IN-11-0513,maize,2008,4.523
IN-11-0513,maize,2009,3.239
IN-11-0513,maize,2010,3.533
IN-11-0513,maize,2011,5.858
IN-11-0513,maize,2012,1.027
IN-11-0513,maize,2013,2.079
IN-07-0514,maize,1990,0.806
IN-07-0514,maize,1991,1.1
IN-07-0514,maize,1992,1.747
IN-07-0514,maize,1993,1.813
IN-07-0514,maize,1994,1.583
IN-07-0514,maize,1995,1.597
IN-07-0514,maize,1996,1.603
IN-07-0514,maize,1997,1.494
IN-07-0514,maize,1998,2.149
IN-07-0514,maize,1999,1.789
IN-07-0514,maize,2000,0.969
IN-07-0514,maize,2001,1.493
IN-07-0514,maize,2002,2.133
IN-07-0514,maize,2003,2.645
IN-07-0514,maize,2004,1.801
IN-07-0514,maize,2005,2.17
IN-07-0514,maize,2006,2.169
IN-07-0514,maize,2007,3.17
IN-07-0514,maize,2008,1.599
IN-07-0514,maize,2009,2.103
IN-07-0514,maize,2010,2.882
IN-07-0514,maize,2011,2.614
IN-07-0514,maize,2012,1.757
IN-07-0514,maize,2013,2.569
IN-07-0515,maize,1990,1.281
IN-07-0515,maize,1993,1.242
IN-07-0515,maize,1994,1.364
IN-07-0515,maize,1995,1.176
IN-07-0515,maize,1996,1.176
IN-07-0515,maize,1997,1.5
IN-07-0515,maize,1998,1.833
IN-07-0515,maize,1999,1.111
IN-07-0515,maize,2000,1.0
IN-07-0515,maize,2001,1.81
IN-07-0515,maize,2002,0.739
IN-07-0515,maize,2003,0.673
IN-07-0515,maize,2004,1.06
IN-07-0515,maize,2005,1.022
IN-07-0515,maize,2006,1.18
IN-07-0515,maize,2007,1.07
IN-07-0515,maize,2008,0.978
IN-07-0515,maize,2009,1.034
IN-07-0515,maize,2010,1.193
IN-07-0515,maize,2011,1.697
IN-07-0515,maize,2012,2.008
IN-07-0515,maize,2013,2.463
IN-07-0516,maize,1990,0.75
IN-07-0516,maize,1991,0.789
IN-07-0516,maize,1992,2.0
IN-07-0516,maize,1993,1.778
IN-07-0516,maize,1994,0.933
IN-07-0516,maize,1995,1.273
IN-07-0516,maize,1996,1.227
IN-07-0516,maize,1997,1.5
IN-07-0516,maize,1998,1.9
IN-07-0516,maize,1999,1.297
IN-07-0516,maize,2000,0.966
IN-07-0516,maize,2001,2.545
IN-07-0516,maize,2002,1.957
IN-07-0516,maize,2003,2.111
IN-07-0516,maize,2004,1.24
IN-07-0516,maize,2005,1.68
IN-07-0516,maize,2006,1.769
IN-07-0516,maize,2007,3.037
IN-07-0516,maize,2008,1.542
IN-07-0516,maize,2009,2.012
IN-07-0516,maize,2010,2.326
IN-07-0516,maize,2011,1.359
IN-07-0516,maize,2012,1.645
IN-07-0516,maize,2013,2.741
IN-07-0517,maize,1990,1.0
IN-07-0517,maize,1992,1.0
IN-07-0517,maize,1993,1.0
IN-07-0517,maize,1994,1.0
IN-07-0517,maize,1998,1.0
IN-07-0517,maize,1999,1.0
IN-07-0517,maize,2000,1.0
IN-07-0517,maize,2001,2.0
IN-07-0517,maize,2002,1.0
IN-07-0517,maize,2003,2.0
IN-07-0517,maize,2004,1.0
IN-07-0517,maize,2005,2.0
IN-07-0517,maize,2006,2.0
IN-07-0517,maize,2007,3.0
IN-07-0517,maize,2008,3.0
IN-07-0517,maize,2009,3.0
IN-07-0517,maize,2010,2.933
IN-03-0518,maize,1990,1.333
IN-03-0518,maize,1991,1.0
IN-03-0518,maize,1992,1.667
IN-03-0518,maize,1993,1.0
IN-03-0518,maize,1995,1.0
IN-03-0518,maize,1996,1.667
IN-03-0518,maize,1997,2.0
IN-03-0518,maize,1998,2.0
IN-03-0518,maize,2000,0.769
IN-03-0518,maize,2001,1.857
IN-03-0518,maize,2002,1.636
IN-03-0518,maize,2003,1.714
IN-03-0518,maize,2006,0.3
IN-03-0518,maize,2007,1.25
IN-03-0518,maize,2008,1.5
IN-03-0518,maize,2009,1.0
IN-03-0518,maize,2010,1.75
IN-03-0518,maize,2011,1.2
IN-03-0518,maize,2012,1.667
IN-03-0518,maize,2013,1.5
IN-10-0519,maize,1990,1.0
IN-10-0519,maize,1991,1.0
IN-10-0519,maize,1992,1.0
IN-10-0519,maize,1993,1.0
IN-10-0519,maize,1994,0.5
IN-10-0519,maize,1996,1.0
IN-10-0519,maize,1997,1.5
IN-10-0519,maize,1998,1.0
IN-10-0519,maize,1999,1.0
IN-10-0519,maize,2000,1.0
IN-10-0519,maize,2001,1.333
IN-10-0519,maize,2002,1.0
IN-10-0519,maize,2003,2.0
IN-10-0519,maize,2004,1.0
IN-10-0519,maize,2005,1.0
IN-10-0519,maize,2006,1.0
IN-10-0519,maize,2007,1.0
IN-10-0519,maize,2008,2.0
IN-10-0519,maize,2009,1.0
IN-10-0519,maize,2010,1.0
IN-10-0519,maize,2011,1.0
IN-20-0520,maize,1990,2.54222
IN-20-0520,maize,1991,1.44811
IN-20-0520,maize,1992,4.8404300000000005
IN-20-0520,maize,1993,2.33333
IN-20-0520,maize,1994,3.0
IN-20-0520,maize,1995,1.8
IN-20-0520,maize,1996,2.0
IN-20-0520,maize,1997,2.5
IN-20-0520,maize,1998,2.66667
IN-20-0520,maize,1999,2.04205
IN-20-0520,maize,2000,2.06969
IN-20-0520,maize,2001,2.15269
IN-20-0520,maize,2002,2.66667
IN-20-0520,maize,2003,4.23516
IN-20-0520,maize,2004,2.64595
IN-20-0520,maize,2005,3.60241
IN-20-0520,maize,2006,2.83312
IN-20-0520,maize,2007,4.38854
IN-20-0520,maize,2008,2.53946
IN-20-0520,maize,2009,1.96265
IN-20-0520,maize,2010,2.1458600000000003
IN-20-0520,maize,2011,1.91669
IN-20-0520,maize,2012,3.87945
IN-20-0520,maize,2013,3.55357
IN-11-0521,maize,1990,1.677
IN-11-0521,maize,1991,1.659
IN-11-0521,maize,1992,1.692
IN-11-0521,maize,1994,1.654
IN-11-0521,maize,1995,1.667
IN-11-0521,maize,1996,1.714
IN-11-0521,maize,1997,1.636
IN-11-0521,maize,1998,1.675
IN-11-0521,maize,1999,1.692
IN-11-0521,maize,2000,1.688
IN-11-0521,maize,2001,1.655
IN-11-0521,maize,2002,1.5
IN-11-0521,maize,2003,1.615
IN-11-0521,maize,2004,1.655
IN-11-0521,maize,2005,1.083
IN-11-0521,maize,2006,2.895
IN-11-0521,maize,2007,2.656
IN-11-0521,maize,2008,5.79
IN-11-0521,maize,2009,5.333
IN-11-0521,maize,2010,3.652
IN-11-0521,maize,2011,6.152
IN-11-0521,maize,2012,3.293
IN-11-0521,maize,2013,5.911
IN-04-0523,maize,1990,1.364
IN-04-0523,maize,1991,1.6
IN-04-0523,maize,1992,1.695
IN-04-0523,maize,1993,1.154
IN-04-0523,maize,1994,2.174
IN-04-0523,maize,1995,1.628
IN-04-0523,maize,1996,1.143
IN-04-0523,maize,1997,1.818
IN-04-0523,maize,1998,2.0
IN-04-0523,maize,1999,2.143
IN-04-0523,maize,2000,2.5
IN-04-0523,maize,2001,2.941
IN-04-0523,maize,2002,2.353
IN-04-0523,maize,2003,2.941
IN-04-0523,maize,2004,2.646
IN-04-0523,maize,2005,2.414
IN-04-0523,maize,2006,3.333
IN-04-0523,maize,2007,2.143
IN-04-0523,maize,2008,2.154
IN-04-0523,maize,2009,1.667
IN-04-0523,maize,2010,3.333
IN-04-0523,maize,2011,2.0
IN-04-0523,maize,2012,2.703
IN-04-0523,maize,2013,3.0
IN-04-0524,maize,1990,1.111
IN-04-0524,maize,1991,1.25
IN-04-0524,maize,1992,3.333
IN-04-0524,maize,1993,2.5
IN-04-0524,maize,1995,5.0
IN-04-0524,maize,1996,4.0
IN-04-0524,maize,1997,2.857
IN-04-0525,maize,1990,0.909
IN-04-0525,maize,1991,4.0
IN-16-0527,maize,1990,1.083
IN-16-0527,maize,1991,0.99
IN-16-0527,maize,1992,1.621
IN-16-0527,maize,1993,1.126
IN-16-0527,maize,1994,1.498
IN-16-0527,maize,1995,1.35
IN-16-0527,maize,1996,1.56
IN-16-0527,maize,1997,1.743
IN-16-0527,maize,1998,1.507
IN-16-0527,maize,1999,1.567
IN-16-0527,maize,2000,1.469
IN-16-0527,maize,2001,1.517
IN-16-0527,maize,2002,1.786
IN-16-0527,maize,2003,1.144
IN-16-0527,maize,2004,1.625
IN-16-0527,maize,2005,1.609
IN-16-0527,maize,2006,1.953
IN-16-0527,maize,2007,1.22
IN-16-0527,maize,2008,1.655
IN-16-0527,maize,2009,2.031
IN-16-0527,maize,2010,1.871
IN-16-0527,maize,2011,1.474
IN-16-0527,maize,2012,1.718
IN-16-0527,maize,2013,1.877
IN-12-0528,maize,1990,1.55
IN-12-0528,maize,1991,1.282
IN-12-0528,maize,1992,1.655
IN-12-0528,maize,1993,1.387
IN-12-0528,maize,1994,1.464
IN-12-0528,maize,1995,1.066
IN-12-0528,maize,1996,1.351
IN-12-0528,maize,1997,2.267
IN-12-0528,maize,1998,1.138
IN-12-0528,maize,1999,1.423
IN-12-0528,maize,2000,1.983
IN-12-0528,maize,2001,2.424
IN-12-0528,maize,2002,1.051
IN-12-0528,maize,2003,1.733
IN-12-0528,maize,2004,2.704
IN-12-0528,maize,2005,1.863
IN-12-0528,maize,2006,2.338
IN-12-0528,maize,2007,2.518
IN-12-0528,maize,2008,2.669
IN-12-0528,maize,2009,2.447
IN-12-0528,maize,2010,2.416
IN-12-0528,maize,2011,2.794
IN-12-0528,maize,2012,2.579
IN-12-0528,maize,2013,3.157
IN-12-0529,maize,1990,0.323
IN-12-0529,maize,1991,0.335
IN-12-0529,maize,1992,0.831
IN-12-0529,maize,1993,0.697
IN-12-0529,maize,1994,0.657
IN-12-0529,maize,1995,0.873
IN-12-0529,maize,1996,0.909
IN-12-0529,maize,1997,0.586
IN-12-0529,maize,1998,1.276
IN-12-0529,maize,1999,0.819
IN-12-0529,maize,2000,0.791
IN-12-0529,maize,2001,0.521
IN-12-0529,maize,2002,0.72
IN-12-0529,maize,2003,1.143
IN-12-0529,maize,2004,0.592
IN-12-0529,maize,2005,0.729
IN-12-0529,maize,2006,0.615
IN-12-0529,maize,2007,0.794
IN-12-0529,maize,2008,0.59
IN-12-0529,maize,2009,0.68
IN-12-0529,maize,2010,0.919
IN-12-0529,maize,2011,0.872
IN-12-0529,maize,2012,1.004
IN-12-0529,maize,2013,1.177
IN-12-0530,maize,1990,0.433
IN-12-0530,maize,1991,1.433
IN-12-0530,maize,1992,0.988
IN-12-0530,maize,1993,1.167
IN-12-0530,maize,1994,1.143
IN-12-0530,maize,1995,1.886
IN-12-0530,maize,1996,1.4
IN-12-0530,maize,1997,1.064
IN-12-0530,maize,1998,0.744
IN-12-0530,maize,1999,1.123
IN-12-0530,maize,2000,1.646
IN-12-0530,maize,2001,1.444
IN-12-0530,maize,2002,1.292
IN-12-0530,maize,2003,1.0
IN-12-0530,maize,2004,1.314
IN-12-0530,maize,2005,1.02
IN-12-0530,maize,2006,1.18
IN-12-0530,maize,2007,1.104
IN-12-0530,maize,2008,0.889
IN-12-0530,maize,2009,1.409
IN-12-0530,maize,2010,1.511
IN-12-0530,maize,2011,1.659
IN-12-0530,maize,2012,1.804
IN-12-0530,maize,2013,1.714
IN-12-0531,maize,1990,0.9
IN-12-0531,maize,1991,1.268
IN-12-0531,maize,1992,1.293
IN-12-0531,maize,1993,1.176
IN-12-0531,maize,1994,1.167
IN-12-0531,maize,1995,1.091
IN-12-0531,maize,1996,1.25
IN-12-0531,maize,1997,1.545
IN-12-0531,maize,1998,0.789
IN-12-0531,maize,1999,1.326
IN-12-0531,maize,2000,1.585
IN-12-0531,maize,2001,1.694
IN-12-0531,maize,2002,1.148
IN-12-0531,maize,2003,1.25
IN-12-0531,maize,2004,1.419
IN-12-0531,maize,2005,1.429
IN-12-0531,maize,2006,1.34
IN-12-0531,maize,2007,1.222
IN-12-0531,maize,2008,1.191
IN-12-0531,maize,2009,1.351
IN-12-0531,maize,2010,1.444
IN-12-0531,maize,2011,1.707
IN-12-0531,maize,2012,1.889
IN-12-0531,maize,2013,2.778
IN-12-0532,maize,1990,0.344
IN-12-0532,maize,1991,1.473
IN-12-0532,maize,1992,0.906
IN-12-0532,maize,1993,1.152
IN-12-0532,maize,1994,1.143
IN-12-0532,maize,1995,0.84
IN-12-0532,maize,1996,1.029
IN-12-0532,maize,1997,1.288
IN-12-0532,maize,1998,0.441
IN-12-0532,maize,1999,1.413
IN-12-0532,maize,2000,0.473
IN-12-0532,maize,2001,0.76
IN-12-0532,maize,2002,0.88
IN-12-0532,maize,2003,1.217
IN-12-0532,maize,2004,1.246
IN-12-0532,maize,2005,1.926
IN-12-0532,maize,2006,1.339
IN-12-0532,maize,2007,1.453
IN-12-0532,maize,2008,1.535
IN-12-0532,maize,2009,1.444
IN-12-0532,maize,2010,1.235
IN-12-0532,maize,2011,1.776
IN-12-0532,maize,2012,1.851
IN-12-0532,maize,2013,1.955
IN-12-0533,maize,1996,1.0
IN-12-0533,maize,2000,2.0
IN-12-0533,maize,2001,1.0
IN-12-0533,maize,2003,1.0
IN-12-0533,maize,2004,1.0
IN-12-0533,maize,2005,2.0
IN-12-0533,maize,2006,1.0
IN-12-0533,maize,2007,1.0
IN-12-0533,maize,2008,2.0
IN-12-0533,maize,2009,1.0
IN-12-0533,maize,2010,1.0
IN-12-0533,maize,2011,1.0
IN-12-0533,maize,2012,2.0
IN-12-0533,maize,2013,3.543
IN-10-0536,maize,1991,0.527
IN-10-0536,maize,1992,1.016
IN-10-0536,maize,1993,1.166
IN-10-0536,maize,1994,0.68
IN-10-0536,maize,1995,0.959
IN-10-0536,maize,1996,0.733
IN-10-0536,maize,1997,1.101
IN-10-0536,maize,1998,1.449
IN-10-0536,maize,1999,1.372
IN-10-0536,maize,2000,2.268
IN-10-0536,maize,2001,1.492
IN-10-0536,maize,2002,1.245
IN-10-0536,maize,2003,1.253
IN-10-0536,maize,2004,1.413
IN-10-0536,maize,2005,1.489
IN-10-0536,maize,2006,1.292
IN-10-0536,maize,2007,1.329
IN-10-0536,maize,2008,1.473
IN-10-0536,maize,2009,1.666
IN-10-0536,maize,2010,2.637
IN-10-0536,maize,2011,1.934
IN-10-0536,maize,2012,2.828
IN-10-0536,maize,2013,1.134
IN-10-0537,maize,1991,0.81
IN-10-0537,maize,1992,1.06
IN-10-0537,maize,1993,1.105
IN-10-0537,maize,1994,0.824
IN-10-0537,maize,1995,0.905
IN-10-0537,maize,1996,1.108
IN-10-0537,maize,1997,1.26
IN-10-0537,maize,1998,1.08
IN-10-0537,maize,1999,1.037
IN-10-0537,maize,2000,1.045
IN-10-0537,maize,2001,1.451
IN-10-0537,maize,2002,0.886
IN-10-0537,maize,2003,1.866
IN-10-0537,maize,2004,1.209
IN-10-0537,maize,2005,1.098
IN-10-0537,maize,2006,1.533
IN-10-0537,maize,2007,1.574
IN-10-0537,maize,2008,1.246
IN-10-0537,maize,2009,1.115
IN-10-0537,maize,2010,1.783
IN-10-0537,maize,2011,1.571
IN-10-0537,maize,2012,1.885
IN-10-0537,maize,2013,1.604
IN-10-0538,maize,1991,0.978
IN-10-0538,maize,1992,1.002
IN-10-0538,maize,1993,1.136
IN-10-0538,maize,1994,0.783
IN-10-0538,maize,1995,0.851
IN-10-0538,maize,1996,1.264
IN-10-0538,maize,1997,1.375
IN-10-0538,maize,1998,0.748
IN-10-0538,maize,1999,0.722
IN-10-0538,maize,2000,0.488
IN-10-0538,maize,2001,1.558
IN-10-0538,maize,2002,0.362
IN-10-0538,maize,2003,2.215
IN-10-0538,maize,2004,0.865
IN-10-0538,maize,2005,1.077
IN-10-0538,maize,2006,1.302
IN-10-0538,maize,2007,1.89
IN-10-0538,maize,2008,1.254
IN-10-0538,maize,2009,0.993
IN-10-0538,maize,2010,1.231
IN-10-0538,maize,2011,1.521
IN-10-0538,maize,2012,2.054
IN-10-0538,maize,2013,1.818
IN-10-0539,maize,1994,0.833
IN-10-0539,maize,1996,1.0
IN-10-0539,maize,1997,1.0
IN-10-0539,maize,1998,1.0
IN-10-0539,maize,2002,1.0
IN-10-0539,maize,2003,3.0
IN-10-0539,maize,2005,1.0
IN-10-0539,maize,2006,1.0
IN-10-0539,maize,2008,2.0
IN-10-0539,maize,2013,1.5
IN-11-0542,maize,1992,2.583
IN-11-0542,maize,1994,2.333
IN-11-0542,maize,1995,2.75
IN-11-0542,maize,1996,2.0
IN-11-0542,maize,1997,2.5
IN-11-0542,maize,1998,4.0
IN-11-0542,maize,1999,2.5
IN-11-0542,maize,2000,2.0
IN-11-0542,maize,2003,2.667
IN-11-0542,maize,2004,2.667
IN-11-0542,maize,2006,4.0
IN-11-0542,maize,2007,3.0
IN-11-0542,maize,2008,5.333
IN-11-0542,maize,2009,4.0
IN-11-0542,maize,2010,4.5
IN-11-0542,maize,2011,5.0
IN-11-0542,maize,2012,3.333
IN-11-0542,maize,2013,7.0
IN-11-0543,maize,1994,1.0
IN-11-0543,maize,1999,1.75
IN-11-0543,maize,2000,1.25
IN-11-0543,maize,2001,1.6
IN-11-0543,maize,2002,1.457
IN-11-0543,maize,2003,1.454
IN-11-0543,maize,2004,1.456
IN-11-0543,maize,2005,1.478
IN-11-0543,maize,2006,4.917
IN-11-0543,maize,2007,3.725
IN-11-0543,maize,2008,4.716
IN-11-0543,maize,2009,4.601
IN-11-0543,maize,2010,4.712
IN-11-0543,maize,2011,6.961
IN-11-0543,maize,2012,3.993
IN-11-0543,maize,2013,6.008
IN-09-0545,maize,1993,2.0
IN-09-0545,maize,2002,2.0
IN-09-0546,maize,1992,2.5
IN-09-0546,maize,1993,1.0
IN-09-0546,maize,1994,1.5
IN-09-0546,maize,1995,2.0
IN-09-0546,maize,1996,2.0
IN-09-0546,maize,1997,2.0
IN-09-0546,maize,1998,2.0
IN-09-0546,maize,1999,3.0
IN-09-0546,maize,2000,3.0
IN-09-0546,maize,2001,3.0
IN-09-0546,maize,2002,3.0
IN-09-0546,maize,2003,3.0
IN-09-0546,maize,2004,4.0
IN-09-0546,maize,2006,4.0
IN-09-0546,maize,2007,3.0
IN-09-0546,maize,2008,4.0
IN-09-0546,maize,2009,3.0
IN-09-0546,maize,2012,4.0
IN-09-0546,maize,2013,4.0
IN-12-0547,maize,1990,1.784
IN-12-0547,maize,1991,1.432
IN-12-0547,maize,1992,1.801
IN-12-0547,maize,1993,0.914
IN-12-0547,maize,1994,1.103
IN-12-0547,maize,1995,1.158
IN-12-0547,maize,1996,0.871
IN-12-0547,maize,1997,2.409
IN-12-0547,maize,1998,1.701
IN-12-0547,maize,1999,1.893
IN-12-0547,maize,2000,1.409
IN-12-0547,maize,2001,1.673
IN-12-0547,maize,2002,1.224
IN-12-0547,maize,2003,1.414
IN-12-0547,maize,2004,1.496
IN-12-0547,maize,2005,1.029
IN-12-0547,maize,2006,1.113
IN-12-0547,maize,2007,1.601
IN-12-0547,maize,2008,1.7
IN-12-0547,maize,2009,1.374
IN-12-0547,maize,2010,1.261
IN-12-0547,maize,2011,1.345
IN-12-0547,maize,2012,1.486
IN-12-0547,maize,2013,1.851
IN-12-0548,maize,1990,1.781
IN-12-0548,maize,1991,1.499
IN-12-0548,maize,1992,1.499
IN-12-0548,maize,1993,0.967
IN-12-0548,maize,1994,2.017
IN-12-0548,maize,1995,1.678
IN-12-0548,maize,1996,2.089
IN-12-0548,maize,1997,1.68
IN-12-0548,maize,1998,0.761
IN-12-0548,maize,1999,1.539
IN-12-0548,maize,2000,1.584
IN-12-0548,maize,2001,1.927
IN-12-0548,maize,2002,1.116
IN-12-0548,maize,2003,0.885
IN-12-0548,maize,2004,1.339
IN-12-0548,maize,2005,1.209
IN-12-0548,maize,2006,1.024
IN-12-0548,maize,2007,1.209
IN-12-0548,maize,2008,1.102
IN-12-0548,maize,2009,1.018
IN-12-0548,maize,2010,1.252
IN-12-0548,maize,2011,1.574
IN-12-0548,maize,2012,1.977
IN-12-0548,maize,2013,1.98
IN-05-0549,maize,1990,1.678
IN-05-0549,maize,1991,2.97
IN-05-0549,maize,1992,2.916
IN-05-0549,maize,1993,2.948
IN-05-0549,maize,1994,2.129
IN-05-0549,maize,1995,3.395
IN-05-0549,maize,1996,3.047
IN-05-0549,maize,1997,2.625
IN-05-0549,maize,1998,3.015
IN-05-0549,maize,1999,2.866
IN-05-0549,maize,2000,3.208
IN-05-0549,maize,2001,4.077
IN-05-0549,maize,2002,3.262
IN-05-0549,maize,2003,4.561
IN-05-0549,maize,2004,3.173
IN-05-0549,maize,2005,4.346
IN-05-0549,maize,2006,3.486
IN-05-0549,maize,2007,4.642
IN-05-0549,maize,2008,4.741
IN-05-0549,maize,2009,4.608
IN-05-0549,maize,2010,5.364
IN-05-0549,maize,2011,4.878
IN-05-0549,maize,2012,3.205
IN-05-0549,maize,2013,2.732
IN-05-0550,maize,1990,2.181
IN-05-0550,maize,1991,3.097
IN-05-0550,maize,1992,3.077
IN-05-0550,maize,1993,2.965
IN-05-0550,maize,1994,2.609
IN-05-0550,maize,1995,3.863
IN-05-0550,maize,1996,4.326
IN-05-0550,maize,1997,2.857
IN-05-0550,maize,1998,2.944
IN-05-0550,maize,1999,2.871
IN-05-0550,maize,2000,3.333
IN-05-0550,maize,2001,2.699
IN-05-0550,maize,2002,2.528
IN-05-0550,maize,2003,2.971
IN-05-0550,maize,2004,3.333
IN-05-0550,maize,2005,3.496
IN-05-0550,maize,2006,3.384
IN-05-0550,maize,2007,3.357
IN-05-0550,maize,2008,2.923
IN-05-0550,maize,2009,2.47
IN-05-0550,maize,2010,3.427
IN-05-0550,maize,2011,3.096
IN-05-0550,maize,2012,2.684
IN-05-0550,maize,2013,3.161
IN-17-0601,maize,1990,0.6
IN-17-0601,maize,1991,0.6
IN-17-0601,maize,1992,0.4
IN-17-0601,maize,1993,0.4
IN-17-0601,maize,1994,0.4
IN-17-0601,maize,1995,0.6
IN-17-0601,maize,1996,0.6
IN-17-0601,maize,1997,0.429
IN-17-0601,maize,1998,0.429
IN-17-0601,maize,1999,0.6
IN-17-0601,maize,2000,0.5
IN-17-0601,maize,2001,0.5
IN-17-0601,maize,2002,0.571
IN-17-0601,maize,2003,0.5
IN-17-0601,maize,2004,0.556
IN-17-0601,maize,2005,0.5
IN-17-0601,maize,2006,0.455
IN-17-0601,maize,2007,0.455
IN-17-0601,maize,2008,0.5
IN-17-0601,maize,2010,0.5
IN-17-0601,maize,2011,0.556
IN-17-0601,maize,2012,0.6
IN-17-0601,maize,2013,3.0
IN-17-0602,maize,1990,0.625
IN-17-0602,maize,1991,0.614
IN-17-0602,maize,1992,0.63
IN-17-0602,maize,1993,0.628
IN-17-0602,maize,1994,0.603
IN-17-0602,maize,1995,0.611
IN-17-0602,maize,1996,0.622
IN-17-0602,maize,1997,0.605
IN-17-0602,maize,1998,0.605
IN-17-0602,maize,1999,0.61
IN-17-0602,maize,2000,0.613
IN-17-0602,maize,2001,0.603
IN-17-0602,maize,2002,0.616
IN-17-0602,maize,2003,0.62
IN-17-0602,maize,2004,0.618
IN-17-0602,maize,2005,0.6
IN-17-0602,maize,2006,0.63
IN-17-0602,maize,2007,0.593
IN-17-0602,maize,2008,0.607
IN-17-0602,maize,2009,0.6
IN-17-0602,maize,2010,0.6
IN-17-0602,maize,2011,0.683
IN-17-0602,maize,2012,0.768
IN-17-0602,maize,2013,5.988
IN-17-0603,maize,1990,0.543
IN-17-0603,maize,1991,0.521
IN-17-0603,maize,1992,0.532
IN-17-0603,maize,1993,0.542
IN-17-0603,maize,1994,0.531
IN-17-0603,maize,1995,0.54
IN-17-0603,maize,1996,0.54
IN-17-0603,maize,1997,0.54
IN-17-0603,maize,1998,0.532
IN-17-0603,maize,1999,0.542
IN-17-0603,maize,2000,0.54
IN-17-0603,maize,2001,0.522
IN-17-0603,maize,2002,0.535
IN-17-0603,maize,2003,0.535
IN-17-0603,maize,2004,0.519
IN-17-0603,maize,2005,0.533
IN-17-0603,maize,2007,0.5
IN-17-0603,maize,2008,0.375
IN-17-0603,maize,2009,0.833
IN-17-0603,maize,2010,0.6
IN-17-0603,maize,2011,0.714
IN-17-0603,maize,2012,0.692
IN-17-0603,maize,2013,3.583
IN-17-0604,maize,1990,0.588
IN-17-0604,maize,1991,0.571
IN-17-0604,maize,1992,0.571
IN-17-0604,maize,1993,0.522
IN-17-0604,maize,1994,0.565
IN-17-0604,maize,1995,0.565
IN-17-0604,maize,1996,0.565
IN-17-0604,maize,1997,0.565
IN-17-0604,maize,1998,0.565
IN-17-0604,maize,1999,0.565
IN-17-0604,maize,2000,0.583
IN-17-0604,maize,2001,0.6
IN-17-0604,maize,2002,0.556
IN-17-0604,maize,2003,0.571
IN-17-0604,maize,2004,0.556
IN-17-0604,maize,2005,0.615
IN-17-0604,maize,2006,0.6
IN-17-0604,maize,2007,0.538
IN-17-0604,maize,2008,0.615
IN-17-0604,maize,2009,0.533
IN-17-0604,maize,2010,0.6
IN-17-0604,maize,2011,0.727
IN-17-0604,maize,2012,0.667
IN-17-0604,maize,2013,2.05
IN-17-0605,maize,1990,0.632
IN-17-0605,maize,1991,0.625
IN-17-0605,maize,1992,0.605
IN-17-0605,maize,1993,0.632
IN-17-0605,maize,1994,0.639
IN-17-0605,maize,1995,0.611
IN-17-0605,maize,1996,0.625
IN-17-0605,maize,1997,0.625
IN-17-0605,maize,1998,0.613
IN-17-0605,maize,1999,0.633
IN-17-0605,maize,2000,0.611
IN-17-0605,maize,2001,0.625
IN-17-0605,maize,2002,0.621
IN-17-0605,maize,2003,0.615
IN-17-0605,maize,2004,0.619
IN-17-0605,maize,2005,0.647
IN-17-0605,maize,2006,0.632
IN-17-0605,maize,2007,0.606
IN-17-0605,maize,2009,0.619
IN-17-0605,maize,2010,0.591
IN-17-0605,maize,2011,0.708
IN-17-0605,maize,2012,0.8
IN-17-0605,maize,2013,3.56
IN-17-0606,maize,1990,0.684
IN-17-0606,maize,1991,0.681
IN-17-0606,maize,1992,0.69
IN-17-0606,maize,1993,0.694
IN-17-0606,maize,1994,0.69
IN-17-0606,maize,1995,0.711
IN-17-0606,maize,1996,0.711
IN-17-0606,maize,1997,0.871
IN-17-0606,maize,1998,0.761
IN-17-0606,maize,1999,0.778
IN-17-0606,maize,2000,0.801
IN-17-0606,maize,2001,0.779
IN-17-0606,maize,2002,0.786
IN-17-0606,maize,2003,0.788
IN-17-0606,maize,2004,0.784
IN-17-0606,maize,2005,0.786
IN-17-0606,maize,2006,0.786
IN-17-0606,maize,2007,0.786
IN-17-0606,maize,2008,0.787
IN-17-0606,maize,2009,0.787
IN-17-0606,maize,2010,0.79
IN-17-0606,maize,2011,0.895
IN-17-0606,maize,2012,1.006
IN-17-0606,maize,2013,2.212
IN-17-0607,maize,1990,0.6
IN-17-0607,maize,1991,0.567
IN-17-0607,maize,1992,0.6
IN-17-0607,maize,1993,0.619
IN-17-0607,maize,1994,0.6
IN-17-0607,maize,1995,0.609
IN-17-0607,maize,1996,0.6
IN-17-0607,maize,1997,0.577
IN-17-0607,maize,1998,0.593
IN-17-0607,maize,1999,0.593
IN-17-0607,maize,2000,0.615
IN-17-0607,maize,2001,0.615
IN-17-0607,maize,2002,0.593
IN-17-0607,maize,2003,0.593
IN-17-0607,maize,2004,0.6
IN-17-0607,maize,2005,0.609
IN-17-0607,maize,2006,0.625
IN-17-0607,maize,2007,0.625
IN-17-0607,maize,2008,0.563
IN-17-0607,maize,2009,0.6
IN-17-0607,maize,2010,0.563
IN-17-0607,maize,2011,0.714
IN-17-0607,maize,2012,0.765
IN-17-0607,maize,2013,3.353
IN-17-0608,maize,1990,0.651
IN-17-0608,maize,1991,0.652
IN-17-0608,maize,1992,0.816
IN-17-0608,maize,1993,0.748
IN-17-0608,maize,1994,0.753
IN-17-0608,maize,1995,0.75
IN-17-0608,maize,1996,0.748
IN-17-0608,maize,1997,0.746
IN-17-0608,maize,1998,0.748
IN-17-0608,maize,1999,0.748
IN-17-0608,maize,2000,0.747
IN-17-0608,maize,2001,0.748
IN-17-0608,maize,2002,0.755
IN-17-0608,maize,2003,0.752
IN-17-0608,maize,2004,0.752
IN-17-0608,maize,2005,0.747
IN-17-0608,maize,2006,0.753
IN-17-0608,maize,2007,0.75
IN-17-0608,maize,2008,0.75
IN-17-0608,maize,2009,0.749
IN-17-0608,maize,2010,0.75
IN-17-0608,maize,2011,0.853
IN-17-0608,maize,2012,0.956
IN-17-0608,maize,2013,3.273
IN-17-0609,maize,1990,0.493
IN-17-0609,maize,1991,0.469
IN-17-0609,maize,1992,0.62
IN-17-0609,maize,1993,0.691
IN-17-0609,maize,1994,0.655
IN-17-0609,maize,1995,0.674
IN-17-0609,maize,1996,0.681
IN-17-0609,maize,1997,0.667
IN-17-0609,maize,1998,0.667
IN-17-0609,maize,1999,0.66
IN-17-0609,maize,2000,0.654
IN-17-0609,maize,2001,0.661
IN-17-0609,maize,2002,0.66
IN-17-0609,maize,2003,0.65
IN-17-0609,maize,2004,0.667
IN-17-0609,maize,2005,0.653
IN-17-0609,maize,2006,0.683
IN-17-0609,maize,2007,0.675
IN-17-0609,maize,2008,0.556
IN-17-0609,maize,2009,0.667
IN-17-0609,maize,2010,0.659
IN-17-0609,maize,2011,0.767
IN-17-0609,maize,2012,0.867
IN-17-0609,maize,2013,3.906
IN-17-0610,maize,1990,0.444
IN-17-0610,maize,1991,0.5
IN-17-0610,maize,1992,0.75
IN-17-0610,maize,1993,0.75
IN-17-0610,maize,1994,0.75
IN-17-0610,maize,1995,0.75
IN-17-0610,maize,1996,0.8
IN-17-0610,maize,1997,0.667
IN-17-0610,maize,1998,0.6
IN-17-0610,maize,1999,0.8
IN-17-0610,maize,2000,0.667
IN-17-0610,maize,2001,0.667
IN-17-0610,maize,2002,0.667
IN-17-0610,maize,2003,0.714
IN-17-0610,maize,2004,0.7
IN-17-0610,maize,2005,0.7
IN-17-0610,maize,2006,0.571
IN-17-0610,maize,2007,0.714
IN-17-0610,maize,2008,0.75
IN-17-0610,maize,2009,0.714
IN-17-0610,maize,2010,0.714
IN-17-0610,maize,2011,1.0
IN-17-0610,maize,2012,0.75
IN-17-0610,maize,2013,2.5
IN-17-0615,maize,1990,0.6
IN-17-0615,maize,1991,0.6
IN-17-0615,maize,1992,0.6
IN-17-0615,maize,1993,0.6
IN-17-0615,maize,1994,0.6
IN-17-0615,maize,1995,0.6
IN-17-0615,maize,1996,0.6
IN-17-0615,maize,1997,0.6
IN-17-0615,maize,1998,0.6
IN-17-0615,maize,1999,0.6
IN-17-0615,maize,2000,0.75
IN-17-0615,maize,2001,0.6
IN-17-0615,maize,2002,0.6
IN-17-0615,maize,2003,0.6
IN-17-0615,maize,2004,0.75
IN-17-0615,maize,2005,0.75
IN-17-0615,maize,2006,0.75
IN-17-0615,maize,2007,0.6
IN-17-0615,maize,2008,0.667
IN-17-0615,maize,2009,0.667
IN-17-0615,maize,2010,0.625
IN-17-0615,maize,2011,0.667
IN-17-0615,maize,2012,1.0
IN-17-0615,maize,2013,1.714
IN-17-0616,maize,1990,0.645
IN-17-0616,maize,1991,0.655
IN-17-0616,maize,1992,0.652
IN-17-0616,maize,1993,0.619
IN-17-0616,maize,1994,0.591
IN-17-0616,maize,1995,0.619
IN-17-0616,maize,1996,0.583
IN-17-0616,maize,1997,0.593
IN-17-0616,maize,1998,0.621
IN-17-0616,maize,1999,0.607
IN-17-0616,maize,2000,0.593
IN-17-0616,maize,2001,0.593
IN-17-0616,maize,2002,0.615
IN-17-0616,maize,2003,0.615
IN-17-0616,maize,2004,0.636
IN-17-0616,maize,2005,0.636
IN-17-0616,maize,2006,0.636
IN-17-0616,maize,2007,0.6
IN-17-0616,maize,2008,0.615
IN-17-0616,maize,2009,0.6
IN-17-0616,maize,2010,0.595
IN-17-0616,maize,2011,0.652
IN-17-0616,maize,2012,0.737
IN-17-0616,maize,2013,4.322
IN-17-0617,maize,1990,0.537
IN-17-0617,maize,1991,0.556
IN-17-0617,maize,1992,0.561
IN-17-0617,maize,1993,0.535
IN-17-0617,maize,1994,0.553
IN-17-0617,maize,1995,0.548
IN-17-0617,maize,1996,0.542
IN-17-0617,maize,1997,0.52
IN-17-0617,maize,1998,0.52
IN-17-0617,maize,1999,0.56
IN-17-0617,maize,2000,0.531
IN-17-0617,maize,2001,0.545
IN-17-0617,maize,2002,0.548
IN-17-0617,maize,2003,0.533
IN-17-0617,maize,2004,0.542
IN-17-0617,maize,2005,0.545
IN-17-0617,maize,2006,0.545
IN-17-0617,maize,2007,0.55
IN-17-0617,maize,2008,0.533
IN-17-0617,maize,2009,0.55
IN-17-0617,maize,2010,0.529
IN-17-0617,maize,2011,0.6
IN-17-0617,maize,2012,1.0
IN-17-0617,maize,2013,4.0
IN-17-0618,maize,1990,0.5
IN-17-0618,maize,1991,0.5
IN-17-0618,maize,1992,0.667
IN-17-0618,maize,1993,0.667
IN-17-0618,maize,1994,0.5
IN-17-0618,maize,1995,0.4
IN-17-0618,maize,1996,0.6
IN-17-0618,maize,1997,0.6
IN-17-0618,maize,1998,1.0
IN-17-0618,maize,1999,0.4
IN-17-0618,maize,2000,0.571
IN-17-0618,maize,2001,0.429
IN-17-0618,maize,2002,0.5
IN-17-0618,maize,2003,0.5
IN-17-0618,maize,2004,0.5
IN-17-0618,maize,2005,0.333
IN-17-0618,maize,2006,0.5
IN-17-0618,maize,2007,0.333
IN-17-0618,maize,2008,0.5
IN-17-0618,maize,2010,0.571
IN-17-0618,maize,2011,0.5
IN-17-0618,maize,2012,0.667
IN-17-0618,maize,2013,4.0
IN-17-0619,maize,1990,0.667
IN-17-0619,maize,1991,0.5
IN-17-0619,maize,1992,0.5
IN-17-0619,maize,1993,0.667
IN-17-0619,maize,1994,0.5
IN-17-0619,maize,1999,1.0
IN-17-0619,maize,2001,1.0
IN-17-0619,maize,2002,1.0
IN-17-0619,maize,2003,1.0
IN-17-0619,maize,2004,1.0
IN-17-0619,maize,2005,1.0
IN-17-0619,maize,2006,1.0
IN-17-0619,maize,2007,0.5
IN-17-0619,maize,2008,1.0
IN-17-0619,maize,2009,0.5
IN-17-0619,maize,2010,0.5
IN-17-0619,maize,2011,0.5
IN-17-0619,maize,2012,0.5
IN-17-0619,maize,2013,2.333
IN-17-0620,maize,1990,0.509
IN-17-0620,maize,1991,0.509
IN-17-0620,maize,1992,0.509
IN-17-0620,maize,1993,0.517
IN-17-0620,maize,1994,0.516
IN-17-0620,maize,1995,0.528
IN-17-0620,maize,1996,0.526
IN-17-0620,maize,1997,0.519
IN-17-0620,maize,1998,0.522
IN-17-0620,maize,1999,0.525
IN-17-0620,maize,2000,0.515
IN-17-0620,maize,2001,0.514
IN-17-0620,maize,2002,0.514
IN-17-0620,maize,2003,0.514
IN-17-0620,maize,2004,0.522
IN-17-0620,maize,2005,0.515
IN-17-0620,maize,2006,0.527
IN-17-0620,maize,2007,0.516
IN-17-0620,maize,2008,0.522
IN-17-0620,maize,2009,0.519
IN-17-0620,maize,2010,0.519
IN-17-0620,maize,2011,0.548
IN-17-0620,maize,2012,0.649
IN-17-0620,maize,2013,2.957
IN-17-0621,maize,1990,0.636
IN-17-0621,maize,1991,0.7
IN-17-0621,maize,1992,0.7
IN-17-0621,maize,1993,0.667
IN-17-0621,maize,1994,0.75
IN-17-0621,maize,1995,0.767
IN-17-0621,maize,1996,0.75
IN-17-0621,maize,1997,0.743
IN-17-0621,maize,1998,0.741
IN-17-0621,maize,1999,0.75
IN-17-0621,maize,2000,0.75
IN-17-0621,maize,2001,0.75
IN-17-0621,maize,2002,0.743
IN-17-0621,maize,2003,0.765
IN-17-0621,maize,2004,0.765
IN-17-0621,maize,2005,0.765
IN-17-0621,maize,2006,0.778
IN-17-0621,maize,2007,0.667
IN-17-0621,maize,2008,0.667
IN-17-0621,maize,2009,0.75
IN-17-0621,maize,2010,0.75
IN-17-0621,maize,2011,0.8
IN-17-0621,maize,2012,0.818
IN-17-0621,maize,2013,4.167
IN-17-0622,maize,1990,0.557
IN-17-0622,maize,1991,0.552
IN-17-0622,maize,1992,0.578
IN-17-0622,maize,1993,0.6
IN-17-0622,maize,1994,0.583
IN-17-0622,maize,1995,0.629
IN-17-0622,maize,1996,0.63
IN-17-0622,maize,1997,0.579
IN-17-0622,maize,1998,0.608
IN-17-0622,maize,1999,0.606
IN-17-0622,maize,2000,0.6
IN-17-0622,maize,2001,0.609
IN-17-0622,maize,2002,0.59
IN-17-0622,maize,2003,0.58
IN-17-0622,maize,2004,0.586
IN-17-0622,maize,2005,0.584
IN-17-0622,maize,2006,0.586
IN-17-0622,maize,2007,0.578
IN-17-0622,maize,2008,0.578
IN-17-0622,maize,2009,0.568
IN-17-0622,maize,2010,0.58
IN-17-0622,maize,2011,0.654
IN-17-0622,maize,2012,0.722
IN-17-0622,maize,2013,5.241
IN-18-0626,maize,1990,1.74727
IN-18-0626,maize,1991,1.70719
IN-18-0626,maize,1992,1.5566099999999998
IN-18-0626,maize,1993,2.13318
IN-18-0626,maize,1994,1.59228
IN-18-0626,maize,1995,1.64998
IN-18-0626,maize,1996,1.15199
IN-18-0626,maize,1997,1.7881300000000002
IN-18-0626,maize,1998,1.72263
IN-18-0626,maize,1999,1.95173
IN-18-0626,maize,2000,2.22017
IN-18-0626,maize,2001,2.62361
IN-18-0626,maize,2002,1.44989
IN-18-0626,maize,2003,2.10441
IN-18-0626,maize,2004,1.97934
IN-18-0626,maize,2005,1.50636
IN-18-0626,maize,2006,2.08724
IN-18-0626,maize,2007,2.28848
IN-18-0626,maize,2008,1.93313
IN-18-0626,maize,2009,1.98144
IN-18-0626,maize,2010,2.67575
IN-18-0626,maize,2011,2.57604
IN-18-0626,maize,2012,2.37775
IN-18-0626,maize,2013,2.20384
IN-18-0627,maize,1990,2.79165
IN-18-0627,maize,1991,2.45481
IN-18-0627,maize,1992,2.92372
IN-18-0627,maize,1993,3.261
IN-18-0627,maize,1994,2.77849
IN-18-0627,maize,1995,3.00312
IN-18-0627,maize,1996,2.81356
IN-18-0627,maize,1997,2.72135
IN-18-0627,maize,1998,2.5730500000000003
IN-18-0627,maize,1999,2.32003
IN-18-0627,maize,2000,2.51098
IN-18-0627,maize,2001,2.95373
IN-18-0627,maize,2002,1.96268
IN-18-0627,maize,2003,3.04084
IN-18-0627,maize,2004,2.58773
IN-18-0627,maize,2005,1.22788
IN-18-0627,maize,2006,2.55799
IN-18-0627,maize,2007,1.74842
IN-18-0627,maize,2008,2.6062
IN-18-0627,maize,2009,2.67185
IN-18-0627,maize,2010,3.60678
IN-18-0627,maize,2011,3.47266
IN-18-0627,maize,2012,3.2057800000000003
IN-18-0627,maize,2013,2.97091
IN-18-0628,maize,1990,1.83085
IN-18-0628,maize,1991,1.98679
IN-18-0628,maize,1992,1.68873
IN-18-0628,maize,1993,1.86947
IN-18-0628,maize,1994,1.63988
IN-18-0628,maize,1995,1.67948
IN-18-0628,maize,1996,1.49352
IN-18-0628,maize,1997,1.2719200000000002
IN-18-0628,maize,1998,1.80498
IN-18-0628,maize,1999,1.85643
IN-18-0628,maize,2000,2.0493
IN-18-0628,maize,2001,2.25302
IN-18-0628,maize,2002,1.53068
IN-18-0628,maize,2003,1.88352
IN-18-0628,maize,2004,1.97919
IN-18-0628,maize,2005,1.62074
IN-18-0628,maize,2006,2.06217
IN-18-0628,maize,2007,1.99032
IN-18-0628,maize,2008,1.83659
IN-18-0628,maize,2009,1.91549
IN-18-0628,maize,2010,2.58624
IN-18-0628,maize,2011,2.49046
IN-18-0628,maize,2012,2.29841
IN-18-0628,maize,2013,2.13063
IN-18-0629,maize,1990,1.5949
IN-18-0629,maize,1991,1.67791
IN-18-0629,maize,1992,1.82998
IN-18-0629,maize,1993,1.7039000000000002
IN-18-0629,maize,1994,1.43226
IN-18-0629,maize,1995,1.69221
IN-18-0629,maize,1996,1.57926
IN-18-0629,maize,1997,1.4246
IN-18-0629,maize,1998,1.57527
IN-18-0629,maize,1999,1.70925
IN-18-0629,maize,2000,1.83945
IN-18-0629,maize,2001,1.93241
IN-18-0629,maize,2002,1.1593099999999998
IN-18-0629,maize,2003,1.6401400000000002
IN-18-0629,maize,2004,1.56658
IN-18-0629,maize,2005,1.38082
IN-18-0629,maize,2006,1.60929
IN-18-0629,maize,2007,1.88788
IN-18-0629,maize,2008,1.83425
IN-18-0629,maize,2009,1.60444
IN-18-0629,maize,2010,2.1659
IN-18-0629,maize,2011,2.08549
IN-18-0629,maize,2012,1.9254
IN-18-0629,maize,2013,1.78442
IN-18-0630,maize,1990,2.06122
IN-18-0630,maize,1991,1.90698
IN-18-0630,maize,1992,2.08
IN-18-0630,maize,1993,2.12766
IN-18-0630,maize,1994,2.0625
IN-18-0630,maize,1995,2.14894
IN-18-0630,maize,1996,1.93023
IN-18-0630,maize,1997,2.0
IN-18-0630,maize,1998,2.16667
IN-18-0630,maize,1999,2.3
IN-18-0630,maize,2000,2.31579
IN-18-0630,maize,2001,2.53846
IN-18-0630,maize,2002,1.61765
IN-18-0630,maize,2003,2.44186
IN-18-0630,maize,2004,2.15385
IN-18-0630,maize,2005,1.84375
IN-18-0630,maize,2006,2.34483
IN-18-0630,maize,2007,2.29167
IN-18-0630,maize,2008,2.24
IN-18-0630,maize,2009,2.4
IN-18-0630,maize,2010,3.1
IN-18-0630,maize,2011,3.15789
IN-18-0630,maize,2012,2.84211
IN-18-0630,maize,2013,2.65
IN-18-0631,maize,1990,2.30839
IN-18-0631,maize,1991,1.2541
IN-18-0631,maize,1992,2.0877
IN-18-0631,maize,1993,1.96847
IN-18-0631,maize,1994,2.12717
IN-18-0631,maize,1995,2.39367
IN-18-0631,maize,1996,1.85455
IN-18-0631,maize,1997,2.12086
IN-18-0631,maize,1998,2.25962
IN-18-0631,maize,1999,2.87914
IN-18-0631,maize,2000,3.19196
IN-18-0631,maize,2001,3.24612
IN-18-0631,maize,2002,0.96441
IN-18-0631,maize,2003,2.83745
IN-18-0631,maize,2004,2.38015
IN-18-0631,maize,2005,2.62431
IN-18-0631,maize,2006,2.94006
IN-18-0631,maize,2007,3.04218
IN-18-0631,maize,2008,2.69604
IN-18-0631,maize,2009,2.8413600000000003
IN-18-0631,maize,2010,3.83653
IN-18-0631,maize,2011,3.69528
IN-18-0631,maize,2012,3.41081
IN-18-0631,maize,2013,3.17372
IN-18-0632,maize,1990,2.33333
IN-18-0632,maize,1991,1.75
IN-18-0632,maize,1992,2.0
IN-18-0632,maize,1993,2.25
IN-18-0632,maize,1994,1.66667
IN-18-0632,maize,1995,2.0
IN-18-0632,maize,1996,2.0
IN-18-0632,maize,1997,2.33333
IN-18-0632,maize,1998,2.0
IN-18-0632,maize,1999,2.66667
IN-18-0632,maize,2000,2.25
IN-18-0632,maize,2001,2.75
IN-18-0632,maize,2002,1.6
IN-18-0632,maize,2003,3.0
IN-18-0632,maize,2004,2.33333
IN-18-0632,maize,2005,1.77778
IN-18-0632,maize,2006,2.2
IN-18-0632,maize,2007,2.66667
IN-18-0632,maize,2008,2.5
IN-18-0632,maize,2009,2.0
IN-18-0632,maize,2010,2.5
IN-18-0632,maize,2011,2.5
IN-18-0632,maize,2012,2.5
IN-18-0632,maize,2013,2.5
IN-18-0633,maize,1990,2.2479400000000003
IN-18-0633,maize,1991,1.86709
IN-18-0633,maize,1992,2.14185
IN-18-0633,maize,1993,2.12587
IN-18-0633,maize,1994,1.99133
IN-18-0633,maize,1995,2.12104
IN-18-0633,maize,1996,1.84264
IN-18-0633,maize,1997,2.12353
IN-18-0633,maize,1998,2.67404
IN-18-0633,maize,1999,2.16288
IN-18-0633,maize,2000,2.03194
IN-18-0633,maize,2001,2.35641
IN-18-0633,maize,2002,1.62447
IN-18-0633,maize,2003,2.07111
IN-18-0633,maize,2004,1.76324
IN-18-0633,maize,2005,1.67126
IN-18-0633,maize,2006,2.16637
IN-18-0633,maize,2007,2.36384
IN-18-0633,maize,2008,2.40915
IN-18-0633,maize,2009,2.53537
IN-18-0633,maize,2010,0.8875700000000001
IN-18-0633,maize,2011,0.7606499999999999
IN-18-0633,maize,2012,3.04229
IN-18-0633,maize,2013,2.8405500000000004
IN-18-0634,maize,1990,2.10192
IN-18-0634,maize,1991,1.93946
IN-18-0634,maize,1992,2.23427
IN-18-0634,maize,1993,2.35091
IN-18-0634,maize,1994,2.90093
IN-18-0634,maize,1995,2.67254
IN-18-0634,maize,1996,2.4062
IN-18-0634,maize,1997,2.58635
IN-18-0634,maize,1998,2.78655
IN-18-0634,maize,1999,2.91278
IN-18-0634,maize,2000,2.78655
IN-18-0634,maize,2001,3.10993
IN-18-0634,maize,2002,2.0778600000000003
IN-18-0634,maize,2003,3.33233
IN-18-0634,maize,2004,2.8198600000000003
IN-18-0634,maize,2005,2.43503
IN-18-0634,maize,2006,3.02397
IN-18-0634,maize,2007,2.76058
IN-18-0634,maize,2008,2.77249
IN-18-0634,maize,2009,0.25961
IN-18-0634,maize,2010,0.35052
IN-18-0634,maize,2011,0.33749
IN-18-0634,maize,2012,0.31142
IN-18-0634,maize,2013,0.28914
IN-18-0635,maize,1990,2.54649
IN-18-0635,maize,1991,1.88749
IN-18-0635,maize,1992,2.08024
IN-18-0635,maize,1993,2.32924
IN-18-0635,maize,1994,1.91801
IN-18-0635,maize,1995,1.99698
IN-18-0635,maize,1996,2.59306
IN-18-0635,maize,1997,1.98492
IN-18-0635,maize,1998,2.21991
IN-18-0635,maize,1999,2.30318
IN-18-0635,maize,2000,2.0437
IN-18-0635,maize,2001,2.65506
IN-18-0635,maize,2002,1.50293
IN-18-0635,maize,2003,2.91914
IN-18-0635,maize,2004,2.41799
IN-18-0635,maize,2005,2.48239
IN-18-0635,maize,2006,1.85692
IN-18-0635,maize,2007,1.82898
IN-18-0635,maize,2008,2.16391
IN-18-0635,maize,2009,2.2675500000000004
IN-18-0635,maize,2010,3.06061
IN-18-0635,maize,2011,2.94695
IN-18-0635,maize,2012,2.72156
IN-18-0635,maize,2013,2.5344
IN-18-0636,maize,1990,2.54332
IN-18-0636,maize,1991,2.19946
IN-18-0636,maize,1992,2.6902
IN-18-0636,maize,1993,2.24416
IN-18-0636,maize,1994,2.64789
IN-18-0636,maize,1995,2.59265
IN-18-0636,maize,1996,1.90738
IN-18-0636,maize,1997,2.58883
IN-18-0636,maize,1998,2.86842
IN-18-0636,maize,1999,3.16927
IN-18-0636,maize,2000,2.8943000000000003
IN-18-0636,maize,2001,2.96538
IN-18-0636,maize,2002,2.32741
IN-18-0636,maize,2003,2.90817
IN-18-0636,maize,2004,2.04998
IN-18-0636,maize,2005,2.68066
IN-18-0636,maize,2006,3.25985
IN-18-0636,maize,2007,2.85456
IN-18-0636,maize,2008,2.73457
IN-18-0636,maize,2009,2.39331
IN-18-0636,maize,2010,3.23084
IN-18-0636,maize,2011,3.1117
IN-18-0636,maize,2012,2.87146
IN-18-0636,maize,2013,2.67206
IN-18-0637,maize,1990,1.5456500000000002
IN-18-0637,maize,1991,1.76104
IN-18-0637,maize,1992,1.86562
IN-18-0637,maize,1993,1.55399
IN-18-0637,maize,1994,1.62859
IN-18-0637,maize,1995,1.86416
IN-18-0637,maize,1996,1.76178
IN-18-0637,maize,1997,1.73874
IN-18-0637,maize,1998,1.87215
IN-18-0637,maize,1999,2.09756
IN-18-0637,maize,2000,1.85082
IN-18-0637,maize,2001,2.07307
IN-18-0637,maize,2002,1.48473
IN-18-0637,maize,2003,2.40681
IN-18-0637,maize,2004,2.14423
IN-18-0637,maize,2005,1.64623
IN-18-0637,maize,2006,2.1252
IN-18-0637,maize,2007,2.33937
IN-18-0637,maize,2008,2.13154
IN-18-0637,maize,2009,2.169
IN-18-0637,maize,2010,2.92788
IN-18-0637,maize,2011,2.10867
IN-18-0637,maize,2012,2.60308
IN-18-0637,maize,2013,2.41268
IN-19-0658,maize,2011,3.85714
IN-19-0658,maize,2013,1.4
IN-08-0701,maize,1990,1.151
IN-08-0701,maize,1991,1.006
IN-08-0701,maize,1992,1.156
IN-08-0701,maize,1993,1.248
IN-08-0701,maize,1994,1.335
IN-08-0701,maize,1995,1.384
IN-08-0701,maize,1996,1.155
IN-08-0701,maize,1997,0.62
IN-08-0701,maize,1998,0.791
IN-08-0701,maize,1999,0.924
IN-08-0701,maize,2000,1.14
IN-08-0701,maize,2001,0.673
IN-08-0701,maize,2002,0.889
IN-08-0701,maize,2003,0.933
IN-08-0701,maize,2004,0.974
IN-08-0701,maize,2005,1.0
IN-08-0701,maize,2006,1.108
IN-08-0701,maize,2007,1.158
IN-08-0701,maize,2008,1.175
IN-08-0701,maize,2009,1.22
IN-08-0701,maize,2010,1.278
IN-08-0701,maize,2011,2.254
IN-08-0701,maize,2012,2.245
IN-08-0701,maize,2013,2.289
IN-08-0702,maize,1990,0.935
IN-08-0702,maize,1991,0.669
IN-08-0702,maize,1992,0.672
IN-08-0702,maize,1993,0.755
IN-08-0702,maize,1994,0.908
IN-08-0702,maize,1995,0.689
IN-08-0702,maize,1996,0.762
IN-08-0702,maize,1997,0.961
IN-08-0702,maize,1998,0.65
IN-08-0702,maize,1999,0.927
IN-08-0702,maize,2000,1.016
IN-08-0702,maize,2001,0.737
IN-08-0702,maize,2002,0.904
IN-08-0702,maize,2003,0.938
IN-08-0702,maize,2004,1.009
IN-08-0702,maize,2005,1.228
IN-08-0702,maize,2006,1.239
IN-08-0702,maize,2007,1.261
IN-08-0702,maize,2008,1.263
IN-08-0702,maize,2009,1.282
IN-08-0702,maize,2010,2.11
IN-08-0702,maize,2011,2.215
IN-08-0702,maize,2012,2.277
IN-08-0702,maize,2013,2.467
IN-08-0703,maize,1990,1.197
IN-08-0703,maize,1991,0.94
IN-08-0703,maize,1992,1.279
IN-08-0703,maize,1993,1.217
IN-08-0703,maize,1994,1.346
IN-08-0703,maize,1995,1.289
IN-08-0703,maize,1996,1.197
IN-08-0703,maize,1997,1.287
IN-08-0703,maize,1998,1.409
IN-08-0703,maize,1999,1.18
IN-08-0703,maize,2000,0.913
IN-08-0703,maize,2001,1.117
IN-08-0703,maize,2002,0.952
IN-08-0703,maize,2003,0.95
IN-08-0703,maize,2004,0.96
IN-08-0703,maize,2005,1.086
IN-08-0703,maize,2006,1.092
IN-08-0703,maize,2007,1.109
IN-08-0703,maize,2008,1.113
IN-08-0703,maize,2009,1.11
IN-08-0703,maize,2010,1.158
IN-08-0703,maize,2011,2.625
IN-08-0703,maize,2012,2.493
IN-08-0703,maize,2013,2.569
IN-08-0704,maize,1990,1.262
IN-08-0704,maize,1991,0.976
IN-08-0704,maize,1992,0.973
IN-08-0704,maize,1993,0.97
IN-08-0704,maize,1994,1.025
IN-08-0704,maize,1995,1.129
IN-08-0704,maize,1996,0.703
IN-08-0704,maize,1997,0.56
IN-08-0704,maize,1998,0.562
IN-08-0704,maize,1999,0.602
IN-08-0704,maize,2000,0.406
IN-08-0704,maize,2001,0.585
IN-08-0704,maize,2002,0.696
IN-08-0704,maize,2003,0.655
IN-08-0704,maize,2004,0.611
IN-08-0704,maize,2005,0.966
IN-08-0704,maize,2006,0.889
IN-08-0704,maize,2007,1.062
IN-08-0704,maize,2008,1.066
IN-08-0704,maize,2009,1.221
IN-08-0704,maize,2010,1.414
IN-08-0704,maize,2011,1.544
IN-08-0704,maize,2012,1.593
IN-08-0704,maize,2013,1.787
IN-08-0705,maize,1990,0.886
IN-08-0705,maize,1991,0.909
IN-08-0705,maize,1992,1.193
IN-08-0705,maize,1993,1.154
IN-08-0705,maize,1994,1.157
IN-08-0705,maize,1995,1.15
IN-08-0705,maize,1996,0.761
IN-08-0705,maize,1997,1.104
IN-08-0705,maize,1998,1.106
IN-08-0705,maize,1999,1.139
IN-08-0705,maize,2000,1.041
IN-08-0705,maize,2001,1.227
IN-08-0705,maize,2002,1.342
IN-08-0705,maize,2003,1.254
IN-08-0705,maize,2004,1.301
IN-08-0705,maize,2005,1.322
IN-08-0705,maize,2006,1.319
IN-08-0705,maize,2007,1.353
IN-08-0705,maize,2008,1.358
IN-08-0705,maize,2009,1.394
IN-08-0705,maize,2010,1.381
IN-08-0705,maize,2011,1.929
IN-08-0705,maize,2012,1.976
IN-08-0705,maize,2013,2.398
IN-08-0706,maize,1990,1.152
IN-08-0706,maize,1991,0.969
IN-08-0706,maize,1992,1.03
IN-08-0706,maize,1993,0.997
IN-08-0706,maize,1994,0.851
IN-08-0706,maize,1995,0.915
IN-08-0706,maize,1996,0.86
IN-08-0706,maize,1997,1.001
IN-08-0706,maize,1998,0.957
IN-08-0706,maize,1999,1.146
IN-08-0706,maize,2000,1.175
IN-08-0706,maize,2001,1.541
IN-08-0706,maize,2002,1.835
IN-08-0706,maize,2003,1.376
IN-08-0706,maize,2004,1.099
IN-08-0706,maize,2005,1.123
IN-08-0706,maize,2006,1.188
IN-08-0706,maize,2007,1.511
IN-08-0706,maize,2008,1.514
IN-08-0706,maize,2009,2.461
IN-08-0706,maize,2010,2.742
IN-08-0706,maize,2011,3.887
IN-08-0706,maize,2012,3.869
IN-08-0706,maize,2013,3.845
IN-08-0707,maize,1990,1.181
IN-08-0707,maize,1991,0.926
IN-08-0707,maize,1992,0.972
IN-08-0707,maize,1993,1.021
IN-08-0707,maize,1994,1.043
IN-08-0707,maize,1995,1.201
IN-08-0707,maize,1996,1.627
IN-08-0707,maize,1997,1.823
IN-08-0707,maize,1998,0.947
IN-08-0707,maize,1999,1.731
IN-08-0707,maize,2000,0.788
IN-08-0707,maize,2001,0.655
IN-08-0707,maize,2002,0.83
IN-08-0707,maize,2003,0.869
IN-08-0707,maize,2004,1.054
IN-08-0707,maize,2005,0.668
IN-08-0707,maize,2006,0.83
IN-08-0707,maize,2007,1.035
IN-08-0707,maize,2008,1.036
IN-08-0707,maize,2009,1.447
IN-08-0707,maize,2010,1.719
IN-08-0707,maize,2011,1.432
IN-08-0707,maize,2012,1.759
IN-08-0707,maize,2013,2.419
IN-08-0708,maize,1990,1.583
IN-08-0708,maize,1991,0.956
IN-08-0708,maize,1992,1.047
IN-08-0708,maize,1993,1.176
IN-08-0708,maize,1994,1.344
IN-08-0708,maize,1995,1.716
IN-08-0708,maize,1996,0.976
IN-08-0708,maize,1997,0.887
IN-08-0708,maize,1998,0.89
IN-08-0708,maize,1999,0.883
IN-08-0708,maize,2000,1.014
IN-08-0708,maize,2001,1.022
IN-08-0708,maize,2002,0.97
IN-08-0708,maize,2003,1.038
IN-08-0708,maize,2004,1.033
IN-08-0708,maize,2005,1.128
IN-08-0708,maize,2006,1.616
IN-08-0708,maize,2007,1.709
IN-08-0708,maize,2008,1.746
IN-08-0708,maize,2009,1.686
IN-08-0708,maize,2010,2.987
IN-08-0708,maize,2011,2.314
IN-08-0708,maize,2012,2.373
IN-08-0708,maize,2013,2.729
IN-08-0709,maize,1990,1.018
IN-08-0709,maize,1991,0.93
IN-08-0709,maize,1992,0.996
IN-08-0709,maize,1993,0.986
IN-08-0709,maize,1994,1.028
IN-08-0709,maize,1995,1.023
IN-08-0709,maize,1996,0.753
IN-08-0709,maize,1997,1.051
IN-08-0709,maize,1998,1.073
IN-08-0709,maize,1999,1.089
IN-08-0709,maize,2000,0.863
IN-08-0709,maize,2001,1.17
IN-08-0709,maize,2002,0.994
IN-08-0709,maize,2003,1.009
IN-08-0709,maize,2004,1.02
IN-08-0709,maize,2005,1.083
IN-08-0709,maize,2006,1.078
IN-08-0709,maize,2007,1.179
IN-08-0709,maize,2008,1.184
IN-08-0709,maize,2009,1.325
IN-08-0709,maize,2010,1.281
IN-08-0709,maize,2011,1.392
IN-08-0709,maize,2012,1.593
IN-08-0709,maize,2013,2.062
IN-08-0710,maize,1990,0.918
IN-08-0710,maize,1991,0.937
IN-08-0710,maize,1992,1.108
IN-08-0710,maize,1993,1.081
IN-08-0710,maize,1994,1.513
IN-08-0710,maize,1995,1.733
IN-08-0710,maize,1996,1.244
IN-08-0710,maize,1997,1.355
IN-08-0710,maize,1998,1.239
IN-08-0710,maize,1999,1.413
IN-08-0710,maize,2000,1.487
IN-08-0710,maize,2001,1.369
IN-08-0710,maize,2002,1.309
IN-08-0710,maize,2003,1.321
IN-08-0710,maize,2004,1.397
IN-08-0710,maize,2005,1.4
IN-08-0710,maize,2006,1.41
IN-08-0710,maize,2007,1.624
IN-08-0710,maize,2008,1.626
IN-08-0710,maize,2009,1.617
IN-08-0710,maize,2010,1.677
IN-08-0710,maize,2011,1.6
IN-08-0710,maize,2012,1.706
IN-08-0710,maize,2013,2.124
IN-08-0711,maize,1990,0.924
IN-08-0711,maize,1991,0.931
IN-08-0711,maize,1992,0.958
IN-08-0711,maize,1993,0.967
IN-08-0711,maize,1994,0.939
IN-08-0711,maize,1995,0.926
IN-08-0711,maize,1996,0.833
IN-08-0711,maize,1997,0.857
IN-08-0711,maize,1998,0.867
IN-08-0711,maize,1999,0.867
IN-08-0711,maize,2000,0.875
IN-08-0711,maize,2001,0.739
IN-08-0711,maize,2002,0.76
IN-08-0711,maize,2003,0.762
IN-08-0711,maize,2004,0.75
IN-08-0711,maize,2005,0.708
IN-08-0711,maize,2006,0.667
IN-08-0711,maize,2007,0.7
IN-08-0711,maize,2008,0.7
IN-08-0711,maize,2009,0.64
IN-08-0711,maize,2010,0.692
IN-08-0711,maize,2011,0.692
IN-08-0711,maize,2012,0.846
IN-08-0711,maize,2013,0.967
IN-08-0712,maize,1990,1.578
IN-08-0712,maize,1991,0.861
IN-08-0712,maize,1992,0.959
IN-08-0712,maize,1993,1.119
IN-08-0712,maize,1994,1.148
IN-08-0712,maize,1995,1.248
IN-08-0712,maize,1996,2.244
IN-08-0712,maize,1997,1.769
IN-08-0712,maize,1998,1.45
IN-08-0712,maize,1999,1.508
IN-08-0712,maize,2000,1.965
IN-08-0712,maize,2001,2.069
IN-08-0712,maize,2002,1.096
IN-08-0712,maize,2003,0.875
IN-08-0712,maize,2004,0.944
IN-08-0712,maize,2005,1.277
IN-08-0712,maize,2006,1.319
IN-08-0712,maize,2007,1.264
IN-08-0712,maize,2008,1.27
IN-08-0712,maize,2009,1.3
IN-08-0712,maize,2010,1.928
IN-08-0712,maize,2011,1.94
IN-08-0712,maize,2012,1.954
IN-08-0712,maize,2013,2.319
IN-08-0713,maize,1990,1.352
IN-08-0713,maize,1991,0.817
IN-08-0713,maize,1992,1.244
IN-08-0713,maize,1993,1.277
IN-08-0713,maize,1994,1.21
IN-08-0713,maize,1995,1.15
IN-08-0713,maize,1996,1.689
IN-08-0713,maize,1997,2.053
IN-08-0713,maize,1998,1.307
IN-08-0713,maize,1999,1.78
IN-08-0713,maize,2000,1.444
IN-08-0713,maize,2001,0.881
IN-08-0713,maize,2002,1.218
IN-08-0713,maize,2003,0.918
IN-08-0713,maize,2004,0.831
IN-08-0713,maize,2005,1.139
IN-08-0713,maize,2006,1.189
IN-08-0713,maize,2007,1.238
IN-08-0713,maize,2008,1.246
IN-08-0713,maize,2009,1.301
IN-08-0713,maize,2010,1.303
IN-08-0713,maize,2011,1.676
IN-08-0713,maize,2012,1.844
IN-08-0713,maize,2013,2.344
IN-08-0714,maize,1995,1.434
IN-08-0714,maize,1996,1.395
IN-08-0714,maize,1997,1.5
IN-08-0714,maize,1998,1.2
IN-08-0714,maize,1999,1.125
IN-08-0714,maize,2000,1.667
IN-08-0714,maize,2001,1.5
IN-08-0714,maize,2002,1.25
IN-08-0714,maize,2003,1.333
IN-08-0714,maize,2004,1.333
IN-08-0714,maize,2005,1.556
IN-08-0714,maize,2006,1.333
IN-08-0714,maize,2007,1.444
IN-08-0714,maize,2008,1.462
IN-08-0714,maize,2009,1.538
IN-08-0714,maize,2010,1.5
IN-08-0714,maize,2011,1.25
IN-08-0714,maize,2012,1.375
IN-08-0714,maize,2013,1.917
IN-08-0716,maize,1995,1.207
IN-08-0716,maize,1996,1.263
IN-08-0716,maize,1997,1.385
IN-08-0716,maize,1998,1.432
IN-08-0716,maize,1999,1.452
IN-08-0716,maize,2000,0.971
IN-08-0716,maize,2001,1.324
IN-08-0716,maize,2002,1.462
IN-08-0716,maize,2003,1.568
IN-08-0716,maize,2004,1.613
IN-08-0716,maize,2005,1.68
IN-08-0716,maize,2006,1.238
IN-08-0716,maize,2007,1.259
IN-08-0716,maize,2008,1.304
IN-08-0716,maize,2009,1.35
IN-08-0716,maize,2010,1.381
IN-08-0716,maize,2011,1.65
IN-08-0716,maize,2012,1.75
IN-08-0716,maize,2013,2.063
IN-08-0717,maize,1995,0.938
IN-08-0717,maize,1996,0.907
IN-08-0717,maize,1997,0.651
IN-08-0717,maize,1998,0.685
IN-08-0717,maize,1999,0.663
IN-08-0717,maize,2000,0.626
IN-08-0717,maize,2001,0.701
IN-08-0717,maize,2002,0.777
IN-08-0717,maize,2003,0.813
IN-08-0717,maize,2004,0.739
IN-08-0717,maize,2005,0.748
IN-08-0717,maize,2006,0.758
IN-08-0717,maize,2007,0.765
IN-08-0717,maize,2008,1.419
IN-08-0717,maize,2009,1.204
IN-08-0717,maize,2010,1.24
IN-08-0717,maize,2011,1.198
IN-08-0717,maize,2012,1.485
IN-08-0717,maize,2013,1.855
IN-08-0718,maize,1995,1.869
IN-08-0718,maize,1996,1.542
IN-08-0718,maize,1997,1.533
IN-08-0718,maize,1998,1.421
IN-08-0718,maize,1999,1.294
IN-08-0718,maize,2000,1.375
IN-08-0718,maize,2001,1.071
IN-08-0718,maize,2002,1.417
IN-08-0718,maize,2003,1.308
IN-08-0718,maize,2004,1.286
IN-08-0718,maize,2005,1.5
IN-08-0718,maize,2006,1.511
IN-08-0718,maize,2007,1.575
IN-08-0718,maize,2008,1.571
IN-08-0718,maize,2009,1.579
IN-08-0718,maize,2010,1.361
IN-08-0718,maize,2011,1.0
IN-08-0718,maize,2012,1.273
IN-08-0718,maize,2013,1.5
IN-08-0719,maize,1995,1.178
IN-08-0719,maize,1996,0.628
IN-08-0719,maize,1997,0.723
IN-08-0719,maize,1998,0.578
IN-08-0719,maize,1999,0.6
IN-08-0719,maize,2000,0.475
IN-08-0719,maize,2001,0.597
IN-08-0719,maize,2002,0.718
IN-08-0719,maize,2003,0.667
IN-08-0719,maize,2004,0.593
IN-08-0719,maize,2005,0.778
IN-08-0719,maize,2006,0.897
IN-08-0719,maize,2007,0.969
IN-08-0719,maize,2008,0.972
IN-08-0719,maize,2009,1.13
IN-08-0719,maize,2010,3.0
IN-08-0719,maize,2011,1.421
IN-08-0719,maize,2012,1.515
IN-08-0719,maize,2013,1.918
IN-08-0720,maize,1995,1.1
IN-08-0720,maize,1996,1.731
IN-08-0720,maize,1997,1.1
IN-08-0720,maize,1998,1.114
IN-08-0720,maize,1999,1.091
IN-08-0720,maize,2000,1.257
IN-08-0720,maize,2001,1.101
IN-08-0720,maize,2002,1.321
IN-08-0720,maize,2003,1.122
IN-08-0720,maize,2004,1.421
IN-08-0720,maize,2005,1.361
IN-08-0720,maize,2006,1.412
IN-08-0720,maize,2007,1.438
IN-08-0720,maize,2008,1.54
IN-08-0720,maize,2009,1.42
IN-08-0720,maize,2010,1.72
IN-08-0720,maize,2011,1.915
IN-08-0720,maize,2012,2.01
IN-08-0720,maize,2013,2.38
IN-08-0721,maize,1995,0.778
IN-08-0721,maize,1996,0.962
IN-08-0721,maize,1997,1.432
IN-08-0721,maize,1998,1.512
IN-08-0721,maize,1999,1.656
IN-08-0721,maize,2000,1.306
IN-08-0721,maize,2001,0.519
IN-08-0721,maize,2002,0.764
IN-08-0721,maize,2003,0.76
IN-08-0721,maize,2004,1.322
IN-08-0721,maize,2005,1.379
IN-08-0721,maize,2006,1.393
IN-08-0721,maize,2007,1.628
IN-08-0721,maize,2008,1.622
IN-08-0721,maize,2009,1.514
IN-08-0721,maize,2010,1.855
IN-08-0721,maize,2011,1.913
IN-08-0721,maize,2012,1.935
IN-08-0721,maize,2013,2.175
IN-08-0722,maize,1995,1.345
IN-08-0722,maize,1996,0.729
IN-08-0722,maize,1997,0.679
IN-08-0722,maize,1998,0.9
IN-08-0722,maize,1999,0.914
IN-08-0722,maize,2000,1.289
IN-08-0722,maize,2001,0.976
IN-08-0722,maize,2002,0.738
IN-08-0722,maize,2003,0.945
IN-08-0722,maize,2004,0.941
IN-08-0722,maize,2005,0.944
IN-08-0722,maize,2006,1.083
IN-08-0722,maize,2007,1.635
IN-08-0722,maize,2008,1.637
IN-08-0722,maize,2009,2.087
IN-08-0722,maize,2010,2.647
IN-08-0722,maize,2011,2.714
IN-08-0722,maize,2012,2.718
IN-08-0722,maize,2013,2.733
IN-08-0723,maize,1995,2.013
IN-08-0723,maize,1996,1.502
IN-08-0723,maize,1997,2.161
IN-08-0723,maize,1998,2.002
IN-08-0723,maize,1999,1.573
IN-08-0723,maize,2000,1.927
IN-08-0723,maize,2001,1.572
IN-08-0723,maize,2002,1.647
IN-08-0723,maize,2003,1.584
IN-08-0723,maize,2004,2.278
IN-08-0723,maize,2005,2.965
IN-08-0723,maize,2006,3.064
IN-08-0723,maize,2007,5.325
IN-08-0723,maize,2008,5.326
IN-08-0723,maize,2009,4.103
IN-08-0723,maize,2010,4.083
IN-08-0723,maize,2011,2.732
IN-08-0723,maize,2012,2.809
IN-08-0723,maize,2013,3.332
IN-08-0724,maize,1995,1.603
IN-08-0724,maize,1996,0.723
IN-08-0724,maize,1997,0.87
IN-08-0724,maize,1998,0.817
IN-08-0724,maize,1999,1.011
IN-08-0724,maize,2000,1.521
IN-08-0724,maize,2001,1.668
IN-08-0724,maize,2002,0.944
IN-08-0724,maize,2003,1.134
IN-08-0724,maize,2004,1.176
IN-08-0724,maize,2005,1.579
IN-08-0724,maize,2006,1.722
IN-08-0724,maize,2007,2.764
IN-08-0724,maize,2008,2.766
IN-08-0724,maize,2009,2.124
IN-08-0724,maize,2010,3.095
IN-08-0724,maize,2011,3.966
IN-08-0724,maize,2012,3.712
IN-08-0724,maize,2013,3.657
IN-08-0725,maize,1995,1.031
IN-08-0725,maize,1996,0.874
IN-08-0725,maize,1997,0.661
IN-08-0725,maize,1998,0.671
IN-08-0725,maize,1999,0.769
IN-08-0725,maize,2000,0.688
IN-08-0725,maize,2001,1.0
IN-08-0725,maize,2002,0.745
IN-08-0725,maize,2003,0.624
IN-08-0725,maize,2004,0.904
IN-08-0725,maize,2005,1.439
IN-08-0725,maize,2006,1.518
IN-08-0725,maize,2007,1.531
IN-08-0725,maize,2008,1.925
IN-08-0725,maize,2009,1.875
IN-08-0725,maize,2010,2.025
IN-08-0725,maize,2011,2.069
IN-08-0725,maize,2012,2.101
IN-08-0725,maize,2013,2.188
IN-08-0726,maize,1995,0.955
IN-08-0726,maize,1996,2.005
IN-08-0726,maize,1997,0.997
IN-08-0726,maize,1998,1.029
IN-08-0726,maize,1999,0.931
IN-08-0726,maize,2000,1.052
IN-08-0726,maize,2001,1.064
IN-08-0726,maize,2002,1.115
IN-08-0726,maize,2003,1.033
IN-08-0726,maize,2004,1.093
IN-08-0726,maize,2005,1.027
IN-08-0726,maize,2006,1.06
IN-08-0726,maize,2007,1.065
IN-08-0726,maize,2008,1.122
IN-08-0726,maize,2009,1.089
IN-08-0726,maize,2010,1.415
IN-08-0726,maize,2011,1.866
IN-08-0726,maize,2012,1.879
IN-08-0726,maize,2013,2.098
IN-08-0728,maize,1995,1.162
IN-08-0728,maize,1996,1.087
IN-08-0728,maize,1997,1.158
IN-08-0728,maize,1998,1.383
IN-08-0728,maize,1999,1.525
IN-08-0728,maize,2000,1.527
IN-08-0728,maize,2001,1.516
IN-08-0728,maize,2002,1.528
IN-08-0728,maize,2003,1.537
IN-08-0728,maize,2004,1.573
IN-08-0728,maize,2005,1.38
IN-08-0728,maize,2006,1.38
IN-08-0728,maize,2007,1.385
IN-08-0728,maize,2008,1.393
IN-08-0728,maize,2009,1.414
IN-08-0728,maize,2010,1.426
IN-08-0728,maize,2011,1.427
IN-08-0728,maize,2012,1.46
IN-08-0728,maize,2013,1.755
IN-08-0729,maize,1995,1.317
IN-08-0729,maize,1996,1.576
IN-08-0729,maize,1997,1.706
IN-08-0729,maize,1998,1.621
IN-08-0729,maize,1999,1.682
IN-08-0729,maize,2000,1.59
IN-08-0729,maize,2001,1.467
IN-08-0729,maize,2002,1.314
IN-08-0729,maize,2003,1.09
IN-08-0729,maize,2004,1.306
IN-08-0729,maize,2005,1.328
IN-08-0729,maize,2006,1.317
IN-08-0729,maize,2007,1.324
IN-08-0729,maize,2008,1.354
IN-08-0729,maize,2009,1.396
IN-08-0729,maize,2010,2.988
IN-08-0729,maize,2011,1.402
IN-08-0729,maize,2012,1.587
IN-08-0729,maize,2013,1.802
IN-08-0730,maize,1995,1.207
IN-08-0730,maize,1996,1.7
IN-08-0730,maize,1997,1.524
IN-08-0730,maize,1998,1.512
IN-08-0730,maize,1999,1.548
IN-08-0730,maize,2000,1.392
IN-08-0730,maize,2001,1.403
IN-08-0730,maize,2002,0.838
IN-08-0730,maize,2003,0.8
IN-08-0730,maize,2004,0.9
IN-08-0730,maize,2005,1.058
IN-08-0730,maize,2006,1.109
IN-08-0730,maize,2007,1.11
IN-08-0730,maize,2008,1.12
IN-08-0730,maize,2009,1.171
IN-08-0730,maize,2010,1.786
IN-08-0730,maize,2011,1.789
IN-08-0730,maize,2012,1.855
IN-08-0730,maize,2013,2.059
IN-08-0731,maize,1995,1.373
IN-08-0731,maize,1996,2.431
IN-08-0731,maize,1997,1.235
IN-08-0731,maize,1998,1.596
IN-08-0731,maize,1999,1.6
IN-08-0731,maize,2000,1.175
IN-08-0731,maize,2001,1.224
IN-08-0731,maize,2002,1.28
IN-08-0731,maize,2003,0.75
IN-08-0731,maize,2004,1.018
IN-08-0731,maize,2005,1.011
IN-08-0731,maize,2006,1.522
IN-08-0731,maize,2007,1.416
IN-08-0731,maize,2008,1.419
IN-08-0731,maize,2009,1.463
IN-08-0731,maize,2010,1.494
IN-08-0731,maize,2011,2.379
IN-08-0731,maize,2012,2.356
IN-08-0731,maize,2013,2.485
IN-08-0732,maize,1995,0.958
IN-08-0732,maize,1996,0.636
IN-08-0732,maize,1997,0.756
IN-08-0732,maize,1998,0.757
IN-08-0732,maize,1999,0.829
IN-08-0732,maize,2000,0.842
IN-08-0732,maize,2001,0.919
IN-08-0732,maize,2002,0.943
IN-08-0732,maize,2003,0.97
IN-08-0732,maize,2004,1.065
IN-08-0732,maize,2005,1.121
IN-08-0732,maize,2006,1.267
IN-08-0732,maize,2007,1.438
IN-08-0732,maize,2008,1.438
IN-08-0732,maize,2009,1.515
IN-08-0732,maize,2010,1.556
IN-08-0732,maize,2011,1.758
IN-08-0732,maize,2012,1.806
IN-08-0732,maize,2013,2.085
IN-13-0801,maize,2003,2.9
IN-13-0801,maize,2004,2.64
IN-13-0801,maize,2005,2.04
IN-13-0801,maize,2006,2.08
IN-13-0801,maize,2007,2.0
IN-13-0801,maize,2008,2.103
IN-13-0801,maize,2009,1.387
IN-13-0801,maize,2010,2.135
IN-13-0801,maize,2011,1.4
IN-13-0801,maize,2012,2.6
IN-13-0801,maize,2013,2.0
IN-13-0802,maize,1990,1.0
IN-13-0802,maize,1993,1.222
IN-13-0802,maize,1996,2.0
IN-13-0802,maize,1997,1.0
IN-13-0802,maize,2007,2.0
IN-13-0802,maize,2008,3.556
IN-13-0802,maize,2009,3.565
IN-13-0802,maize,2010,2.688
IN-13-0802,maize,2011,2.765
IN-13-0802,maize,2012,2.65
IN-13-0802,maize,2013,2.824
IN-13-0803,maize,1990,1.14
IN-13-0803,maize,1991,0.593
IN-13-0803,maize,1992,1.513
IN-13-0803,maize,1993,1.211
IN-13-0803,maize,1994,0.962
IN-13-0803,maize,1995,1.091
IN-13-0803,maize,1996,1.083
IN-13-0803,maize,1997,1.88
IN-13-0803,maize,1998,2.8
IN-13-0803,maize,1999,2.0
IN-13-0803,maize,2000,2.423
IN-13-0803,maize,2001,2.338
IN-13-0803,maize,2002,2.0
IN-13-0803,maize,2003,2.487
IN-13-0803,maize,2004,2.776
IN-13-0803,maize,2005,2.366
IN-13-0803,maize,2006,2.324
IN-13-0803,maize,2007,2.483
IN-13-0803,maize,2008,2.569
IN-13-0803,maize,2009,2.362
IN-13-0803,maize,2010,2.622
IN-13-0803,maize,2011,2.609
IN-13-0803,maize,2012,2.536
IN-13-0803,maize,2013,2.613
IN-13-0804,maize,1990,1.083
IN-13-0804,maize,1991,0.588
IN-13-0804,maize,1992,1.529
IN-13-0804,maize,1993,1.216
IN-13-0804,maize,1994,0.933
IN-13-0804,maize,1995,1.1
IN-13-0804,maize,1996,1.067
IN-13-0804,maize,1997,1.912
IN-13-0804,maize,1998,3.105
IN-13-0804,maize,1999,2.085
IN-13-0804,maize,2000,2.419
IN-13-0804,maize,2001,2.4
IN-13-0804,maize,2002,1.909
IN-13-0804,maize,2003,3.188
IN-13-0804,maize,2004,3.251
IN-13-0804,maize,2005,4.462
IN-13-0804,maize,2006,4.618
IN-13-0804,maize,2007,4.643
IN-13-0804,maize,2008,4.487
IN-13-0804,maize,2009,4.78
IN-13-0804,maize,2010,4.68
IN-13-0804,maize,2011,4.676
IN-13-0804,maize,2012,3.885
IN-13-0804,maize,2013,4.447
IN-13-0805,maize,1991,0.25
IN-13-0805,maize,1992,2.0
IN-13-0805,maize,1993,1.0
IN-13-0805,maize,1994,1.0
IN-13-0805,maize,1996,1.0
IN-13-0805,maize,1997,0.765
IN-13-0805,maize,1998,1.145
IN-13-0805,maize,1999,1.545
IN-13-0805,maize,2000,1.8
IN-13-0805,maize,2001,1.0
IN-13-0805,maize,2002,1.5
IN-13-0805,maize,2003,1.85
IN-13-0805,maize,2004,1.667
IN-13-0805,maize,2005,1.857
IN-13-0805,maize,2006,2.548
IN-13-0805,maize,2007,3.0
IN-13-0805,maize,2008,2.313
IN-13-0805,maize,2009,2.125
IN-13-0805,maize,2010,2.053
IN-13-0805,maize,2011,2.1
IN-13-0805,maize,2012,2.089
IN-13-0805,maize,2013,2.107
IN-13-0806,maize,1990,0.25
IN-13-0806,maize,1991,0.262
IN-13-0806,maize,1992,1.778
IN-13-0806,maize,1993,1.414
IN-13-0806,maize,1994,1.056
IN-13-0806,maize,1995,1.171
IN-13-0806,maize,1996,1.0
IN-13-0806,maize,1997,0.75
IN-13-0806,maize,1998,1.158
IN-13-0806,maize,1999,1.5
IN-13-0806,maize,2000,1.84
IN-13-0806,maize,2001,1.793
IN-13-0806,maize,2002,1.667
IN-13-0806,maize,2003,1.647
IN-13-0806,maize,2004,1.75
IN-13-0806,maize,2005,1.5
IN-13-0806,maize,2006,1.593
IN-13-0806,maize,2007,1.2
IN-13-0806,maize,2008,1.543
IN-13-0806,maize,2009,1.361
IN-13-0806,maize,2010,1.714
IN-13-0806,maize,2011,1.565
IN-13-0806,maize,2012,1.611
IN-13-0806,maize,2013,1.5
IN-13-0807,maize,1990,2.86
IN-13-0807,maize,1991,0.266
IN-13-0807,maize,1992,1.777
IN-13-0807,maize,1993,1.415
IN-13-0807,maize,1994,1.055
IN-13-0807,maize,1995,1.177
IN-13-0807,maize,1996,1.034
IN-13-0807,maize,1997,0.76
IN-13-0807,maize,1998,1.143
IN-13-0807,maize,1999,1.559
IN-13-0807,maize,2000,1.805
IN-13-0807,maize,2001,1.764
IN-13-0807,maize,2002,1.143
IN-13-0807,maize,2003,1.294
IN-13-0807,maize,2004,1.787
IN-13-0807,maize,2005,1.936
IN-13-0807,maize,2006,2.692
IN-13-0807,maize,2007,2.333
IN-13-0807,maize,2008,1.4
IN-13-0807,maize,2009,2.294
IN-13-0807,maize,2010,2.152
IN-13-0807,maize,2011,2.174
IN-13-0807,maize,2012,3.258
IN-13-0807,maize,2013,2.409
IN-13-0810,maize,1994,1.0
IN-13-0810,maize,2003,2.0
IN-13-0810,maize,2004,2.0
IN-13-0810,maize,2005,2.5
IN-13-0810,maize,2006,2.577
IN-13-0810,maize,2007,3.5
IN-13-0810,maize,2008,2.0
IN-13-0810,maize,2009,2.346
IN-13-0810,maize,2010,2.0
IN-13-0810,maize,2011,2.04
IN-13-0810,maize,2012,2.0
IN-13-0810,maize,2013,2.0
IN-13-0811,maize,2001,2.333
IN-13-0811,maize,2002,1.667
IN-13-0811,maize,2003,1.0
IN-13-0811,maize,2004,1.0
IN-13-0811,maize,2005,1.0
IN-13-0811,maize,2006,1.222
IN-13-0811,maize,2007,1.0
IN-13-0811,maize,2008,1.111
IN-13-0811,maize,2009,1.222
IN-13-0811,maize,2010,1.222
IN-13-0811,maize,2011,1.111
IN-13-0811,maize,2012,1.333
IN-13-0811,maize,2013,1.222
IN-13-0812,maize,1990,1.464
IN-13-0812,maize,1991,0.592
IN-13-0812,maize,1992,0.668
IN-13-0812,maize,1993,1.219
IN-13-0812,maize,1994,0.84
IN-13-0812,maize,1995,0.813
IN-13-0812,maize,1996,1.0
IN-13-0812,maize,1997,2.329
IN-13-0812,maize,1998,3.598
IN-13-0812,maize,1999,2.075
IN-13-0812,maize,2000,3.099
IN-13-0812,maize,2001,1.366
IN-13-0812,maize,2002,1.611
IN-13-0812,maize,2003,1.815
IN-13-0812,maize,2004,1.886
IN-13-0812,maize,2005,1.862
IN-13-0812,maize,2006,1.982
IN-13-0812,maize,2007,2.171
IN-13-0812,maize,2008,2.464
IN-13-0812,maize,2009,2.008
IN-13-0812,maize,2010,3.202
IN-13-0812,maize,2011,2.552
IN-13-0812,maize,2012,2.622
IN-13-0812,maize,2013,3.386
IN-13-0813,maize,1990,1.241
IN-13-0813,maize,1991,5.543
IN-13-0813,maize,1992,4.16
IN-13-0813,maize,1993,5.58
IN-13-0813,maize,1994,5.684
IN-13-0813,maize,1995,4.136
IN-13-0813,maize,1996,5.022
IN-13-0813,maize,1997,3.852
IN-13-0813,maize,1998,3.607
IN-13-0813,maize,1999,2.189
IN-13-0813,maize,2000,3.095
IN-13-0813,maize,2001,3.47
IN-13-0813,maize,2002,2.254
IN-13-0813,maize,2003,1.974
IN-13-0813,maize,2004,2.889
IN-13-0813,maize,2005,2.045
IN-13-0813,maize,2006,2.116
IN-13-0813,maize,2007,2.497
IN-13-0813,maize,2008,2.721
IN-13-0813,maize,2009,2.501
IN-13-0813,maize,2010,2.54
IN-13-0813,maize,2011,2.331
IN-13-0813,maize,2012,2.332
IN-13-0813,maize,2013,2.386
IN-13-0814,maize,1990,1.24
IN-13-0814,maize,1991,0.591
IN-13-0814,maize,1992,0.669
IN-13-0814,maize,1993,1.22
IN-13-0814,maize,1994,0.905
IN-13-0814,maize,1995,0.815
IN-13-0814,maize,1996,1.0
IN-13-0814,maize,1997,3.74
IN-13-0814,maize,1998,3.609
IN-13-0814,maize,1999,2.076
IN-13-0814,maize,2000,3.098
IN-13-0814,maize,2001,3.227
IN-13-0814,maize,2002,2.35
IN-13-0814,maize,2003,2.64
IN-13-0814,maize,2004,2.93
IN-13-0814,maize,2005,2.658
IN-13-0814,maize,2006,2.156
IN-13-0814,maize,2007,2.054
IN-13-0814,maize,2008,2.592
IN-13-0814,maize,2009,2.314
IN-13-0814,maize,2010,2.299
IN-13-0814,maize,2011,2.163
IN-13-0814,maize,2012,1.978
IN-13-0814,maize,2013,2.63
IN-13-0816,maize,1990,1.0
IN-13-0816,maize,1991,0.5
IN-13-0816,maize,1992,0.667
IN-13-0816,maize,1993,1.0
IN-13-0816,maize,1997,3.0
IN-13-0816,maize,1998,4.0
IN-13-0816,maize,2001,3.0
IN-13-0816,maize,2002,2.0
IN-13-0816,maize,2003,1.382
IN-13-0816,maize,2004,5.023
IN-13-0816,maize,2005,7.416
IN-13-0816,maize,2006,5.966
IN-13-0816,maize,2007,5.948
IN-13-0816,maize,2008,5.766
IN-13-0816,maize,2009,5.799
IN-13-0816,maize,2010,5.764
IN-13-0816,maize,2011,5.772
IN-13-0816,maize,2012,5.817
IN-13-0816,maize,2013,5.911
IN-13-0817,maize,1990,0.99
IN-13-0817,maize,1991,0.235
IN-13-0817,maize,1992,1.822
IN-13-0817,maize,1993,1.412
IN-13-0817,maize,1994,1.053
IN-13-0817,maize,1995,1.177
IN-13-0817,maize,1996,0.998
IN-13-0817,maize,1997,0.766
IN-13-0817,maize,1998,1.153
IN-13-0817,maize,1999,1.571
IN-13-0817,maize,2000,1.873
IN-13-0817,maize,2001,1.752
IN-13-0817,maize,2002,1.53
IN-13-0817,maize,2003,1.791
IN-13-0817,maize,2004,1.85
IN-13-0817,maize,2005,1.598
IN-13-0817,maize,2006,1.687
IN-13-0817,maize,2007,0.972
IN-13-0817,maize,2008,1.567
IN-13-0817,maize,2009,1.323
IN-13-0817,maize,2010,1.762
IN-13-0817,maize,2011,1.671
IN-13-0817,maize,2012,2.022
IN-13-0817,maize,2013,1.719
IN-13-0819,maize,1996,1.0
IN-13-0819,maize,1997,3.5
IN-13-0819,maize,1998,3.667
IN-13-0819,maize,1999,2.0
IN-13-0819,maize,2000,3.5
IN-13-0819,maize,2001,3.232
IN-13-0819,maize,2002,2.389
IN-13-0819,maize,2003,4.306
IN-13-0819,maize,2004,5.623
IN-13-0819,maize,2005,5.234
IN-13-0819,maize,2006,5.017
IN-13-0819,maize,2007,4.959
IN-13-0819,maize,2008,5.633
IN-13-0819,maize,2009,6.03
IN-13-0819,maize,2010,5.8
IN-13-0819,maize,2011,5.592
IN-13-0819,maize,2012,5.217
IN-13-0819,maize,2013,5.497
IN-13-0820,maize,1998,3.0
IN-13-0820,maize,2004,2.067
IN-13-0820,maize,2005,2.0
IN-13-0820,maize,2006,2.68
IN-13-0820,maize,2007,2.8
IN-13-0820,maize,2008,3.0
IN-13-0820,maize,2009,4.633
IN-13-0820,maize,2010,3.636
IN-13-0820,maize,2011,3.837
IN-13-0820,maize,2012,3.587
IN-13-0820,maize,2013,4.959
IN-13-0823,maize,2011,1.615
IN-13-0823,maize,2012,1.625
IN-13-0823,maize,2013,1.7
IN-13-0824,maize,1990,1.082
IN-13-0824,maize,1991,0.276
IN-13-0824,maize,1992,1.774
IN-13-0824,maize,1993,1.408
IN-13-0824,maize,1994,1.054
IN-13-0824,maize,1995,1.176
IN-13-0824,maize,1996,1.0
IN-13-0824,maize,1997,0.8
IN-13-0824,maize,1998,1.0
IN-13-0824,maize,1999,1.551
IN-13-0824,maize,2000,1.836
IN-13-0824,maize,2001,1.773
IN-13-0824,maize,2002,1.688
IN-13-0824,maize,2003,2.05
IN-13-0824,maize,2004,1.77
IN-13-0824,maize,2005,1.796
IN-13-0824,maize,2006,2.288
IN-13-0824,maize,2007,2.0
IN-13-0824,maize,2008,2.202
IN-13-0824,maize,2009,2.504
IN-13-0824,maize,2010,2.485
IN-13-0824,maize,2011,2.616
IN-13-0824,maize,2012,2.632
IN-13-0824,maize,2013,3.46
IN-02-0902,maize,1990,2.339
IN-02-0902,maize,1991,2.323
IN-02-0902,maize,1992,2.028
IN-02-0902,maize,1993,2.745
IN-02-0902,maize,1994,2.497
IN-02-0902,maize,1995,2.007
IN-02-0902,maize,1996,2.236
IN-02-0902,maize,1997,1.624
IN-02-0902,maize,1998,1.857
IN-02-0902,maize,1999,1.875
IN-02-0902,maize,2000,2.114
IN-02-0902,maize,2001,3.029
IN-02-0902,maize,2002,1.939
IN-02-0902,maize,2003,2.0
IN-02-0902,maize,2004,3.027
IN-02-0902,maize,2005,2.651
IN-02-0902,maize,2006,2.165
IN-02-0902,maize,2007,2.529
IN-02-0902,maize,2008,3.094
IN-02-0902,maize,2009,2.147
IN-02-0902,maize,2010,2.571
IN-02-0902,maize,2011,3.684
IN-02-0902,maize,2012,3.233
IN-02-0902,maize,2013,3.58
IN-02-0903,maize,1990,2.116
IN-02-0903,maize,1991,2.015
IN-02-0903,maize,1992,1.576
IN-02-0903,maize,1993,2.271
IN-02-0903,maize,1994,2.616
IN-02-0903,maize,1995,2.958
IN-02-0903,maize,1996,1.983
IN-02-0903,maize,1997,1.664
IN-02-0903,maize,1998,2.095
IN-02-0903,maize,1999,2.556
IN-02-0903,maize,2000,2.111
IN-02-0903,maize,2001,2.111
IN-02-0903,maize,2002,2.5
IN-02-0903,maize,2003,1.909
IN-02-0903,maize,2004,1.955
IN-02-0903,maize,2005,2.03
IN-02-0903,maize,2006,2.71
IN-02-0903,maize,2007,3.166
IN-02-0903,maize,2008,3.037
IN-02-0903,maize,2009,3.062
IN-02-0903,maize,2010,3.065
IN-02-0903,maize,2011,2.569
IN-02-0903,maize,2012,3.57
IN-02-0903,maize,2013,2.672
IN-02-0904,maize,1990,1.038
IN-02-0904,maize,1991,1.328
IN-02-0904,maize,1992,1.537
IN-02-0904,maize,1993,1.788
IN-02-0904,maize,1994,2.179
IN-02-0904,maize,1996,2.053
IN-02-0904,maize,1997,2.227
IN-02-0904,maize,1998,1.779
IN-02-0904,maize,1999,2.861
IN-02-0904,maize,2000,3.5
IN-02-0904,maize,2001,2.654
IN-02-0904,maize,2002,2.517
IN-02-0904,maize,2003,3.143
IN-02-0904,maize,2004,3.23
IN-02-0904,maize,2005,1.548
IN-02-0904,maize,2006,3.612
IN-02-0904,maize,2007,2.234
IN-02-0904,maize,2008,2.207
IN-02-0904,maize,2009,3.097
IN-02-0904,maize,2010,5.349
IN-02-0904,maize,2011,5.697
IN-02-0904,maize,2012,5.312
IN-02-0904,maize,2013,5.351
IN-02-0905,maize,1990,1.59
IN-02-0905,maize,1991,1.999
IN-02-0905,maize,1992,1.926
IN-02-0905,maize,1993,2.068
IN-02-0905,maize,1994,2.193
IN-02-0905,maize,1995,2.205
IN-02-0905,maize,1996,2.16
IN-02-0905,maize,1997,2.38
IN-02-0905,maize,1998,2.35
IN-02-0905,maize,1999,2.344
IN-02-0905,maize,2000,2.878
IN-02-0905,maize,2001,2.575
IN-02-0905,maize,2002,2.179
IN-02-0905,maize,2003,2.4
IN-02-0905,maize,2004,2.646
IN-02-0905,maize,2005,2.953
IN-02-0905,maize,2006,3.506
IN-02-0905,maize,2007,3.338
IN-02-0905,maize,2008,2.847
IN-02-0905,maize,2009,3.462
IN-02-0905,maize,2010,2.477
IN-02-0905,maize,2011,2.523
IN-02-0905,maize,2012,3.352
IN-02-0905,maize,2013,2.933
IN-02-0906,maize,1990,1.568
IN-02-0906,maize,1991,1.648
IN-02-0906,maize,1992,1.717
IN-02-0906,maize,1993,1.917
IN-02-0906,maize,1994,1.416
IN-02-0906,maize,1995,1.764
IN-02-0906,maize,1996,1.289
IN-02-0906,maize,1997,1.296
IN-02-0906,maize,1998,1.089
IN-02-0906,maize,1999,2.067
IN-02-0906,maize,2000,1.966
IN-02-0906,maize,2001,1.871
IN-02-0906,maize,2002,2.0
IN-02-0906,maize,2003,2.067
IN-02-0906,maize,2004,2.363
IN-02-0906,maize,2005,1.832
IN-02-0906,maize,2006,1.938
IN-02-0906,maize,2007,1.055
IN-02-0906,maize,2008,0.882
IN-02-0906,maize,2009,1.569
IN-02-0906,maize,2010,1.917
IN-02-0906,maize,2011,2.572
IN-02-0906,maize,2012,2.373
IN-02-0906,maize,2013,3.152
IN-02-0907,maize,1990,1.498
IN-02-0907,maize,1991,1.648
IN-02-0907,maize,1992,1.82
IN-02-0907,maize,1993,1.526
IN-02-0907,maize,1994,0.726
IN-02-0907,maize,1995,1.939
IN-02-0907,maize,1996,1.96
IN-02-0907,maize,1997,0.968
IN-02-0907,maize,1998,2.579
IN-02-0907,maize,1999,2.813
IN-02-0907,maize,2000,2.6
IN-02-0907,maize,2001,2.0
IN-02-0907,maize,2002,1.818
IN-02-0907,maize,2003,1.727
IN-02-0907,maize,2004,2.008
IN-02-0907,maize,2005,1.843
IN-02-0907,maize,2006,2.385
IN-02-0907,maize,2007,1.198
IN-02-0907,maize,2008,0.817
IN-02-0907,maize,2009,1.476
IN-02-0907,maize,2010,1.488
IN-02-0907,maize,2011,2.227
IN-02-0907,maize,2012,2.918
IN-02-0907,maize,2013,4.018
IN-02-0908,maize,1990,0.687
IN-02-0908,maize,1991,1.037
IN-02-0908,maize,1992,1.113
IN-02-0908,maize,1993,1.359
IN-02-0908,maize,1994,1.57
IN-02-0908,maize,1995,1.531
IN-02-0908,maize,1996,2.197
IN-02-0908,maize,1997,1.016
IN-02-0908,maize,1998,1.813
IN-02-0908,maize,1999,1.727
IN-02-0908,maize,2000,1.545
IN-02-0908,maize,2001,1.429
IN-02-0908,maize,2002,1.571
IN-02-0908,maize,2003,1.5
IN-02-0908,maize,2004,1.602
IN-02-0908,maize,2005,1.574
IN-02-0908,maize,2006,1.985
IN-02-0908,maize,2007,2.087
IN-02-0908,maize,2008,1.473
IN-02-0908,maize,2009,1.824
IN-02-0908,maize,2010,1.716
IN-02-0908,maize,2011,1.883
IN-02-0908,maize,2012,2.533
IN-02-0908,maize,2013,2.616
IN-02-0909,maize,1990,1.106
IN-02-0909,maize,1991,1.503
IN-02-0909,maize,1992,1.26
IN-02-0909,maize,1993,1.695
IN-02-0909,maize,1994,1.284
IN-02-0909,maize,1995,1.794
IN-02-0909,maize,1996,1.869
IN-02-0909,maize,1997,1.487
IN-02-0909,maize,1998,1.142
IN-02-0909,maize,1999,1.667
IN-02-0909,maize,2000,2.364
IN-02-0909,maize,2001,2.6
IN-02-0909,maize,2002,2.0
IN-02-0909,maize,2003,2.0
IN-02-0909,maize,2004,2.187
IN-02-0909,maize,2005,3.213
IN-02-0909,maize,2006,2.36
IN-02-0909,maize,2007,4.058
IN-02-0909,maize,2008,4.125
IN-02-0909,maize,2009,1.98
IN-02-0909,maize,2010,3.493
IN-02-0909,maize,2011,4.169
IN-02-0909,maize,2012,6.103
IN-02-0909,maize,2013,6.112
IN-15-0910,maize,1990,1.331
IN-15-0910,maize,1991,1.379
IN-15-0910,maize,1992,1.238
IN-15-0910,maize,1993,1.268
IN-15-0910,maize,1994,1.746
IN-15-0910,maize,1997,1.752
IN-15-0910,maize,1998,1.634
IN-15-0910,maize,1999,1.883
IN-15-0910,maize,2000,1.934
IN-15-0910,maize,2001,2.006
IN-15-0910,maize,2002,1.5
IN-15-0910,maize,2003,1.281
IN-15-0910,maize,2004,2.664
IN-15-0910,maize,2005,1.259
IN-15-0910,maize,2006,2.178
IN-15-0910,maize,2007,1.47
IN-15-0910,maize,2008,1.46
IN-15-0910,maize,2009,1.305
IN-15-0910,maize,2010,1.641
IN-15-0910,maize,2011,2.178
IN-15-0910,maize,2012,1.365
IN-15-0910,maize,2013,3.17
IN-02-0912,maize,1990,1.47
IN-02-0912,maize,1991,1.629
IN-02-0912,maize,1992,1.588
IN-02-0912,maize,1993,1.73
IN-02-0912,maize,1994,1.446
IN-02-0912,maize,1995,1.384
IN-02-0912,maize,1996,1.23
IN-02-0912,maize,1997,1.351
IN-02-0912,maize,1998,0.949
IN-02-0912,maize,1999,1.4
IN-02-0912,maize,2000,1.2
IN-02-0912,maize,2001,1.5
IN-02-0912,maize,2002,1.8
IN-02-0912,maize,2003,2.143
IN-02-0912,maize,2004,1.766
IN-02-0912,maize,2005,1.532
IN-02-0912,maize,2006,1.794
IN-02-0912,maize,2007,1.542
IN-02-0912,maize,2008,1.246
IN-02-0912,maize,2009,1.655
IN-02-0912,maize,2010,2.511
IN-02-0912,maize,2011,2.411
IN-02-0912,maize,2012,3.973
IN-02-0912,maize,2013,2.991
IN-15-0913,maize,1990,0.708
IN-15-0913,maize,1991,0.846
IN-15-0913,maize,1992,0.761
IN-15-0913,maize,1993,1.041
IN-15-0913,maize,1994,1.16
IN-15-0913,maize,1997,1.21
IN-15-0913,maize,1998,1.565
IN-15-0913,maize,1999,1.662
IN-15-0913,maize,2000,1.563
IN-15-0913,maize,2001,1.42
IN-15-0913,maize,2002,0.955
IN-15-0913,maize,2003,1.341
IN-15-0913,maize,2004,1.59
IN-15-0913,maize,2005,1.171
IN-15-0913,maize,2006,1.424
IN-15-0913,maize,2007,1.185
IN-15-0913,maize,2008,0.655
IN-15-0913,maize,2009,1.062
IN-15-0913,maize,2010,1.298
IN-15-0913,maize,2011,1.147
IN-15-0913,maize,2012,1.45
IN-15-0913,maize,2013,1.613
IN-15-0914,maize,1990,0.619
IN-15-0914,maize,1991,0.925
IN-15-0914,maize,1992,1.155
IN-15-0914,maize,1993,0.863
IN-15-0914,maize,1994,1.045
IN-15-0914,maize,1997,0.891
IN-15-0914,maize,1998,0.838
IN-15-0914,maize,1999,1.261
IN-15-0914,maize,2000,1.302
IN-15-0914,maize,2001,1.251
IN-15-0914,maize,2002,0.852
IN-15-0914,maize,2003,1.13
IN-15-0914,maize,2004,1.186
IN-15-0914,maize,2005,1.333
IN-15-0914,maize,2006,1.058
IN-15-0914,maize,2007,5.593
IN-15-0914,maize,2008,0.875
IN-15-0914,maize,2009,0.7
IN-15-0914,maize,2010,0.567
IN-15-0914,maize,2011,0.667
IN-15-0914,maize,2012,0.2
IN-15-0914,maize,2013,1.2
IN-15-0915,maize,1990,0.345
IN-15-0915,maize,1991,0.541
IN-15-0915,maize,1994,0.951
IN-15-0915,maize,1997,0.91
IN-15-0915,maize,1998,0.724
IN-15-0915,maize,1999,1.079
IN-15-0915,maize,2001,1.009
IN-15-0915,maize,2002,1.152
IN-15-0915,maize,2003,1.335
IN-15-0915,maize,2004,1.023
IN-15-0915,maize,2005,0.857
IN-15-0915,maize,2006,1.733
IN-15-0915,maize,2007,1.038
IN-15-0915,maize,2008,1.15
IN-15-0915,maize,2009,0.894
IN-15-0915,maize,2010,0.436
IN-15-0915,maize,2011,1.362
IN-15-0915,maize,2012,0.764
IN-15-0915,maize,2013,1.149
IN-15-0916,maize,1990,0.902
IN-15-0916,maize,1991,1.312
IN-15-0916,maize,1992,1.466
IN-15-0916,maize,1993,2.688
IN-15-0916,maize,1994,1.234
IN-15-0916,maize,1997,0.892
IN-15-0916,maize,1998,1.555
IN-15-0916,maize,1999,1.62
IN-15-0916,maize,2000,1.676
IN-15-0916,maize,2001,1.593
IN-15-0916,maize,2002,1.13
IN-15-0916,maize,2003,1.58
IN-15-0916,maize,2004,1.156
IN-15-0916,maize,2005,1.053
IN-15-0916,maize,2006,1.504
IN-15-0916,maize,2007,1.241
IN-15-0916,maize,2008,1.336
IN-15-0916,maize,2009,0.844
IN-15-0916,maize,2010,0.927
IN-15-0916,maize,2011,2.34
IN-15-0916,maize,2012,3.085
IN-15-0916,maize,2013,2.916
IN-02-0918,maize,1990,1.703
IN-02-0918,maize,1991,1.938
IN-02-0918,maize,1992,1.817
IN-02-0918,maize,1993,2.066
IN-02-0918,maize,1994,1.941
IN-02-0918,maize,1995,1.937
IN-02-0918,maize,1996,2.643
IN-02-0918,maize,1997,1.261
IN-02-0918,maize,1998,2.615
IN-02-0918,maize,1999,2.4
IN-02-0918,maize,2000,2.0
IN-02-0918,maize,2001,2.5
IN-02-0918,maize,2002,2.0
IN-02-0918,maize,2003,2.25
IN-02-0918,maize,2004,2.121
IN-02-0918,maize,2005,1.359
IN-02-0918,maize,2006,1.579
IN-02-0918,maize,2007,2.039
IN-02-0918,maize,2008,0.615
IN-02-0918,maize,2009,1.822
IN-02-0918,maize,2010,2.348
IN-02-0918,maize,2011,3.856
IN-02-0918,maize,2012,3.762
IN-02-0918,maize,2013,3.648
IN-02-0919,maize,1990,1.503
IN-02-0919,maize,1991,1.65
IN-02-0919,maize,1992,1.53
IN-02-0919,maize,1993,1.518
IN-02-0919,maize,1994,1.711
IN-02-0919,maize,1995,1.608
IN-02-0919,maize,1996,1.537
IN-02-0919,maize,1997,1.489
IN-02-0919,maize,1998,1.925
IN-02-0919,maize,1999,1.5
IN-02-0919,maize,2000,1.0
IN-02-0919,maize,2001,1.5
IN-02-0919,maize,2002,1.5
IN-02-0919,maize,2003,1.667
IN-02-0919,maize,2004,1.841
IN-02-0919,maize,2005,1.928
IN-02-0919,maize,2006,2.235
IN-02-0919,maize,2007,2.305
IN-02-0919,maize,2008,1.479
IN-02-0919,maize,2009,2.305
IN-02-0919,maize,2010,2.347
IN-02-0919,maize,2011,2.738
IN-02-0919,maize,2012,2.201
IN-02-0919,maize,2013,2.519
IN-02-0920,maize,1991,1.571
IN-02-0920,maize,1992,1.4
IN-02-0920,maize,1993,0.922
IN-02-0920,maize,1994,1.478
IN-02-0920,maize,1995,1.515
IN-02-0920,maize,1996,1.079
IN-02-0920,maize,1997,1.34
IN-02-0920,maize,1998,1.225
IN-02-0920,maize,1999,0.5
IN-02-0920,maize,2002,1.0
IN-02-0920,maize,2004,1.244
IN-02-0920,maize,2005,1.425
IN-02-0920,maize,2006,1.695
IN-02-0920,maize,2007,2.49
IN-02-0920,maize,2008,1.125
IN-02-0920,maize,2009,1.355
IN-02-0920,maize,2010,1.857
IN-02-0920,maize,2011,1.816
IN-02-0920,maize,2012,3.306
IN-02-0920,maize,2013,2.382
IN-02-0921,maize,1990,0.479
IN-02-0921,maize,1991,1.043
IN-02-0921,maize,1992,1.112
IN-02-0921,maize,1993,1.582
IN-02-0921,maize,1994,0.786
IN-02-0921,maize,1995,1.947
IN-02-0921,maize,1996,0.87
IN-02-0921,maize,1997,0.81
IN-02-0921,maize,1998,1.184
IN-02-0921,maize,1999,1.0
IN-02-0921,maize,2000,1.0
IN-02-0921,maize,2001,1.0
IN-02-0921,maize,2002,1.667
IN-02-0921,maize,2003,1.333
IN-02-0921,maize,2004,1.918
IN-02-0921,maize,2005,1.863
IN-02-0921,maize,2006,1.918
IN-02-0921,maize,2007,1.57
IN-02-0921,maize,2008,0.269
IN-02-0921,maize,2009,2.284
IN-02-0921,maize,2010,2.734
IN-02-0921,maize,2011,1.968
IN-02-0921,maize,2012,3.222
IN-02-0921,maize,2013,2.369
IN-02-0922,maize,1990,0.699
IN-02-0922,maize,1991,1.138
IN-02-0922,maize,1992,1.36
IN-02-0922,maize,1993,1.096
IN-02-0922,maize,1994,1.429
IN-02-0922,maize,1995,1.625
IN-02-0922,maize,1996,1.891
IN-02-0922,maize,1997,0.609
IN-02-0922,maize,1998,2.061
IN-02-0922,maize,1999,1.0
IN-02-0922,maize,2000,1.0
IN-02-0922,maize,2001,1.0
IN-02-0922,maize,2002,1.0
IN-02-0922,maize,2003,1.0
IN-02-0922,maize,2004,1.606
IN-02-0922,maize,2005,1.712
IN-02-0922,maize,2006,1.712
IN-02-0922,maize,2007,0.6
IN-02-0922,maize,2008,0.625
IN-02-0922,maize,2009,1.3
IN-02-0922,maize,2010,1.611
IN-02-0922,maize,2011,2.2
IN-02-0922,maize,2012,2.533
IN-02-0922,maize,2013,2.52
IN-02-0923,maize,1990,1.65
IN-02-0923,maize,1991,1.798
IN-02-0923,maize,1992,1.442
IN-02-0923,maize,1993,1.725
IN-02-0923,maize,1994,1.612
IN-02-0923,maize,1995,1.85
IN-02-0923,maize,1996,1.939
IN-02-0923,maize,1997,2.609
IN-02-0923,maize,1998,1.341
IN-02-0923,maize,1999,2.565
IN-02-0923,maize,2000,1.895
IN-02-0923,maize,2001,1.9
IN-02-0923,maize,2002,2.316
IN-02-0923,maize,2003,2.105
IN-02-0923,maize,2004,1.806
IN-02-0923,maize,2005,1.846
IN-02-0923,maize,2006,2.278
IN-02-0923,maize,2007,1.402
IN-02-0923,maize,2008,1.841
IN-02-0923,maize,2009,2.894
IN-02-0923,maize,2010,2.041
IN-02-0923,maize,2011,3.037
IN-02-0923,maize,2012,2.452
IN-02-0923,maize,2013,2.796
IN-02-0924,maize,1990,1.962
IN-02-0924,maize,1991,2.328
IN-02-0924,maize,1992,1.88
IN-02-0924,maize,1993,2.067
IN-02-0924,maize,1994,2.405
IN-02-0924,maize,1995,2.025
IN-02-0924,maize,1996,2.079
IN-02-0924,maize,1997,2.293
IN-02-0924,maize,1998,1.571
IN-02-0924,maize,1999,1.941
IN-02-0924,maize,2000,2.684
IN-02-0924,maize,2001,2.133
IN-02-0924,maize,2002,1.412
IN-02-0924,maize,2003,2.211
IN-02-0924,maize,2004,2.193
IN-02-0924,maize,2005,1.68
IN-02-0924,maize,2006,1.886
IN-02-0924,maize,2007,1.34
IN-02-0924,maize,2008,1.51
IN-02-0924,maize,2009,2.703
IN-02-0924,maize,2010,2.402
IN-02-0924,maize,2011,2.791
IN-02-0924,maize,2012,3.28
IN-02-0924,maize,2013,2.908
IN-02-0925,maize,1990,2.196
IN-02-0925,maize,1991,2.471
IN-02-0925,maize,1992,2.248
IN-02-0925,maize,1993,2.202
IN-02-0925,maize,1994,1.963
IN-02-0925,maize,1995,2.095
IN-02-0925,maize,1996,1.827
IN-02-0925,maize,1997,2.66
IN-02-0925,maize,1998,2.575
IN-02-0925,maize,1999,2.087
IN-02-0925,maize,2000,2.059
IN-02-0925,maize,2001,3.706
IN-02-0925,maize,2002,3.167
IN-02-0925,maize,2003,3.842
IN-02-0925,maize,2004,2.798
IN-02-0925,maize,2005,2.764
IN-02-0925,maize,2006,1.54
IN-02-0925,maize,2007,3.355
IN-02-0925,maize,2008,1.025
IN-02-0925,maize,2009,1.796
IN-02-0925,maize,2010,2.088
IN-02-0925,maize,2011,3.58
IN-02-0925,maize,2012,3.418
IN-02-0925,maize,2013,1.95
IN-02-0926,maize,1990,1.732
IN-02-0926,maize,1991,1.727
IN-02-0926,maize,1992,1.679
IN-02-0926,maize,1993,2.295
IN-02-0926,maize,1994,1.979
IN-02-0926,maize,1995,2.361
IN-02-0926,maize,1996,2.122
IN-02-0926,maize,1997,2.025
IN-02-0926,maize,1998,2.32
IN-02-0926,maize,1999,2.143
IN-02-0926,maize,2000,2.077
IN-02-0926,maize,2001,3.0
IN-02-0926,maize,2002,3.4
IN-02-0926,maize,2003,1.8
IN-02-0926,maize,2004,2.598
IN-02-0926,maize,2005,2.224
IN-02-0926,maize,2006,1.493
IN-02-0926,maize,2007,4.523
IN-02-0926,maize,2008,3.416
IN-02-0926,maize,2009,2.716
IN-02-0926,maize,2010,2.773
IN-02-0926,maize,2011,3.206
IN-02-0926,maize,2012,3.223
IN-02-0926,maize,2013,3.028
IN-02-0927,maize,1990,1.36
IN-02-0927,maize,1991,1.59
IN-02-0927,maize,1992,1.4
IN-02-0927,maize,1993,1.333
IN-02-0927,maize,1994,1.446
IN-02-0927,maize,1995,1.784
IN-02-0927,maize,1996,2.587
IN-02-0927,maize,1997,1.861
IN-02-0927,maize,1998,1.686
IN-02-0927,maize,1999,2.214
IN-02-0927,maize,2000,2.258
IN-02-0927,maize,2001,2.394
IN-02-0927,maize,2002,2.824
IN-02-0927,maize,2003,1.879
IN-02-0927,maize,2004,2.44
IN-02-0927,maize,2005,2.339
IN-02-0927,maize,2006,2.043
IN-02-0927,maize,2007,1.338
IN-02-0927,maize,2008,2.25
IN-02-0927,maize,2009,2.37
IN-02-0927,maize,2010,2.319
IN-02-0927,maize,2011,2.997
IN-02-0927,maize,2012,3.769
IN-02-0927,maize,2013,4.329
IN-02-0928,maize,1990,1.923
IN-02-0928,maize,1991,1.872
IN-02-0928,maize,1992,1.588
IN-02-0928,maize,1993,1.775
IN-02-0928,maize,1994,1.933
IN-02-0928,maize,1995,2.03
IN-02-0928,maize,1996,2.562
IN-02-0928,maize,1997,1.991
IN-02-0928,maize,1998,2.489
IN-02-0928,maize,1999,2.4
IN-02-0928,maize,2000,2.6
IN-02-0928,maize,2001,2.5
IN-02-0928,maize,2002,2.75
IN-02-0928,maize,2003,3.0
IN-02-0928,maize,2004,2.536
IN-02-0928,maize,2005,1.998
IN-02-0928,maize,2006,2.042
IN-02-0928,maize,2007,3.372
IN-02-0928,maize,2008,2.153
IN-02-0928,maize,2009,2.43
IN-02-0928,maize,2010,3.306
IN-02-0928,maize,2011,4.281
IN-02-0928,maize,2012,3.595
IN-02-0928,maize,2013,4.604
IN-02-0929,maize,1990,1.806
IN-02-0929,maize,1991,2.049
IN-02-0929,maize,1992,1.672
IN-02-0929,maize,1993,2.271
IN-02-0929,maize,1994,2.174
IN-02-0929,maize,1995,2.246
IN-02-0929,maize,1996,2.188
IN-02-0929,maize,1997,1.859
IN-02-0929,maize,1998,1.628
IN-02-0929,maize,1999,2.5
IN-02-0929,maize,2000,2.0
IN-02-0929,maize,2001,3.0
IN-02-0929,maize,2002,2.0
IN-02-0929,maize,2003,1.25
IN-02-0929,maize,2004,1.451
IN-02-0929,maize,2005,1.5
IN-02-0929,maize,2006,2.689
IN-02-0929,maize,2007,2.871
IN-02-0929,maize,2008,3.495
IN-02-0929,maize,2009,2.577
IN-02-0929,maize,2010,3.931
IN-02-0929,maize,2011,3.073
IN-02-0929,maize,2012,4.938
IN-02-0929,maize,2013,3.647
IN-02-0930,maize,1990,2.182
IN-02-0930,maize,1991,2.568
IN-02-0930,maize,1992,1.876
IN-02-0930,maize,1993,2.836
IN-02-0930,maize,1994,2.384
IN-02-0930,maize,1995,2.593
IN-02-0930,maize,1996,2.524
IN-02-0930,maize,1997,2.418
IN-02-0930,maize,1998,2.833
IN-02-0930,maize,1999,2.652
IN-02-0930,maize,2000,2.149
IN-02-0930,maize,2001,2.956
IN-02-0930,maize,2002,2.419
IN-02-0930,maize,2003,2.222
IN-02-0930,maize,2004,2.271
IN-02-0930,maize,2005,2.296
IN-02-0930,maize,2006,3.631
IN-02-0930,maize,2007,6.288
IN-02-0930,maize,2008,3.573
IN-02-0930,maize,2009,2.355
IN-02-0930,maize,2010,4.286
IN-02-0930,maize,2011,2.851
IN-02-0930,maize,2012,3.827
IN-02-0930,maize,2013,3.255
IN-02-0931,maize,1990,1.784
IN-02-0931,maize,1991,2.248
IN-02-0931,maize,1992,1.757
IN-02-0931,maize,1993,2.077
IN-02-0931,maize,1994,2.523
IN-02-0931,maize,1995,1.783
IN-02-0931,maize,1996,3.472
IN-02-0931,maize,1997,1.216
IN-02-0931,maize,1998,1.159
IN-02-0931,maize,1999,1.631
IN-02-0931,maize,2000,1.703
IN-02-0931,maize,2001,2.194
IN-02-0931,maize,2002,1.581
IN-02-0931,maize,2003,2.049
IN-02-0931,maize,2004,1.782
IN-02-0931,maize,2005,2.04
IN-02-0931,maize,2006,2.082
IN-02-0931,maize,2007,1.305
IN-02-0931,maize,2008,1.466
IN-02-0931,maize,2009,0.881
IN-02-0931,maize,2010,2.409
IN-02-0931,maize,2011,2.423
IN-02-0931,maize,2012,3.071
IN-02-0931,maize,2013,2.299
IN-02-0932,maize,1990,1.909
IN-02-0932,maize,1991,2.043
IN-02-0932,maize,1992,1.905
IN-02-0932,maize,1993,1.931
IN-02-0932,maize,1994,2.128
IN-02-0932,maize,1995,1.658
IN-02-0932,maize,1996,2.421
IN-02-0932,maize,1997,2.636
IN-02-0932,maize,1998,2.278
IN-02-0932,maize,1999,1.921
IN-02-0932,maize,2000,2.773
IN-02-0932,maize,2001,2.16
IN-02-0932,maize,2002,2.038
IN-02-0932,maize,2003,2.424
IN-02-0932,maize,2004,2.586
IN-02-0932,maize,2005,2.823
IN-02-0932,maize,2006,3.449
IN-02-0932,maize,2007,3.681
IN-02-0932,maize,2008,3.92
IN-02-0932,maize,2009,2.972
IN-02-0932,maize,2010,3.733
IN-02-0932,maize,2011,3.747
IN-02-0932,maize,2012,5.041
IN-02-0932,maize,2013,6.419
IN-15-0933,maize,1990,0.974
IN-15-0933,maize,1991,1.549
IN-15-0933,maize,1992,1.64
IN-15-0933,maize,1993,1.105
IN-15-0933,maize,1994,1.452
IN-15-0933,maize,1997,0.868
IN-15-0933,maize,1998,1.346
IN-15-0933,maize,1999,1.886
IN-15-0933,maize,2000,1.48
IN-15-0933,maize,2001,1.243
IN-15-0933,maize,2002,0.879
IN-15-0933,maize,2003,1.186
IN-15-0933,maize,2004,1.113
IN-15-0933,maize,2005,0.701
IN-15-0933,maize,2006,0.995
IN-15-0933,maize,2007,1.008
IN-15-0933,maize,2008,0.61
IN-15-0933,maize,2009,0.546
IN-15-0933,maize,2010,0.203
IN-15-0933,maize,2011,0.695
IN-15-0933,maize,2012,1.077
IN-15-0933,maize,2013,1.053
IN-02-0934,maize,1990,0.755
IN-02-0934,maize,1991,1.443
IN-02-0934,maize,1992,1.532
IN-02-0934,maize,1993,1.788
IN-02-0934,maize,1994,1.794
IN-02-0934,maize,1995,1.805
IN-02-0934,maize,1996,1.986
IN-02-0934,maize,1997,2.772
IN-02-0934,maize,1998,2.762
IN-02-0934,maize,2000,2.0
IN-02-0934,maize,2001,2.0
IN-02-0934,maize,2002,2.0
IN-02-0934,maize,2003,2.0
IN-02-0934,maize,2004,2.176
IN-02-0934,maize,2005,1.993
IN-02-0934,maize,2006,2.398
IN-02-0934,maize,2007,3.51
IN-02-0934,maize,2008,1.597
IN-02-0934,maize,2009,1.922
IN-02-0934,maize,2010,2.481
IN-02-0934,maize,2011,2.55
IN-02-0934,maize,2012,3.916
IN-02-0934,maize,2013,3.157
IN-02-0935,maize,1990,2.149
IN-02-0935,maize,1991,2.14
IN-02-0935,maize,1992,2.16
IN-02-0935,maize,1993,2.733
IN-02-0935,maize,1994,2.301
IN-02-0935,maize,1995,2.05
IN-02-0935,maize,1996,1.551
IN-02-0935,maize,1997,2.699
IN-02-0935,maize,1998,3.138
IN-02-0935,maize,1999,3.0
IN-02-0935,maize,2000,3.886
IN-02-0935,maize,2001,3.359
IN-02-0935,maize,2002,3.944
IN-02-0935,maize,2003,3.974
IN-02-0935,maize,2004,4.102
IN-02-0935,maize,2005,3.387
IN-02-0935,maize,2006,2.885
IN-02-0935,maize,2007,3.467
IN-02-0935,maize,2008,6.384
IN-02-0935,maize,2009,2.476
IN-02-0935,maize,2010,3.072
IN-02-0935,maize,2011,6.366
IN-02-0935,maize,2012,6.154
IN-02-0935,maize,2013,5.438
IN-02-0936,maize,1990,1.755
IN-02-0936,maize,1991,2.416
IN-02-0936,maize,1992,1.86
IN-02-0936,maize,1993,2.011
IN-02-0936,maize,1994,3.076
IN-02-0936,maize,1995,2.954
IN-02-0936,maize,1996,2.554
IN-02-0936,maize,1997,2.555
IN-02-0936,maize,1998,2.602
IN-02-0936,maize,1999,3.294
IN-02-0936,maize,2000,3.289
IN-02-0936,maize,2001,2.727
IN-02-0936,maize,2002,2.042
IN-02-0936,maize,2003,3.26
IN-02-0936,maize,2004,2.831
IN-02-0936,maize,2005,2.447
IN-02-0936,maize,2006,4.108
IN-02-0936,maize,2007,3.217
IN-02-0936,maize,2008,3.076
IN-02-0936,maize,2009,2.743
IN-02-0936,maize,2010,3.622
IN-02-0936,maize,2011,4.659
IN-02-0936,maize,2012,3.18
IN-02-0936,maize,2013,3.076
IN-15-0937,maize,1990,0.948
IN-15-0937,maize,1991,1.398
IN-15-0937,maize,1992,1.092
IN-15-0937,maize,1993,1.584
IN-15-0937,maize,1994,1.519
IN-15-0937,maize,1997,1.271
IN-15-0937,maize,1998,1.739
IN-15-0937,maize,1999,1.65
IN-15-0937,maize,2000,2.034
IN-15-0937,maize,2001,2.68
IN-15-0937,maize,2002,1.151
IN-15-0937,maize,2003,1.204
IN-15-0937,maize,2004,1.358
IN-15-0937,maize,2005,1.152
IN-15-0937,maize,2006,1.65
IN-15-0937,maize,2007,2.634
IN-15-0937,maize,2008,1.358
IN-15-0937,maize,2009,1.635
IN-15-0937,maize,2010,1.038
IN-15-0937,maize,2011,1.461
IN-15-0937,maize,2012,1.803
IN-15-0937,maize,2013,1.421
IN-15-0938,maize,1990,0.852
IN-15-0938,maize,1991,0.951
IN-15-0938,maize,1992,1.065
IN-15-0938,maize,1993,1.308
IN-15-0938,maize,1994,0.91
IN-15-0938,maize,1997,1.33
IN-15-0938,maize,1998,1.523
IN-15-0938,maize,1999,1.207
IN-15-0938,maize,2000,1.015
IN-15-0938,maize,2001,1.074
IN-15-0938,maize,2002,2.0
IN-15-0938,maize,2003,1.712
IN-15-0938,maize,2004,1.706
IN-15-0938,maize,2005,0.983
IN-15-0938,maize,2006,0.865
IN-15-0938,maize,2007,0.723
IN-15-0938,maize,2008,1.236
IN-15-0938,maize,2009,0.524
IN-15-0938,maize,2010,1.135
IN-15-0938,maize,2011,1.06
IN-15-0938,maize,2012,0.952
IN-15-0938,maize,2013,1.067
IN-15-0940,maize,1990,1.134
IN-15-0940,maize,1991,1.211
IN-15-0940,maize,1992,1.214
IN-15-0940,maize,1993,1.328
IN-15-0940,maize,1994,1.608
IN-15-0940,maize,1997,1.217
IN-15-0940,maize,1998,1.022
IN-15-0940,maize,1999,1.566
IN-15-0940,maize,2000,1.454
IN-15-0940,maize,2001,1.554
IN-15-0940,maize,2002,1.083
IN-15-0940,maize,2003,1.361
IN-15-0940,maize,2004,1.411
IN-15-0940,maize,2005,0.644
IN-15-0940,maize,2006,1.677
IN-15-0940,maize,2007,1.162
IN-15-0940,maize,2008,1.109
IN-15-0940,maize,2009,0.874
IN-15-0940,maize,2010,1.519
IN-15-0940,maize,2011,1.681
IN-15-0940,maize,2012,1.205
IN-15-0940,maize,2013,1.5
IN-15-0941,maize,1990,1.559
IN-15-0941,maize,1991,1.147
IN-15-0941,maize,1992,1.16
IN-15-0941,maize,1993,1.439
IN-15-0941,maize,1994,0.968
IN-15-0941,maize,1997,1.103
IN-15-0941,maize,1998,1.421
IN-15-0941,maize,1999,1.552
IN-15-0941,maize,2000,1.508
IN-15-0941,maize,2001,1.53
IN-15-0941,maize,2003,1.542
IN-15-0941,maize,2004,1.21
IN-15-0941,maize,2005,1.169
IN-15-0941,maize,2006,1.092
IN-15-0941,maize,2007,1.52
IN-15-0941,maize,2008,1.524
IN-15-0941,maize,2009,1.221
IN-15-0941,maize,2010,1.068
IN-15-0941,maize,2011,2.032
IN-15-0941,maize,2012,1.987
IN-15-0941,maize,2013,1.58
IN-15-0942,maize,1990,0.66
IN-15-0942,maize,1991,1.321
IN-15-0942,maize,1992,1.584
IN-15-0942,maize,1993,1.38
IN-15-0942,maize,1994,1.133
IN-15-0942,maize,1997,0.786
IN-15-0942,maize,1998,1.952
IN-15-0942,maize,1999,0.648
IN-15-0942,maize,2000,1.5
IN-15-0942,maize,2001,2.5
IN-15-0942,maize,2002,1.108
IN-15-0942,maize,2003,1.476
IN-15-0942,maize,2004,0.967
IN-15-0942,maize,2005,1.295
IN-15-0942,maize,2006,1.665
IN-15-0942,maize,2007,1.009
IN-15-0942,maize,2008,1.034
IN-15-0942,maize,2009,1.119
IN-15-0942,maize,2010,0.9
IN-15-0942,maize,2011,1.429
IN-15-0942,maize,2012,1.301
IN-15-0942,maize,2013,1.577
IN-15-0943,maize,1990,1.565
IN-15-0943,maize,1991,1.076
IN-15-0943,maize,1992,1.935
IN-15-0943,maize,1993,4.537
IN-15-0943,maize,1994,0.945
IN-15-0943,maize,1997,0.702
IN-15-0943,maize,1998,1.549
IN-15-0943,maize,1999,1.378
IN-15-0943,maize,2000,1.672
IN-15-0943,maize,2001,1.063
IN-15-0943,maize,2003,0.8
IN-15-0943,maize,2004,1.288
IN-15-0943,maize,2005,1.15
IN-15-0943,maize,2006,2.274
IN-15-0943,maize,2007,1.034
IN-15-0943,maize,2008,0.904
IN-15-0943,maize,2009,0.709
IN-15-0943,maize,2010,0.652
IN-15-0943,maize,2011,1.074
IN-15-0943,maize,2012,1.153
IN-15-0943,maize,2013,1.708
IN-15-0944,maize,1990,1.59
IN-15-0944,maize,1991,1.48
IN-15-0944,maize,1992,3.56
IN-15-0944,maize,1993,4.496
IN-15-0944,maize,1994,1.065
IN-15-0944,maize,1997,1.059
IN-15-0944,maize,1998,1.331
IN-15-0944,maize,1999,1.633
IN-15-0944,maize,2000,1.669
IN-15-0944,maize,2001,1.128
IN-15-0944,maize,2002,0.82
IN-15-0944,maize,2003,1.079
IN-15-0944,maize,2004,1.52
IN-15-0944,maize,2005,0.931
IN-15-0944,maize,2006,0.741
IN-15-0944,maize,2007,0.951
IN-15-0944,maize,2008,1.302
IN-15-0944,maize,2009,1.667
IN-15-0944,maize,2010,0.897
IN-15-0944,maize,2011,0.754
IN-15-0944,maize,2012,0.795
IN-15-0944,maize,2013,1.302
IN-02-0945,maize,1990,1.697
IN-02-0945,maize,1991,2.677
IN-02-0945,maize,1992,1.837
IN-02-0945,maize,1993,2.244
IN-02-0945,maize,1994,2.017
IN-02-0945,maize,1995,1.705
IN-02-0945,maize,1996,1.726
IN-02-0945,maize,1997,2.61
IN-02-0945,maize,1998,1.518
IN-02-0945,maize,1999,1.6
IN-02-0945,maize,2000,1.944
IN-02-0945,maize,2001,1.85
IN-02-0945,maize,2002,1.786
IN-02-0945,maize,2003,2.583
IN-02-0945,maize,2004,2.875
IN-02-0945,maize,2005,1.939
IN-02-0945,maize,2006,3.589
IN-02-0945,maize,2007,3.668
IN-02-0945,maize,2008,3.284
IN-02-0945,maize,2009,3.069
IN-02-0945,maize,2010,5.354
IN-02-0945,maize,2011,4.061
IN-02-0945,maize,2012,4.024
IN-02-0945,maize,2013,5.665
IN-02-0946,maize,1990,1.586
IN-02-0946,maize,1991,1.917
IN-02-0946,maize,1992,1.753
IN-02-0946,maize,1993,1.778
IN-02-0946,maize,1994,1.78
IN-02-0946,maize,1995,1.796
IN-02-0946,maize,1996,1.867
IN-02-0946,maize,1997,2.447
IN-02-0946,maize,1998,2.071
IN-02-0946,maize,1999,3.25
IN-02-0946,maize,2000,1.0
IN-02-0946,maize,2001,3.0
IN-02-0946,maize,2002,1.5
IN-02-0946,maize,2003,1.0
IN-02-0946,maize,2004,2.677
IN-02-0946,maize,2005,2.496
IN-02-0946,maize,2006,3.436
IN-02-0946,maize,2007,4.336
IN-02-0946,maize,2008,3.659
IN-02-0946,maize,2009,2.857
IN-02-0946,maize,2010,3.033
IN-02-0946,maize,2011,2.915
IN-02-0946,maize,2012,4.282
IN-02-0946,maize,2013,5.039
IN-02-0947,maize,1992,1.082
IN-02-0947,maize,1993,1.515
IN-02-0947,maize,1994,1.314
IN-02-0947,maize,1995,1.56
IN-02-0947,maize,1996,1.889
IN-02-0947,maize,1997,0.602
IN-02-0947,maize,1998,1.861
IN-02-0947,maize,1999,2.0
IN-02-0947,maize,2000,2.0
IN-02-0947,maize,2001,2.0
IN-02-0947,maize,2002,2.0
IN-02-0947,maize,2003,2.0
IN-02-0947,maize,2004,1.332
IN-02-0947,maize,2005,1.299
IN-02-0947,maize,2006,1.133
IN-02-0947,maize,2007,1.174
IN-02-0947,maize,2008,1.444
IN-02-0947,maize,2009,1.006
IN-02-0947,maize,2010,1.527
IN-02-0947,maize,2011,2.187
IN-02-0947,maize,2012,3.111
IN-02-0947,maize,2013,1.385
IN-02-0948,maize,1992,1.667
IN-02-0948,maize,1993,0.912
IN-02-0948,maize,1994,1.382
IN-02-0948,maize,1995,1.686
IN-02-0948,maize,1996,1.854
IN-02-0948,maize,1997,0.571
IN-02-0948,maize,1998,1.873
IN-02-0948,maize,2003,1.0
IN-02-0948,maize,2004,1.459
IN-02-0948,maize,2005,1.462
IN-02-0948,maize,2006,1.306
IN-02-0948,maize,2007,0.526
IN-02-0948,maize,2008,0.556
IN-02-0948,maize,2009,1.0
IN-02-0948,maize,2010,1.087
IN-02-0948,maize,2011,2.458
IN-02-0948,maize,2012,2.478
IN-02-0948,maize,2013,2.81
IN-02-0949,maize,1992,1.275
IN-02-0949,maize,1993,1.475
IN-02-0949,maize,1994,1.38
IN-02-0949,maize,1995,1.79
IN-02-0949,maize,1996,1.06
IN-02-0949,maize,1997,1.093
IN-02-0949,maize,1998,1.172
IN-02-0949,maize,1999,1.412
IN-02-0949,maize,2000,1.875
IN-02-0949,maize,2001,1.833
IN-02-0949,maize,2002,1.571
IN-02-0949,maize,2003,1.923
IN-02-0949,maize,2004,1.794
IN-02-0949,maize,2005,1.908
IN-02-0949,maize,2006,2.439
IN-02-0949,maize,2007,2.12
IN-02-0949,maize,2008,2.37
IN-02-0949,maize,2009,2.776
IN-02-0949,maize,2010,3.161
IN-02-0949,maize,2011,3.827
IN-02-0949,maize,2012,4.123
IN-02-0949,maize,2013,3.588
IN-02-0950,maize,1992,0.691
IN-02-0950,maize,1993,1.306
IN-02-0950,maize,1994,1.804
IN-02-0950,maize,1995,1.59
IN-02-0950,maize,1996,1.735
IN-02-0950,maize,1997,1.475
IN-02-0950,maize,1998,0.516
IN-02-0950,maize,1999,2.0
IN-02-0950,maize,2000,1.5
IN-02-0950,maize,2001,2.5
IN-02-0950,maize,2002,0.857
IN-02-0950,maize,2003,1.429
IN-02-0950,maize,2004,2.544
IN-02-0950,maize,2005,0.623
IN-02-0950,maize,2006,1.115
IN-02-0950,maize,2007,1.865
IN-02-0950,maize,2008,1.317
IN-02-0950,maize,2009,1.679
IN-02-0950,maize,2010,2.561
IN-02-0950,maize,2011,2.491
IN-02-0950,maize,2012,1.406
IN-02-0950,maize,2013,1.529
IN-02-0951,maize,1992,1.912
IN-02-0951,maize,1993,2.017
IN-02-0951,maize,1994,2.006
IN-02-0951,maize,1995,1.96
IN-02-0951,maize,1996,2.007
IN-02-0951,maize,1997,1.974
IN-02-0951,maize,1998,1.987
IN-02-0951,maize,1999,2.6
IN-02-0951,maize,2000,2.5
IN-02-0951,maize,2001,2.667
IN-02-0951,maize,2002,2.429
IN-02-0951,maize,2003,2.727
IN-02-0951,maize,2004,3.901
IN-02-0951,maize,2005,3.264
IN-02-0951,maize,2006,4.594
IN-02-0951,maize,2007,3.842
IN-02-0951,maize,2008,3.555
IN-02-0951,maize,2009,4.163
IN-02-0951,maize,2010,4.92
IN-02-0951,maize,2011,4.242
IN-02-0951,maize,2012,5.871
IN-02-0951,maize,2013,5.185
IN-15-0952,maize,1992,0.756
IN-15-0952,maize,1993,1.045
IN-15-0952,maize,1994,1.048
IN-15-0952,maize,1997,0.999
IN-15-0952,maize,1998,1.163
IN-15-0952,maize,1999,1.004
IN-15-0952,maize,2000,1.456
IN-15-0952,maize,2001,1.399
IN-15-0952,maize,2002,1.447
IN-15-0952,maize,2003,1.788
IN-15-0952,maize,2004,1.351
IN-15-0952,maize,2005,1.351
IN-15-0952,maize,2006,1.551
IN-15-0952,maize,2007,1.274
IN-15-0952,maize,2008,0.693
IN-15-0952,maize,2009,0.873
IN-15-0952,maize,2010,0.984
IN-15-0952,maize,2011,2.049
IN-15-0952,maize,2012,1.893
IN-15-0952,maize,2013,2.5
IN-15-0953,maize,1992,1.634
IN-15-0953,maize,1993,1.103
IN-15-0953,maize,1994,0.762
IN-15-0953,maize,1997,1.058
IN-15-0953,maize,1998,1.269
IN-15-0953,maize,1999,0.588
IN-15-0953,maize,2000,1.963
IN-15-0953,maize,2001,1.299
IN-15-0953,maize,2002,1.396
IN-15-0953,maize,2003,1.195
IN-15-0953,maize,2004,1.237
IN-15-0953,maize,2005,0.554
IN-15-0953,maize,2006,0.96
IN-15-0953,maize,2007,0.131
IN-15-0953,maize,2008,0.723
IN-15-0953,maize,2009,0.164
IN-15-0953,maize,2010,0.696
IN-15-0953,maize,2011,1.484
IN-15-0953,maize,2012,1.335
IN-15-0953,maize,2013,2.0
IN-15-0954,maize,1992,0.219
IN-15-0954,maize,1993,0.362
IN-15-0954,maize,1994,0.892
IN-15-0954,maize,1997,0.925
IN-15-0954,maize,1998,1.279
IN-15-0954,maize,1999,1.035
IN-15-0954,maize,2000,1.602
IN-15-0954,maize,2001,1.23
IN-15-0954,maize,2003,2.265
IN-15-0954,maize,2004,1.137
IN-15-0954,maize,2005,0.717
IN-15-0954,maize,2006,1.864
IN-15-0954,maize,2007,0.921
IN-15-0954,maize,2008,0.983
IN-15-0954,maize,2009,0.581
IN-15-0954,maize,2010,0.711
IN-15-0954,maize,2011,0.989
IN-15-0954,maize,2012,1.225
IN-15-0954,maize,2013,1.453
IN-15-0955,maize,1997,0.997
IN-15-0955,maize,1998,1.258
IN-15-0955,maize,1999,1.593
IN-15-0955,maize,2000,1.571
IN-15-0955,maize,2001,1.504
IN-15-0955,maize,2003,1.125
IN-15-0955,maize,2004,1.239
IN-15-0955,maize,2005,1.029
IN-15-0955,maize,2006,1.5
IN-15-0955,maize,2007,1.011
IN-15-0955,maize,2008,0.421
IN-15-0955,maize,2009,1.135
IN-15-0955,maize,2010,2.224
IN-15-0955,maize,2011,1.114
IN-15-0955,maize,2012,1.233
IN-15-0955,maize,2013,1.452
IN-02-0956,maize,1996,0.979
IN-02-0956,maize,1997,2.096
IN-02-0956,maize,1998,0.825
IN-02-0956,maize,1999,1.0
IN-02-0956,maize,2000,2.0
IN-02-0956,maize,2001,1.5
IN-02-0956,maize,2002,1.8
IN-02-0956,maize,2003,1.667
IN-02-0956,maize,2004,1.388
IN-02-0956,maize,2005,1.45
IN-02-0956,maize,2006,1.497
IN-02-0956,maize,2007,0.974
IN-02-0956,maize,2008,1.057
IN-02-0956,maize,2009,1.298
IN-02-0956,maize,2010,1.878
IN-02-0956,maize,2011,3.248
IN-02-0956,maize,2012,0.924
IN-02-0956,maize,2013,2.057
IN-15-0957,maize,1997,1.461
IN-15-0957,maize,1998,1.435
IN-15-0957,maize,1999,1.131
IN-15-0957,maize,2000,0.796
IN-15-0957,maize,2001,1.186
IN-15-0957,maize,2002,1.799
IN-15-0957,maize,2003,0.923
IN-15-0957,maize,2004,1.219
IN-15-0957,maize,2005,0.862
IN-15-0957,maize,2006,1.0
IN-15-0957,maize,2007,1.38
IN-15-0957,maize,2008,1.521
IN-15-0957,maize,2009,0.961
IN-15-0957,maize,2010,1.153
IN-15-0957,maize,2011,1.2
IN-15-0957,maize,2012,1.53
IN-15-0957,maize,2013,1.081
IN-02-0958,maize,1996,1.333
IN-02-0958,maize,1997,0.902
IN-02-0958,maize,1998,0.957
IN-02-0958,maize,1999,1.5
IN-02-0958,maize,2000,2.0
IN-02-0958,maize,2001,2.0
IN-02-0958,maize,2002,1.0
IN-02-0958,maize,2003,2.0
IN-02-0958,maize,2004,1.632
IN-02-0958,maize,2005,1.375
IN-02-0958,maize,2006,1.336
IN-02-0958,maize,2007,2.132
IN-02-0958,maize,2008,1.652
IN-02-0958,maize,2009,2.129
IN-02-0958,maize,2010,2.386
IN-02-0958,maize,2011,2.176
IN-02-0958,maize,2012,2.5
IN-02-0958,maize,2013,1.458
IN-02-0960,maize,1997,2.334
IN-02-0960,maize,1998,1.941
IN-02-0960,maize,1999,1.5
IN-02-0960,maize,2000,4.0
IN-02-0960,maize,2001,4.0
IN-02-0960,maize,2002,4.0
IN-02-0960,maize,2003,4.0
IN-02-0960,maize,2004,3.197
IN-02-0960,maize,2005,2.075
IN-02-0960,maize,2006,3.711
IN-02-0960,maize,2007,2.84
IN-02-0960,maize,2008,3.31
IN-02-0960,maize,2009,3.264
IN-02-0960,maize,2010,3.409
IN-02-0960,maize,2011,2.722
IN-02-0960,maize,2012,2.321
IN-02-0960,maize,2013,3.734
IN-02-0961,maize,2004,1.65
IN-02-0961,maize,2007,1.889
IN-02-0961,maize,2008,2.125
IN-02-0961,maize,2009,2.297
IN-02-0961,maize,2010,3.013
IN-02-0961,maize,2011,3.368
IN-02-0961,maize,2012,3.947
IN-02-0961,maize,2013,3.827
IN-15-0962,maize,2001,1.896
IN-15-0962,maize,2003,1.787
IN-15-0962,maize,2004,1.255
IN-15-0962,maize,2005,0.989
IN-15-0962,maize,2006,1.536
IN-15-0962,maize,2007,1.204
IN-15-0962,maize,2008,1.3
IN-15-0962,maize,2009,0.981
IN-15-0962,maize,2010,1.242
IN-15-0962,maize,2011,1.508
IN-15-0962,maize,2012,1.231
IN-15-0962,maize,2013,1.124
IN-15-0963,maize,2000,1.812
IN-15-0963,maize,2001,1.3
IN-15-0963,maize,2003,2.152
IN-15-0963,maize,2004,1.558
IN-15-0963,maize,2005,1.388
IN-15-0963,maize,2006,1.298
IN-15-0963,maize,2007,1.103
IN-15-0963,maize,2008,0.744
IN-15-0963,maize,2009,0.543
IN-15-0963,maize,2010,0.809
IN-15-0963,maize,2011,0.958
IN-15-0963,maize,2012,0.892
IN-15-0963,maize,2013,0.983
IN-15-0964,maize,2001,1.346
IN-15-0964,maize,2003,1.342
IN-15-0964,maize,2004,1.533
IN-15-0964,maize,2005,0.836
IN-15-0964,maize,2006,1.69
IN-15-0964,maize,2007,1.215
IN-15-0964,maize,2008,0.94
IN-15-0964,maize,2009,0.898
IN-15-0964,maize,2010,0.667
IN-15-0964,maize,2011,0.857
IN-15-0964,maize,2012,0.936
IN-15-0964,maize,2013,0.982
IN-15-0965,maize,2001,3.173
IN-15-0965,maize,2003,0.983
IN-15-0965,maize,2004,1.37
IN-15-0965,maize,2005,1.444
IN-15-0965,maize,2006,1.833
IN-15-0965,maize,2007,1.245
IN-15-0965,maize,2008,1.6
IN-15-0965,maize,2009,1.4
IN-15-0965,maize,2010,0.816
IN-15-0965,maize,2011,1.122
IN-15-0965,maize,2012,1.172
IN-15-0965,maize,2013,1.345
IN-03-1001,maize,2000,1.6
IN-03-1001,maize,2001,2.0
IN-03-1001,maize,2002,2.667
IN-03-1001,maize,2007,1.0
IN-03-1001,maize,2008,1.5
IN-03-1001,maize,2009,0.8
IN-03-1001,maize,2010,1.946
IN-03-1001,maize,2011,2.348
IN-03-1001,maize,2012,1.429
IN-03-1001,maize,2013,1.451
IN-03-1002,maize,2000,0.591
IN-03-1002,maize,2001,1.84
IN-03-1002,maize,2002,1.889
IN-03-1002,maize,2003,1.815
IN-03-1002,maize,2004,0.636
IN-03-1002,maize,2005,1.431
IN-03-1002,maize,2006,1.145
IN-03-1002,maize,2007,1.08
IN-03-1002,maize,2008,1.379
IN-03-1002,maize,2009,0.869
IN-03-1002,maize,2010,1.703
IN-03-1002,maize,2011,1.342
IN-03-1002,maize,2012,1.729
IN-03-1002,maize,2013,1.028
IN-03-1003,maize,2000,0.759
IN-03-1003,maize,2001,1.949
IN-03-1003,maize,2002,1.638
IN-03-1003,maize,2003,2.337
IN-03-1003,maize,2004,0.914
IN-03-1003,maize,2005,1.581
IN-03-1003,maize,2006,1.0
IN-03-1003,maize,2007,1.491
IN-03-1003,maize,2008,1.446
IN-03-1003,maize,2009,0.961
IN-03-1003,maize,2010,1.798
IN-03-1003,maize,2011,1.761
IN-03-1003,maize,2012,1.726
IN-03-1003,maize,2013,1.575
IN-03-1004,maize,2013,2.0
IN-03-1005,maize,2010,1.957
IN-03-1006,maize,2000,1.0
IN-03-1006,maize,2002,2.0
IN-03-1006,maize,2009,1.0
IN-03-1006,maize,2010,1.8
IN-04-1009,maize,1995,1.8
IN-04-1009,maize,1996,1.495
IN-04-1009,maize,1997,1.881
IN-04-1009,maize,1998,2.0
IN-04-1009,maize,1999,2.475
IN-04-1009,maize,2000,2.192
IN-04-1009,maize,2001,2.551
IN-04-1009,maize,2002,1.895
IN-04-1009,maize,2003,2.604
IN-04-1009,maize,2004,2.654
IN-04-1009,maize,2005,2.039
IN-04-1009,maize,2006,2.195
IN-04-1009,maize,2007,2.593
IN-04-1009,maize,2008,2.028
IN-04-1009,maize,2009,2.097
IN-04-1009,maize,2010,1.818
IN-04-1009,maize,2011,2.542
IN-04-1009,maize,2012,2.459
IN-04-1009,maize,2013,2.8
IN-05-1010,maize,1998,2.808
IN-05-1010,maize,1999,3.043
IN-05-1010,maize,2000,3.006
IN-05-1010,maize,2001,2.981
IN-05-1010,maize,2002,3.176
IN-05-1010,maize,2003,3.181
IN-05-1010,maize,2004,3.493
IN-05-1010,maize,2005,4.009
IN-05-1010,maize,2006,3.694
IN-05-1010,maize,2007,4.017
IN-05-1010,maize,2008,3.594
IN-05-1010,maize,2009,2.408
IN-05-1010,maize,2010,3.506
IN-05-1010,maize,2011,3.233
IN-05-1010,maize,2012,2.594
IN-05-1010,maize,2013,3.451
IN-05-1011,maize,1998,3.749
IN-05-1011,maize,1999,2.112
IN-05-1011,maize,2000,2.723
IN-05-1011,maize,2001,2.524
IN-05-1011,maize,2002,2.688
IN-05-1011,maize,2003,1.462
IN-05-1011,maize,2004,2.695
IN-05-1011,maize,2005,2.825
IN-05-1011,maize,2006,2.527
IN-05-1011,maize,2007,2.579
IN-05-1011,maize,2008,2.743
IN-05-1011,maize,2009,2.188
IN-05-1011,maize,2010,3.159
IN-05-1011,maize,2011,2.333
IN-05-1011,maize,2012,3.367
IN-05-1011,maize,2013,3.637
IN-05-1012,maize,1998,3.697
IN-05-1012,maize,1999,2.801
IN-05-1012,maize,2000,3.402
IN-05-1012,maize,2001,1.59
IN-05-1012,maize,2002,1.528
IN-05-1012,maize,2003,1.412
IN-05-1012,maize,2004,3.098
IN-05-1012,maize,2005,3.042
IN-05-1012,maize,2006,2.28
IN-05-1012,maize,2007,3.107
IN-05-1012,maize,2008,2.536
IN-05-1012,maize,2009,2.975
IN-05-1012,maize,2010,3.96
IN-05-1012,maize,2011,3.26
IN-05-1012,maize,2012,2.737
IN-05-1012,maize,2013,3.644
IN-05-1013,maize,1998,3.605
IN-05-1013,maize,1999,3.001
IN-05-1013,maize,2000,3.146
IN-05-1013,maize,2001,1.611
IN-05-1013,maize,2002,1.43
IN-05-1013,maize,2003,2.576
IN-05-1013,maize,2004,4.381
IN-05-1013,maize,2005,3.879
IN-05-1013,maize,2006,3.499
IN-05-1013,maize,2007,3.409
IN-05-1013,maize,2008,2.408
IN-05-1013,maize,2009,1.889
IN-05-1013,maize,2010,2.787
IN-05-1013,maize,2011,2.419
IN-05-1013,maize,2012,2.056
IN-05-1013,maize,2013,2.303
IN-05-1014,maize,1998,3.241
IN-05-1014,maize,1999,3.108
IN-05-1014,maize,2000,4.098
IN-05-1014,maize,2001,2.332
IN-05-1014,maize,2002,2.007
IN-05-1014,maize,2003,1.092
IN-05-1014,maize,2004,2.266
IN-05-1014,maize,2005,2.354
IN-05-1014,maize,2006,2.632
IN-05-1014,maize,2007,2.42
IN-05-1014,maize,2008,2.616
IN-05-1014,maize,2009,2.083
IN-05-1014,maize,2010,3.82
IN-05-1014,maize,2011,3.559
IN-05-1014,maize,2012,2.028
IN-05-1014,maize,2013,3.554
IN-05-1015,maize,1998,3.556
IN-05-1015,maize,1999,2.722
IN-05-1015,maize,2000,3.932
IN-05-1015,maize,2001,3.195
IN-05-1015,maize,2002,2.219
IN-05-1015,maize,2003,2.458
IN-05-1015,maize,2004,2.72
IN-05-1015,maize,2005,2.22
IN-05-1015,maize,2006,1.839
IN-05-1015,maize,2007,2.932
IN-05-1015,maize,2008,2.747
IN-05-1015,maize,2009,1.504
IN-05-1015,maize,2010,2.832
IN-05-1015,maize,2011,2.917
IN-05-1015,maize,2012,2.754
IN-05-1015,maize,2013,3.473
IN-05-1016,maize,2005,4.0
IN-05-1016,maize,2006,2.75
IN-05-1016,maize,2007,3.5
IN-05-1016,maize,2008,2.8
IN-05-1016,maize,2009,2.0
IN-05-1016,maize,2010,3.0
IN-05-1016,maize,2011,3.333
IN-05-1016,maize,2012,2.5
IN-05-1016,maize,2013,3.5
IN-09-1017,maize,1995,2.056
IN-09-1017,maize,1996,2.167
IN-09-1017,maize,1997,2.167
IN-09-1017,maize,1998,2.389
IN-09-1017,maize,1999,2.556
IN-09-1017,maize,2000,3.118
IN-09-1017,maize,2001,2.833
IN-09-1017,maize,2002,2.0
IN-09-1017,maize,2003,3.611
IN-09-1017,maize,2004,2.667
IN-09-1017,maize,2005,2.824
IN-09-1017,maize,2006,3.778
IN-09-1017,maize,2007,4.353
IN-09-1017,maize,2008,3.941
IN-09-1017,maize,2009,3.5
IN-09-1017,maize,2010,4.071
IN-09-1017,maize,2011,3.929
IN-09-1017,maize,2012,4.143
IN-09-1017,maize,2013,4.167
IN-09-1018,maize,1999,2.667
IN-09-1018,maize,2000,2.667
IN-09-1018,maize,2002,1.0
IN-09-1019,maize,2001,3.0
IN-09-1019,maize,2002,2.0
IN-09-1019,maize,2003,3.0
IN-10-1020,maize,1998,1.088
IN-10-1020,maize,1999,1.041
IN-10-1020,maize,2000,1.065
IN-10-1020,maize,2001,1.436
IN-10-1020,maize,2002,0.87
IN-10-1020,maize,2003,1.864
IN-10-1020,maize,2004,1.207
IN-10-1020,maize,2005,1.111
IN-10-1020,maize,2006,1.083
IN-10-1020,maize,2007,1.87
IN-10-1020,maize,2008,1.741
IN-10-1020,maize,2009,1.059
IN-10-1020,maize,2010,1.75
IN-10-1020,maize,2011,1.583
IN-10-1020,maize,2012,1.929
IN-10-1020,maize,2013,1.556
IN-11-1022,maize,2002,2.0
IN-11-1022,maize,2003,2.667
IN-11-1022,maize,2004,2.389
IN-11-1022,maize,2005,1.1
IN-11-1022,maize,2006,3.353
IN-11-1022,maize,2007,2.663
IN-11-1022,maize,2008,5.769
IN-11-1022,maize,2009,6.268
IN-11-1022,maize,2010,3.848
IN-11-1022,maize,2011,5.726
IN-11-1022,maize,2012,3.508
IN-11-1022,maize,2013,6.256
IN-11-1023,maize,1996,1.859
IN-11-1023,maize,1997,1.845
IN-11-1023,maize,1998,1.851
IN-11-1023,maize,1999,1.88
IN-11-1023,maize,2000,1.862
IN-11-1023,maize,2001,1.85
IN-11-1023,maize,2002,1.86
IN-11-1023,maize,2003,1.857
IN-11-1023,maize,2004,1.859
IN-11-1023,maize,2005,1.018
IN-11-1023,maize,2006,5.091
IN-11-1023,maize,2007,5.5
IN-11-1023,maize,2008,5.49
IN-11-1023,maize,2009,5.164
IN-11-1023,maize,2010,7.176
IN-11-1023,maize,2011,6.14
IN-11-1023,maize,2012,4.193
IN-11-1023,maize,2013,8.449
IN-11-1024,maize,1996,1.208
IN-11-1024,maize,1997,1.2
IN-11-1024,maize,1998,1.176
IN-11-1024,maize,1999,1.183
IN-11-1024,maize,2000,1.187
IN-11-1024,maize,2001,1.183
IN-11-1024,maize,2002,1.185
IN-11-1024,maize,2003,1.182
IN-11-1024,maize,2004,1.184
IN-11-1024,maize,2005,1.113
IN-11-1024,maize,2006,2.116
IN-11-1024,maize,2007,1.21
IN-11-1024,maize,2008,1.468
IN-11-1024,maize,2009,2.136
IN-11-1024,maize,2010,2.774
IN-11-1024,maize,2011,5.772
IN-11-1024,maize,2012,1.94
IN-11-1024,maize,2013,7.647
IN-11-1025,maize,1996,2.006
IN-11-1025,maize,1997,2.019
IN-11-1025,maize,1998,2.0
IN-11-1025,maize,1999,2.001
IN-11-1025,maize,2000,2.005
IN-11-1025,maize,2001,2.007
IN-11-1025,maize,2002,2.008
IN-11-1025,maize,2003,2.005
IN-11-1025,maize,2004,2.006
IN-11-1025,maize,2005,1.096
IN-11-1025,maize,2006,5.508
IN-11-1025,maize,2007,5.465
IN-11-1025,maize,2008,6.115
IN-11-1025,maize,2009,5.757
IN-11-1025,maize,2010,6.479
IN-11-1025,maize,2011,6.47
IN-11-1025,maize,2012,6.187
IN-11-1025,maize,2013,8.602
IN-11-1026,maize,1996,2.857
IN-11-1026,maize,1997,2.5
IN-11-1026,maize,2002,4.0
IN-11-1026,maize,2003,2.667
IN-11-1026,maize,2004,3.0
IN-11-1026,maize,2007,3.0
IN-11-1027,maize,2013,5.625
IN-12-1028,maize,1996,1.275
IN-12-1028,maize,1997,0.986
IN-12-1028,maize,1998,0.746
IN-12-1028,maize,1999,1.0
IN-12-1028,maize,2000,1.443
IN-12-1028,maize,2001,1.591
IN-12-1028,maize,2002,1.117
IN-12-1028,maize,2003,1.373
IN-12-1028,maize,2004,1.675
IN-12-1028,maize,2005,1.31
IN-12-1028,maize,2006,1.103
IN-12-1028,maize,2007,1.206
IN-12-1028,maize,2008,0.828
IN-12-1028,maize,2009,1.169
IN-12-1028,maize,2010,1.147
IN-12-1028,maize,2011,1.261
IN-12-1028,maize,2012,1.391
IN-12-1028,maize,2013,0.755
IN-12-1029,maize,1995,0.946
IN-12-1029,maize,1996,1.12
IN-12-1029,maize,1997,1.537
IN-12-1029,maize,1998,0.583
IN-12-1029,maize,1999,1.195
IN-12-1029,maize,2000,1.508
IN-12-1029,maize,2001,1.771
IN-12-1029,maize,2002,1.571
IN-12-1029,maize,2003,1.501
IN-12-1029,maize,2004,1.358
IN-12-1029,maize,2005,1.907
IN-12-1029,maize,2006,1.721
IN-12-1029,maize,2007,1.48
IN-12-1029,maize,2008,1.428
IN-12-1029,maize,2009,1.551
IN-12-1029,maize,2010,1.949
IN-12-1029,maize,2011,2.074
IN-12-1029,maize,2012,2.291
IN-12-1029,maize,2013,3.159
IN-16-1030,maize,1996,1.141
IN-16-1030,maize,1997,1.597
IN-16-1030,maize,1998,1.019
IN-16-1030,maize,1999,1.457
IN-16-1030,maize,2000,1.85
IN-16-1030,maize,2001,1.5
IN-16-1030,maize,2002,1.786
IN-16-1030,maize,2003,1.105
IN-16-1030,maize,2004,2.667
IN-16-1030,maize,2005,2.762
IN-16-1030,maize,2006,2.1
IN-16-1030,maize,2007,1.6
IN-16-1030,maize,2008,1.667
IN-16-1030,maize,2009,1.5
IN-16-1030,maize,2010,2.3
IN-16-1030,maize,2011,2.2
IN-16-1030,maize,2012,2.5
IN-16-1030,maize,2013,2.333
IN-12-1031,maize,1997,2.125
IN-12-1031,maize,1998,0.841
IN-12-1031,maize,1999,1.683
IN-12-1031,maize,2000,2.441
IN-12-1031,maize,2001,2.116
IN-12-1031,maize,2002,1.818
IN-12-1031,maize,2003,1.832
IN-12-1031,maize,2004,2.022
IN-12-1031,maize,2005,1.437
IN-12-1031,maize,2006,1.933
IN-12-1031,maize,2007,2.168
IN-12-1031,maize,2008,2.391
IN-12-1031,maize,2009,1.941
IN-12-1031,maize,2010,1.989
IN-12-1031,maize,2011,2.035
IN-12-1031,maize,2012,2.48
IN-12-1031,maize,2013,2.56
IN-16-1032,maize,1998,0.957
IN-16-1032,maize,1999,1.019
IN-16-1032,maize,2000,1.103
IN-16-1032,maize,2001,1.103
IN-16-1032,maize,2002,0.667
IN-16-1032,maize,2003,0.662
IN-16-1032,maize,2004,1.233
IN-16-1032,maize,2005,1.238
IN-16-1032,maize,2006,0.724
IN-16-1032,maize,2007,1.233
IN-16-1032,maize,2008,1.371
IN-16-1032,maize,2009,1.356
IN-16-1032,maize,2010,1.333
IN-16-1032,maize,2011,1.415
IN-16-1032,maize,2012,1.395
IN-16-1032,maize,2013,1.382
IN-12-1033,maize,1997,1.497
IN-12-1033,maize,1998,1.761
IN-12-1033,maize,1999,1.206
IN-12-1033,maize,2000,2.074
IN-12-1033,maize,2001,2.4
IN-12-1033,maize,2002,1.24
IN-12-1033,maize,2003,1.378
IN-12-1033,maize,2004,1.059
IN-12-1033,maize,2005,1.571
IN-12-1033,maize,2006,1.6
IN-12-1033,maize,2007,1.75
IN-12-1033,maize,2008,2.0
IN-12-1033,maize,2009,2.0
IN-12-1033,maize,2010,1.0
IN-12-1033,maize,2011,3.0
IN-12-1033,maize,2013,2.5
IN-12-1034,maize,1997,0.86
IN-12-1034,maize,1998,0.304
IN-12-1034,maize,1999,1.17
IN-12-1034,maize,2000,0.765
IN-12-1034,maize,2001,0.811
IN-12-1034,maize,2002,0.754
IN-12-1034,maize,2003,0.925
IN-12-1034,maize,2004,0.634
IN-12-1034,maize,2005,0.975
IN-12-1034,maize,2006,0.945
IN-12-1034,maize,2007,1.01
IN-12-1034,maize,2008,0.852
IN-12-1034,maize,2009,1.028
IN-12-1034,maize,2010,1.07
IN-12-1034,maize,2011,1.068
IN-12-1034,maize,2012,1.208
IN-12-1034,maize,2013,1.265
IN-16-1035,maize,1998,1.108
IN-16-1035,maize,1999,1.149
IN-16-1035,maize,2000,1.484
IN-16-1035,maize,2001,1.141
IN-16-1035,maize,2002,1.051
IN-16-1035,maize,2003,1.047
IN-16-1035,maize,2004,1.226
IN-16-1035,maize,2005,1.216
IN-16-1035,maize,2006,0.815
IN-16-1035,maize,2007,0.95
IN-16-1035,maize,2008,0.94
IN-16-1035,maize,2009,0.954
IN-16-1035,maize,2010,0.95
IN-16-1035,maize,2011,0.939
IN-16-1035,maize,2012,0.936
IN-16-1035,maize,2013,0.938
IN-12-1036,maize,1997,1.357
IN-12-1036,maize,1998,0.556
IN-12-1036,maize,1999,1.077
IN-12-1036,maize,2000,1.364
IN-12-1036,maize,2001,1.636
IN-12-1036,maize,2002,1.273
IN-12-1036,maize,2003,1.6
IN-12-1036,maize,2004,2.0
IN-12-1036,maize,2005,1.778
IN-12-1036,maize,2006,1.6
IN-12-1036,maize,2007,1.5
IN-12-1036,maize,2008,1.556
IN-12-1036,maize,2009,2.333
IN-12-1036,maize,2010,1.714
IN-12-1036,maize,2011,1.571
IN-12-1036,maize,2012,2.0
IN-12-1036,maize,2013,2.444
IN-12-1037,maize,1997,1.0
IN-12-1037,maize,1998,1.0
IN-12-1037,maize,1999,0.667
IN-12-1037,maize,2000,1.833
IN-12-1037,maize,2001,1.0
IN-12-1037,maize,2002,1.0
IN-12-1037,maize,2003,1.0
IN-12-1037,maize,2004,0.5
IN-12-1037,maize,2005,1.0
IN-12-1037,maize,2006,1.0
IN-12-1037,maize,2007,1.0
IN-12-1037,maize,2008,2.0
IN-12-1037,maize,2009,1.0
IN-12-1037,maize,2010,1.0
IN-12-1037,maize,2011,1.0
IN-12-1037,maize,2012,2.0
IN-12-1037,maize,2013,1.5
IN-12-1038,maize,1997,2.168
IN-12-1038,maize,1998,1.767
IN-12-1038,maize,1999,1.205
IN-12-1038,maize,2000,1.827
IN-12-1038,maize,2001,2.219
IN-12-1038,maize,2002,1.011
IN-12-1038,maize,2003,1.478
IN-12-1038,maize,2004,1.641
IN-12-1038,maize,2005,1.11
IN-12-1038,maize,2006,1.863
IN-12-1038,maize,2007,1.966
IN-12-1038,maize,2008,2.178
IN-12-1038,maize,2009,1.901
IN-12-1038,maize,2010,1.938
IN-12-1038,maize,2011,2.14
IN-12-1038,maize,2012,2.365
IN-12-1038,maize,2013,2.404
IN-12-1039,maize,1997,2.284
IN-12-1039,maize,1998,0.826
IN-12-1039,maize,1999,1.423
IN-12-1039,maize,2000,1.99
IN-12-1039,maize,2001,1.723
IN-12-1039,maize,2002,0.737
IN-12-1039,maize,2003,1.77
IN-12-1039,maize,2004,1.711
IN-12-1039,maize,2005,1.477
IN-12-1039,maize,2006,1.763
IN-12-1039,maize,2007,1.802
IN-12-1039,maize,2008,1.844
IN-12-1039,maize,2009,2.053
IN-12-1039,maize,2010,1.936
IN-12-1039,maize,2011,2.16
IN-12-1039,maize,2012,2.132
IN-12-1039,maize,2013,2.007
IN-12-1040,maize,1997,1.749
IN-12-1040,maize,1998,1.107
IN-12-1040,maize,1999,1.528
IN-12-1040,maize,2000,1.324
IN-12-1040,maize,2001,1.512
IN-12-1040,maize,2002,1.168
IN-12-1040,maize,2003,0.825
IN-12-1040,maize,2004,1.213
IN-12-1040,maize,2005,1.086
IN-12-1040,maize,2006,1.004
IN-12-1040,maize,2007,1.344
IN-12-1040,maize,2008,1.333
IN-12-1040,maize,2009,1.52
IN-12-1040,maize,2010,1.09
IN-12-1040,maize,2011,1.465
IN-12-1040,maize,2012,1.087
IN-12-1040,maize,2013,1.203
IN-12-1041,maize,1997,2.047
IN-12-1041,maize,1998,1.658
IN-12-1041,maize,1999,2.246
IN-12-1041,maize,2000,2.447
IN-12-1041,maize,2001,1.954
IN-12-1041,maize,2002,1.381
IN-12-1041,maize,2003,1.296
IN-12-1041,maize,2004,1.813
IN-12-1041,maize,2005,1.436
IN-12-1041,maize,2006,1.574
IN-12-1041,maize,2007,1.983
IN-12-1041,maize,2008,1.8
IN-12-1041,maize,2009,1.342
IN-12-1041,maize,2010,1.987
IN-12-1041,maize,2011,2.28
IN-12-1041,maize,2012,2.144
IN-12-1041,maize,2013,2.19
IN-12-1042,maize,1997,2.0
IN-12-1042,maize,1998,1.167
IN-12-1042,maize,1999,1.875
IN-12-1042,maize,2000,2.0
IN-12-1042,maize,2001,1.8
IN-12-1042,maize,2002,1.273
IN-12-1042,maize,2003,1.222
IN-12-1042,maize,2004,1.85
IN-12-1042,maize,2005,1.286
IN-12-1042,maize,2006,1.304
IN-12-1042,maize,2007,1.435
IN-12-1042,maize,2008,1.545
IN-12-1042,maize,2009,1.5
IN-12-1042,maize,2010,1.13
IN-12-1042,maize,2011,1.409
IN-12-1042,maize,2012,1.478
IN-12-1042,maize,2013,2.235
IN-16-1043,maize,1998,1.059
IN-16-1043,maize,1999,0.938
IN-16-1043,maize,2000,1.125
IN-16-1043,maize,2001,0.938
IN-16-1043,maize,2002,0.813
IN-16-1043,maize,2003,0.85
IN-16-1043,maize,2004,1.211
IN-16-1043,maize,2005,1.273
IN-16-1043,maize,2006,0.826
IN-16-1043,maize,2007,1.19
IN-16-1043,maize,2008,1.195
IN-16-1043,maize,2009,1.192
IN-16-1043,maize,2010,1.211
IN-16-1043,maize,2011,1.056
IN-16-1043,maize,2012,0.947
IN-16-1043,maize,2013,0.938
IN-12-1044,maize,1995,1.499
IN-12-1044,maize,1996,0.932
IN-12-1044,maize,1997,1.147
IN-12-1044,maize,1998,1.165
IN-12-1044,maize,1999,1.667
IN-12-1044,maize,2000,0.959
IN-12-1044,maize,2001,0.516
IN-12-1044,maize,2002,0.743
IN-12-1044,maize,2003,1.136
IN-12-1044,maize,2004,0.596
IN-12-1044,maize,2005,0.762
IN-12-1044,maize,2006,0.629
IN-12-1044,maize,2007,0.8
IN-12-1044,maize,2008,0.593
IN-12-1044,maize,2009,0.672
IN-12-1044,maize,2010,0.873
IN-12-1044,maize,2011,0.859
IN-12-1044,maize,2012,0.96
IN-12-1044,maize,2013,1.136
IN-12-1045,maize,1997,1.279
IN-12-1045,maize,1998,0.436
IN-12-1045,maize,1999,1.407
IN-12-1045,maize,2000,0.453
IN-12-1045,maize,2001,0.739
IN-12-1045,maize,2002,0.881
IN-12-1045,maize,2003,1.204
IN-12-1045,maize,2004,1.224
IN-12-1045,maize,2005,1.297
IN-12-1045,maize,2006,1.337
IN-12-1045,maize,2007,1.462
IN-12-1045,maize,2008,1.528
IN-12-1045,maize,2009,1.447
IN-12-1045,maize,2010,1.199
IN-12-1045,maize,2011,1.776
IN-12-1045,maize,2012,1.839
IN-12-1045,maize,2013,1.974
IN-12-1046,maize,1997,0.668
IN-12-1046,maize,1998,0.422
IN-12-1046,maize,1999,0.858
IN-12-1046,maize,2000,0.819
IN-12-1046,maize,2001,0.957
IN-12-1046,maize,2002,0.843
IN-12-1046,maize,2003,0.967
IN-12-1046,maize,2004,0.922
IN-12-1046,maize,2005,0.798
IN-12-1046,maize,2006,0.7
IN-12-1046,maize,2007,0.72
IN-12-1046,maize,2008,0.687
IN-12-1046,maize,2009,0.626
IN-12-1046,maize,2010,0.751
IN-12-1046,maize,2011,0.742
IN-12-1046,maize,2012,0.771
IN-12-1046,maize,2013,0.836
IN-17-1047,maize,1990,0.5
IN-17-1047,maize,1991,0.592
IN-17-1047,maize,1992,0.583
IN-17-1047,maize,1993,0.611
IN-17-1047,maize,1994,0.88
IN-17-1047,maize,1995,0.611
IN-17-1047,maize,1996,0.622
IN-17-1047,maize,1997,0.605
IN-17-1047,maize,1998,0.595
IN-17-1047,maize,1999,0.622
IN-17-1047,maize,2000,0.605
IN-17-1047,maize,2001,0.615
IN-17-1047,maize,2002,0.61
IN-17-1047,maize,2003,0.611
IN-17-1047,maize,2004,0.606
IN-17-1047,maize,2005,0.593
IN-17-1047,maize,2006,0.6
IN-17-1047,maize,2007,0.625
IN-17-1047,maize,2008,0.611
IN-17-1047,maize,2009,0.647
IN-17-1047,maize,2010,0.611
IN-17-1047,maize,2011,0.684
IN-17-1047,maize,2012,0.762
IN-17-1047,maize,2013,4.381
IN-17-1048,maize,1990,0.562
IN-17-1048,maize,1991,0.552
IN-17-1048,maize,1992,0.553
IN-17-1048,maize,1993,0.627
IN-17-1048,maize,1994,0.636
IN-17-1048,maize,1995,0.909
IN-17-1048,maize,1996,0.857
IN-17-1048,maize,1997,0.941
IN-17-1048,maize,1998,0.893
IN-17-1048,maize,1999,0.909
IN-17-1048,maize,2000,0.923
IN-17-1048,maize,2001,0.923
IN-17-1048,maize,2002,0.907
IN-17-1048,maize,2003,0.907
IN-17-1048,maize,2004,0.902
IN-17-1048,maize,2005,0.902
IN-17-1048,maize,2006,0.898
IN-17-1048,maize,2007,0.844
IN-17-1048,maize,2008,0.8
IN-17-1048,maize,2009,0.826
IN-17-1048,maize,2010,0.818
IN-17-1048,maize,2011,0.88
IN-17-1048,maize,2012,1.222
IN-17-1048,maize,2013,5.613
IN-17-1049,maize,1990,0.5
IN-17-1049,maize,1991,0.5
IN-17-1049,maize,1992,0.5
IN-17-1049,maize,1993,0.5
IN-17-1049,maize,1994,0.5
IN-17-1049,maize,1995,0.5
IN-17-1049,maize,1996,0.5
IN-17-1049,maize,1997,1.0
IN-17-1049,maize,1999,0.5
IN-17-1049,maize,2000,0.5
IN-17-1049,maize,2001,0.25
IN-17-1049,maize,2002,0.333
IN-17-1049,maize,2003,0.333
IN-17-1049,maize,2004,0.333
IN-17-1049,maize,2007,0.333
IN-17-1049,maize,2008,0.5
IN-17-1049,maize,2009,0.5
IN-17-1049,maize,2010,0.4
IN-17-1049,maize,2011,0.5
IN-17-1049,maize,2012,0.5
IN-17-1049,maize,2013,1.0
IN-17-1050,maize,1990,0.66667
IN-17-1050,maize,1991,0.3333299999999999
IN-17-1050,maize,1992,0.5555599999999999
IN-17-1050,maize,1993,0.375
IN-17-1050,maize,1994,0.3333299999999999
IN-17-1050,maize,1995,0.3333299999999999
IN-17-1050,maize,1996,0.44444
IN-17-1050,maize,1997,0.375
IN-17-1050,maize,1998,1.0
IN-17-1050,maize,1999,0.375
IN-17-1050,maize,2000,4.0
IN-17-1050,maize,2001,0.3333299999999999
IN-17-1050,maize,2002,0.375
IN-17-1050,maize,2003,0.375
IN-17-1050,maize,2004,0.4
IN-17-1050,maize,2005,0.5
IN-17-1050,maize,2006,0.3333299999999999
IN-17-1050,maize,2007,0.5
IN-17-1050,maize,2008,0.5
IN-17-1050,maize,2009,0.3333299999999999
IN-17-1050,maize,2010,0.4
IN-17-1050,maize,2011,0.42857
IN-17-1050,maize,2012,0.44
IN-17-1050,maize,2013,4.210529999999999
IN-17-1051,maize,1990,0.52903
IN-17-1051,maize,1991,0.5465099999999999
IN-17-1051,maize,1992,0.65323
IN-17-1051,maize,1993,0.5985900000000001
IN-17-1051,maize,1994,0.60294
IN-17-1051,maize,1995,0.60377
IN-17-1051,maize,1996,0.59804
IN-17-1051,maize,1997,0.59434
IN-17-1051,maize,1998,0.60185
IN-17-1051,maize,1999,0.60215
IN-17-1051,maize,2000,0.60185
IN-17-1051,maize,2001,0.6067400000000001
IN-17-1051,maize,2002,0.60396
IN-17-1051,maize,2003,0.5978300000000001
IN-17-1051,maize,2004,0.6067400000000001
IN-17-1051,maize,2005,0.6067400000000001
IN-17-1051,maize,2006,0.59794
IN-17-1051,maize,2007,0.59596
IN-17-1051,maize,2008,0.59574
IN-17-1051,maize,2009,0.59211
IN-17-1051,maize,2010,0.59551
IN-17-1051,maize,2011,0.69737
IN-17-1051,maize,2012,0.77922
IN-17-1051,maize,2013,3.76087
IN-14-1055,maize,1998,0.763
IN-14-1055,maize,1999,1.644
IN-14-1055,maize,2000,1.486
IN-14-1055,maize,2001,0.883
IN-14-1055,maize,2002,1.435
IN-14-1055,maize,2003,1.233
IN-14-1055,maize,2004,1.545
IN-14-1055,maize,2005,1.545
IN-14-1055,maize,2006,1.098
IN-14-1055,maize,2007,1.725
IN-14-1055,maize,2008,1.473
IN-14-1055,maize,2009,1.042
IN-14-1055,maize,2010,2.167
IN-14-1055,maize,2011,2.064
IN-14-1055,maize,2012,1.914
IN-14-1055,maize,2013,2.566
IN-14-1056,maize,1998,1.0
IN-14-1056,maize,1999,1.5
IN-14-1056,maize,2000,0.909
IN-14-1056,maize,2001,0.615
IN-14-1056,maize,2002,1.0
IN-14-1056,maize,2003,1.231
IN-14-1056,maize,2004,1.448
IN-14-1056,maize,2005,1.448
IN-14-1056,maize,2006,1.069
IN-14-1056,maize,2007,1.263
IN-14-1056,maize,2008,1.143
IN-14-1056,maize,2009,2.447
IN-14-1056,maize,2011,2.271
IN-14-1056,maize,2012,2.691
IN-14-1056,maize,2013,2.942
IN-06-1057,maize,1999,4.221
IN-06-1057,maize,2000,2.14
IN-06-1057,maize,2001,2.144
IN-06-1057,maize,2002,1.852
IN-06-1057,maize,2003,1.858
IN-06-1057,maize,2004,1.503
IN-06-1057,maize,2005,0.904
IN-06-1057,maize,2006,0.621
IN-06-1057,maize,2007,0.906
IN-06-1057,maize,2008,0.92
IN-06-1057,maize,2009,0.901
IN-06-1057,maize,2010,1.176
IN-06-1057,maize,2011,0.667
IN-06-1057,maize,2012,2.368
IN-06-1057,maize,2013,1.826
IN-06-1058,maize,1999,1.636
IN-06-1058,maize,2000,1.923
IN-06-1058,maize,2001,1.933
IN-06-1058,maize,2002,2.133
IN-06-1058,maize,2003,1.889
IN-06-1058,maize,2004,1.219
IN-06-1058,maize,2005,1.343
IN-06-1058,maize,2006,0.886
IN-06-1058,maize,2007,1.071
IN-06-1058,maize,2008,1.5
IN-06-1058,maize,2009,1.375
IN-06-1058,maize,2010,1.5
IN-06-1058,maize,2011,1.0
IN-06-1058,maize,2012,2.203
IN-06-1058,maize,2013,1.271
IN-14-1059,maize,1998,1.0
IN-14-1059,maize,1999,1.703
IN-14-1059,maize,2000,1.289
IN-14-1059,maize,2001,0.763
IN-14-1059,maize,2002,1.632
IN-14-1059,maize,2003,1.049
IN-14-1059,maize,2004,1.316
IN-14-1059,maize,2005,1.316
IN-14-1059,maize,2006,1.19
IN-14-1059,maize,2007,1.455
IN-14-1059,maize,2008,1.326
IN-14-1059,maize,2009,1.63
IN-14-1059,maize,2010,1.75
IN-14-1059,maize,2011,1.353
IN-14-1059,maize,2012,1.857
IN-14-1059,maize,2013,2.278
IN-06-1060,maize,1999,0.895
IN-06-1060,maize,2000,1.179
IN-06-1060,maize,2001,1.991
IN-06-1060,maize,2002,1.751
IN-06-1060,maize,2003,1.682
IN-06-1060,maize,2004,0.912
IN-06-1060,maize,2005,0.969
IN-06-1060,maize,2006,0.727
IN-06-1060,maize,2007,1.067
IN-06-1060,maize,2008,1.1
IN-06-1060,maize,2009,0.937
IN-06-1060,maize,2010,1.349
IN-06-1060,maize,2011,1.467
IN-06-1060,maize,2012,6.216
IN-06-1060,maize,2013,3.368
IN-06-1061,maize,1999,1.341
IN-06-1061,maize,2000,1.146
IN-06-1061,maize,2001,1.61
IN-06-1061,maize,2002,1.225
IN-06-1061,maize,2003,1.6
IN-06-1061,maize,2004,1.158
IN-06-1061,maize,2005,1.157
IN-06-1061,maize,2006,0.55
IN-06-1061,maize,2007,0.667
IN-06-1061,maize,2008,1.059
IN-06-1061,maize,2009,0.735
IN-06-1061,maize,2010,0.969
IN-06-1061,maize,2011,0.688
IN-06-1061,maize,2012,1.784
IN-06-1061,maize,2013,2.26
IN-06-1062,maize,1999,2.161
IN-06-1062,maize,2000,1.555
IN-06-1062,maize,2001,2.294
IN-06-1062,maize,2002,1.421
IN-06-1062,maize,2003,2.495
IN-06-1062,maize,2004,1.77
IN-06-1062,maize,2005,2.121
IN-06-1062,maize,2006,1.129
IN-06-1062,maize,2007,1.453
IN-06-1062,maize,2008,1.798
IN-06-1062,maize,2009,1.322
IN-06-1062,maize,2010,1.912
IN-06-1062,maize,2011,1.525
IN-06-1062,maize,2012,3.929
IN-06-1062,maize,2013,2.515
IN-06-1063,maize,1999,1.111
IN-06-1063,maize,2000,0.75
IN-06-1063,maize,2001,1.4
IN-06-1063,maize,2002,0.5
IN-06-1063,maize,2003,1.5
IN-06-1063,maize,2004,1.043
IN-06-1063,maize,2005,1.054
IN-06-1063,maize,2006,0.694
IN-06-1063,maize,2007,0.846
IN-06-1063,maize,2008,0.909
IN-06-1063,maize,2009,0.778
IN-06-1063,maize,2010,1.125
IN-06-1063,maize,2011,0.875
IN-06-1063,maize,2012,2.054
IN-06-1063,maize,2013,2.756
IN-06-1064,maize,1999,1.159
IN-06-1064,maize,2000,1.393
IN-06-1064,maize,2001,1.312
IN-06-1064,maize,2002,1.283
IN-06-1064,maize,2003,1.469
IN-06-1064,maize,2004,1.017
IN-06-1064,maize,2005,0.588
IN-06-1064,maize,2006,0.427
IN-06-1064,maize,2007,0.558
IN-06-1064,maize,2008,0.606
IN-06-1064,maize,2009,0.607
IN-06-1064,maize,2010,0.733
IN-06-1064,maize,2011,0.917
IN-06-1064,maize,2012,1.41
IN-06-1064,maize,2013,1.318
IN-14-1065,maize,1998,1.556
IN-14-1065,maize,1999,1.526
IN-14-1065,maize,2000,1.352
IN-14-1065,maize,2001,0.829
IN-14-1065,maize,2002,1.243
IN-14-1065,maize,2003,1.319
IN-14-1065,maize,2004,1.168
IN-14-1065,maize,2005,1.168
IN-14-1065,maize,2006,0.91
IN-14-1065,maize,2007,1.298
IN-14-1065,maize,2008,1.346
IN-14-1065,maize,2009,1.142
IN-14-1065,maize,2010,1.63
IN-14-1065,maize,2011,1.396
IN-14-1065,maize,2012,1.803
IN-14-1065,maize,2013,1.775
IN-14-1066,maize,1998,1.448
IN-14-1066,maize,1999,1.844
IN-14-1066,maize,2000,1.51
IN-14-1066,maize,2001,0.912
IN-14-1066,maize,2002,1.39
IN-14-1066,maize,2003,1.474
IN-14-1066,maize,2004,1.685
IN-14-1066,maize,2005,1.685
IN-14-1066,maize,2006,1.248
IN-14-1066,maize,2007,1.642
IN-14-1066,maize,2008,1.429
IN-14-1066,maize,2009,1.721
IN-14-1066,maize,2010,1.7
IN-14-1066,maize,2011,1.56
IN-14-1066,maize,2012,1.854
IN-14-1066,maize,2013,2.198
IN-14-1067,maize,1998,1.26
IN-14-1067,maize,1999,1.406
IN-14-1067,maize,2000,1.057
IN-14-1067,maize,2001,0.717
IN-14-1067,maize,2002,1.225
IN-14-1067,maize,2003,1.239
IN-14-1067,maize,2004,1.316
IN-14-1067,maize,2005,1.316
IN-14-1067,maize,2006,0.998
IN-14-1067,maize,2007,1.448
IN-14-1067,maize,2008,1.083
IN-14-1067,maize,2009,1.309
IN-14-1067,maize,2010,1.458
IN-14-1067,maize,2011,1.376
IN-14-1067,maize,2012,1.835
IN-14-1067,maize,2013,1.562
IN-14-1068,maize,1998,1.029
IN-14-1068,maize,1999,1.236
IN-14-1068,maize,2000,0.664
IN-14-1068,maize,2001,0.687
IN-14-1068,maize,2002,1.438
IN-14-1068,maize,2003,0.924
IN-14-1068,maize,2004,1.138
IN-14-1068,maize,2005,1.138
IN-14-1068,maize,2006,0.911
IN-14-1068,maize,2007,1.079
IN-14-1068,maize,2008,0.989
IN-14-1068,maize,2009,1.174
IN-14-1068,maize,2010,1.48
IN-14-1068,maize,2011,1.297
IN-14-1068,maize,2012,1.539
IN-14-1068,maize,2013,1.958
IN-14-1069,maize,1998,0.5
IN-14-1069,maize,1999,1.533
IN-14-1069,maize,2000,1.071
IN-14-1069,maize,2001,0.75
IN-14-1069,maize,2002,1.632
IN-14-1069,maize,2003,0.625
IN-14-1069,maize,2004,1.0
IN-14-1069,maize,2005,1.0
IN-14-1069,maize,2006,0.857
IN-14-1069,maize,2007,1.2
IN-14-1069,maize,2008,1.0
IN-14-1069,maize,2009,1.25
IN-14-1069,maize,2010,2.0
IN-14-1069,maize,2011,1.273
IN-14-1069,maize,2012,1.636
IN-14-1069,maize,2013,1.727
IN-14-1070,maize,1998,3.243
IN-14-1070,maize,1999,1.847
IN-14-1070,maize,2000,1.36
IN-14-1070,maize,2001,0.971
IN-14-1070,maize,2002,0.924
IN-14-1070,maize,2003,1.62
IN-14-1070,maize,2004,1.545
IN-14-1070,maize,2005,1.545
IN-14-1070,maize,2006,1.623
IN-14-1070,maize,2007,1.977
IN-14-1070,maize,2008,1.811
IN-14-1070,maize,2009,1.93
IN-14-1070,maize,2010,2.024
IN-14-1070,maize,2011,2.063
IN-14-1070,maize,2012,1.883
IN-14-1070,maize,2013,2.234
IN-06-1071,maize,2003,1.273
IN-06-1071,maize,2004,1.017
IN-06-1071,maize,2005,1.022
IN-06-1071,maize,2006,0.65
IN-06-1071,maize,2007,0.742
IN-06-1071,maize,2008,0.824
IN-06-1071,maize,2009,0.524
IN-06-1071,maize,2010,0.838
IN-06-1071,maize,2011,0.472
IN-06-1071,maize,2012,1.395
IN-06-1071,maize,2013,1.384
IN-07-1072,maize,1999,1.2
IN-07-1072,maize,2000,1.0
IN-07-1072,maize,2001,2.5
IN-07-1072,maize,2002,2.0
IN-07-1072,maize,2003,2.0
IN-07-1072,maize,2004,1.0
IN-07-1072,maize,2005,2.0
IN-07-1072,maize,2006,2.0
IN-07-1072,maize,2007,3.0
IN-07-1072,maize,2008,2.0
IN-07-1072,maize,2009,2.2
IN-07-1072,maize,2010,2.3
IN-07-1072,maize,2011,0.7
IN-07-1072,maize,2012,1.467
IN-07-1072,maize,2013,3.0
IN-07-1073,maize,1999,1.333
IN-07-1073,maize,2000,1.0
IN-07-1073,maize,2001,1.75
IN-07-1073,maize,2002,1.5
IN-07-1073,maize,2003,0.6
IN-07-1073,maize,2004,1.067
IN-07-1073,maize,2005,1.222
IN-07-1073,maize,2006,1.427
IN-07-1073,maize,2007,1.3
IN-07-1073,maize,2008,1.02
IN-07-1073,maize,2009,1.036
IN-07-1073,maize,2010,1.333
IN-07-1073,maize,2011,1.582
IN-07-1073,maize,2012,0.913
IN-07-1073,maize,2013,1.55
IN-07-1074,maize,1998,1.975
IN-07-1074,maize,1999,1.04
IN-07-1074,maize,2000,0.621
IN-07-1074,maize,2001,1.441
IN-07-1074,maize,2002,1.256
IN-07-1074,maize,2003,1.951
IN-07-1074,maize,2004,1.415
IN-07-1074,maize,2005,2.0
IN-07-1074,maize,2006,1.244
IN-07-1074,maize,2007,2.327
IN-07-1074,maize,2008,2.01
IN-07-1074,maize,2009,2.227
IN-07-1074,maize,2010,2.503
IN-07-1074,maize,2011,2.936
IN-07-1074,maize,2012,2.651
IN-07-1074,maize,2013,1.712
IN-07-1075,maize,1998,0.5
IN-07-1075,maize,1999,1.0
IN-07-1075,maize,2000,1.0
IN-07-1075,maize,2001,3.0
IN-07-1075,maize,2002,2.0
IN-07-1075,maize,2003,2.0
IN-07-1075,maize,2004,1.0
IN-07-1075,maize,2005,2.0
IN-07-1075,maize,2006,2.0
IN-07-1075,maize,2007,3.0
IN-07-1075,maize,2008,3.0
IN-07-1075,maize,2009,2.233
IN-07-1075,maize,2010,2.475
IN-07-1075,maize,2011,2.067
IN-07-1075,maize,2012,1.226
IN-07-1075,maize,2013,2.5
IN-11-1077,maize,2008,1.467
IN-11-1077,maize,2009,2.394
IN-11-1077,maize,2010,0.863
IN-11-1077,maize,2011,5.211
IN-11-1077,maize,2012,2.406
IN-11-1077,maize,2013,5.308
IN-11-1080,maize,2003,1.143
IN-11-1080,maize,2004,1.1
IN-11-1080,maize,2005,1.2
IN-11-1080,maize,2006,5.2
IN-11-1080,maize,2007,4.778
IN-11-1080,maize,2008,3.111
IN-11-1080,maize,2009,4.5
IN-11-1080,maize,2010,4.0
IN-11-1080,maize,2011,5.705
IN-11-1080,maize,2012,3.49
IN-11-1080,maize,2013,6.462
IN-06-1081,maize,2003,1.747
IN-06-1081,maize,2004,1.356
IN-06-1081,maize,2005,1.578
IN-06-1081,maize,2006,1.123
IN-06-1081,maize,2007,1.493
IN-06-1081,maize,2008,1.433
IN-06-1081,maize,2009,1.275
IN-06-1081,maize,2010,1.463
IN-06-1081,maize,2011,1.19
IN-06-1081,maize,2012,2.722
IN-06-1081,maize,2013,1.604
IN-06-1082,maize,2003,3.45
IN-06-1082,maize,2004,1.756
IN-06-1082,maize,2005,2.123
IN-06-1082,maize,2006,1.363
IN-06-1082,maize,2007,1.743
IN-06-1082,maize,2008,1.821
IN-06-1082,maize,2009,1.63
IN-06-1082,maize,2010,2.196
IN-06-1082,maize,2011,1.956
IN-06-1082,maize,2012,4.198
IN-06-1082,maize,2013,4.467
IN-03-2001,maize,2008,1.375
IN-03-2001,maize,2009,1.0
IN-03-2001,maize,2010,1.692
IN-03-2001,maize,2011,1.5
IN-03-2001,maize,2012,1.667
IN-03-2001,maize,2013,1.321
IN-04-2003,maize,2008,2.0
IN-05-2004,maize,2007,6.867
IN-05-2004,maize,2008,3.075
IN-05-2004,maize,2009,3.915
IN-05-2004,maize,2010,3.925
IN-05-2004,maize,2011,3.753
IN-05-2004,maize,2012,3.618
IN-05-2004,maize,2013,4.209
IN-05-2005,maize,2007,1.777
IN-05-2005,maize,2008,3.489
IN-05-2005,maize,2009,3.031
IN-05-2005,maize,2010,3.663
IN-05-2005,maize,2011,3.147
IN-05-2005,maize,2012,2.791
IN-05-2005,maize,2013,3.597
IN-06-2006,maize,2009,0.898
IN-06-2006,maize,2010,1.135
IN-06-2006,maize,2011,0.847
IN-06-2006,maize,2012,1.947
IN-06-2006,maize,2013,0.779
IN-06-2007,maize,2009,1.015
IN-06-2007,maize,2010,1.163
IN-06-2007,maize,2011,0.925
IN-06-2007,maize,2012,2.277
IN-06-2007,maize,2013,1.886
IN-09-2009,maize,2005,3.667
IN-09-2009,maize,2006,2.0
IN-09-2009,maize,2007,3.0
IN-09-2009,maize,2008,3.0
IN-09-2009,maize,2009,3.0
IN-09-2009,maize,2010,4.0
IN-09-2009,maize,2011,4.0
IN-09-2009,maize,2012,4.0
IN-09-2009,maize,2013,4.0
IN-09-2011,maize,2005,2.5
IN-09-2011,maize,2006,2.429
IN-09-2011,maize,2007,3.571
IN-09-2011,maize,2008,3.8
IN-09-2011,maize,2009,3.8
IN-09-2011,maize,2010,4.0
IN-09-2011,maize,2011,4.0
IN-09-2011,maize,2012,3.0
IN-09-2011,maize,2013,4.889
IN-10-2012,maize,2008,2.228
IN-10-2012,maize,2009,1.732
IN-10-2012,maize,2010,1.414
IN-10-2012,maize,2011,1.484
IN-10-2012,maize,2012,2.791
IN-10-2012,maize,2013,1.728
IN-12-2013,maize,2008,2.043
IN-12-2013,maize,2009,2.028
IN-12-2013,maize,2010,1.874
IN-12-2013,maize,2011,2.539
IN-12-2013,maize,2012,2.778
IN-12-2013,maize,2013,2.95
IN-14-2014,maize,2007,1.696
IN-14-2014,maize,2008,0.768
IN-14-2014,maize,2009,1.045
IN-14-2014,maize,2010,1.6
IN-14-2014,maize,2011,2.077
IN-14-2014,maize,2012,2.016
IN-14-2014,maize,2013,2.569
IN-14-2015,maize,2007,1.79
IN-14-2015,maize,2008,1.594
IN-14-2015,maize,2009,1.833
IN-14-2015,maize,2010,2.2
IN-14-2015,maize,2011,2.064
IN-14-2015,maize,2012,2.354
IN-14-2015,maize,2013,2.339
IN-17-2017,maize,2005,0.6521699999999999
IN-17-2017,maize,2006,0.63158
IN-17-2017,maize,2007,0.63636
IN-17-2017,maize,2008,0.62222
IN-17-2017,maize,2009,0.625
IN-17-2017,maize,2010,0.62264
IN-17-2017,maize,2011,0.7169800000000001
IN-17-2017,maize,2012,0.78431
IN-17-2017,maize,2013,3.09836
IN-17-2018,maize,2005,0.72222
IN-17-2018,maize,2006,0.7619
IN-17-2018,maize,2007,0.71429
IN-17-2018,maize,2008,0.75
IN-17-2018,maize,2009,0.78947
IN-17-2018,maize,2010,0.73913
IN-17-2018,maize,2011,0.83929
IN-17-2018,maize,2012,0.93103
IN-17-2018,maize,2013,4.60784
IN-17-2019,maize,2005,0.6087
IN-17-2019,maize,2006,0.61364
IN-17-2019,maize,2007,0.6060599999999999
IN-17-2019,maize,2008,0.59524
IN-17-2019,maize,2009,0.60976
IN-17-2019,maize,2010,0.60417
IN-17-2019,maize,2011,0.6944400000000001
IN-17-2019,maize,2012,0.78846
IN-17-2019,maize,2013,1.925
IN-11-2020,maize,2008,4.275
IN-11-2020,maize,2009,6.867
IN-11-2020,maize,2010,4.946
IN-11-2020,maize,2011,8.221
IN-11-2020,maize,2012,6.159
IN-11-2020,maize,2013,8.086
IN-15-2023,maize,2008,1.222
IN-15-2023,maize,2009,1.256
IN-15-2023,maize,2010,1.205
IN-15-2023,maize,2011,1.833
IN-15-2023,maize,2012,1.821
IN-15-2023,maize,2013,1.923
IN-15-2024,maize,2008,1.053
IN-15-2024,maize,2009,0.855
IN-15-2024,maize,2010,0.928
IN-15-2024,maize,2011,1.354
IN-15-2024,maize,2012,1.85
IN-15-2024,maize,2013,1.919
IN-05-2025,maize,2010,2.169
IN-05-2025,maize,2011,2.438
IN-05-2025,maize,2012,2.828
IN-05-2025,maize,2013,3.0
IN-12-2026,maize,2010,0.981
IN-12-2026,maize,2011,1.093
IN-12-2026,maize,2012,1.093
IN-12-2026,maize,2013,0.825
IN-17-2028,maize,2008,0.6
IN-17-2028,maize,2009,0.6
IN-17-2028,maize,2010,0.66667
IN-17-2028,maize,2011,0.66667
IN-17-2028,maize,2012,0.66667
IN-17-2028,maize,2013,3.83333
IN-09-2030,maize,2012,2.667
IN-09-2030,maize,2013,3.111
IN-12-2031,maize,2011,1.776
IN-12-2031,maize,2012,1.128
IN-12-2031,maize,2013,1.736
IN-12-2032,maize,2011,1.4
IN-12-2032,maize,2012,1.571
IN-12-2032,maize,2013,1.125
IN-12-2033,maize,2011,2.07
IN-12-2033,maize,2012,2.293
IN-12-2033,maize,2013,2.393
IN-14-2034,maize,2011,1.154
IN-14-2034,maize,2012,1.417
IN-14-2034,maize,2013,1.615
IN-14-2035,maize,2011,1.143
IN-14-2035,maize,2012,1.545
IN-14-2035,maize,2013,1.667
IN-14-2036,maize,2011,1.395
IN-14-2036,maize,2012,2.037
IN-14-2036,maize,2013,2.031
IN-14-2037,maize,2011,1.0
IN-14-2037,maize,2012,2.0
IN-14-2037,maize,2013,1.0
IN-14-2038,maize,2011,1.085
IN-14-2038,maize,2012,1.49
IN-14-2038,maize,2013,1.514
IN-14-2039,maize,2011,2.061
IN-14-2039,maize,2012,2.016
IN-14-2039,maize,2013,2.342
IN-14-2040,maize,2011,1.4
IN-14-2040,maize,2012,1.8
IN-14-2040,maize,2013,1.889
IN-14-2041,maize,2011,2.063
IN-14-2041,maize,2012,1.912
IN-14-2041,maize,2013,2.564
IN-14-2042,maize,2011,1.394
IN-14-2042,maize,2012,1.747
IN-14-2042,maize,2013,1.903
IN-06-2058,maize,2013,1.086
IN-14-0001,wheat,1990,0.736
IN-14-0001,wheat,1991,0.645
IN-14-0001,wheat,1992,0.626
IN-14-0001,wheat,1993,0.712
IN-14-0001,wheat,1994,0.811
IN-14-0001,wheat,1995,0.698
IN-14-0001,wheat,1996,0.798
IN-14-0001,wheat,1997,0.385
IN-14-0001,wheat,1998,0.64
IN-14-0001,wheat,2000,0.677
IN-14-0001,wheat,2001,0.702
IN-14-0001,wheat,2002,0.783
IN-14-0001,wheat,2003,0.77
IN-14-0001,wheat,2004,0.605
IN-14-0001,wheat,2005,0.605
IN-14-0001,wheat,2006,0.754
IN-14-0001,wheat,2007,0.963
IN-14-0001,wheat,2008,0.956
IN-14-0001,wheat,2009,0.943
IN-14-0001,wheat,2010,0.985
IN-14-0001,wheat,2011,1.095
IN-14-0001,wheat,2012,1.125
IN-14-0001,wheat,2013,1.133
IN-14-0002,wheat,1990,1.2
IN-14-0002,wheat,1991,1.364
IN-14-0002,wheat,1992,1.25
IN-14-0002,wheat,1993,1.444
IN-14-0002,wheat,1994,1.5
IN-14-0002,wheat,1995,1.563
IN-14-0002,wheat,1996,1.65
IN-14-0002,wheat,1997,1.571
IN-14-0002,wheat,1998,1.6
IN-14-0002,wheat,2000,1.931
IN-14-0002,wheat,2001,1.066
IN-14-0002,wheat,2002,1.928
IN-14-0002,wheat,2003,1.526
IN-14-0002,wheat,2004,1.545
IN-14-0002,wheat,2005,1.545
IN-14-0002,wheat,2006,1.663
IN-14-0002,wheat,2007,2.092
IN-14-0002,wheat,2008,1.944
IN-14-0002,wheat,2009,2.012
IN-14-0002,wheat,2010,2.0
IN-14-0002,wheat,2011,2.0
IN-14-0002,wheat,2012,2.2
IN-14-0002,wheat,2013,2.143
IN-14-0003,wheat,1990,1.112
IN-14-0003,wheat,1991,0.907
IN-14-0003,wheat,1992,0.988
IN-14-0003,wheat,1993,1.153
IN-14-0003,wheat,1994,1.217
IN-14-0003,wheat,1995,1.226
IN-14-0003,wheat,1996,1.176
IN-14-0003,wheat,1997,0.978
IN-14-0003,wheat,1998,1.014
IN-14-0003,wheat,2000,1.301
IN-14-0003,wheat,2001,1.28
IN-14-0003,wheat,2002,1.33
IN-14-0003,wheat,2003,1.243
IN-14-0003,wheat,2004,1.041
IN-14-0003,wheat,2005,1.041
IN-14-0003,wheat,2006,0.931
IN-14-0003,wheat,2007,1.125
IN-14-0003,wheat,2008,1.004
IN-14-0003,wheat,2009,1.405
IN-14-0003,wheat,2010,1.349
IN-14-0003,wheat,2011,1.742
IN-14-0003,wheat,2012,1.837
IN-14-0003,wheat,2013,1.786
IN-14-0004,wheat,1990,0.872
IN-14-0004,wheat,1991,0.8
IN-14-0004,wheat,1992,0.97
IN-14-0004,wheat,1993,0.966
IN-14-0004,wheat,1994,1.059
IN-14-0004,wheat,1995,1.018
IN-14-0004,wheat,1996,1.046
IN-14-0004,wheat,1997,0.467
IN-14-0004,wheat,1998,0.829
IN-14-0004,wheat,2000,0.001
IN-14-0004,wheat,2001,1.057
IN-14-0004,wheat,2002,1.046
IN-14-0004,wheat,2003,1.016
IN-14-0004,wheat,2004,0.843
IN-14-0004,wheat,2005,0.843
IN-14-0004,wheat,2006,0.9
IN-14-0004,wheat,2007,1.096
IN-14-0004,wheat,2008,1.034
IN-14-0004,wheat,2009,1.146
IN-14-0004,wheat,2010,1.193
IN-14-0004,wheat,2011,1.433
IN-14-0004,wheat,2012,1.507
IN-14-0004,wheat,2013,1.447
IN-14-0005,wheat,1990,1.391
IN-14-0005,wheat,1991,1.238
IN-14-0005,wheat,1992,1.263
IN-14-0005,wheat,1993,1.409
IN-14-0005,wheat,1994,1.455
IN-14-0005,wheat,1995,1.542
IN-14-0005,wheat,1996,1.583
IN-14-0005,wheat,1997,1.318
IN-14-0005,wheat,1998,1.455
IN-14-0005,wheat,2000,1.551
IN-14-0005,wheat,2001,1.41
IN-14-0005,wheat,2002,1.491
IN-14-0005,wheat,2003,1.413
IN-14-0005,wheat,2004,1.174
IN-14-0005,wheat,2005,1.174
IN-14-0005,wheat,2006,1.211
IN-14-0005,wheat,2007,1.525
IN-14-0005,wheat,2008,1.415
IN-14-0005,wheat,2009,1.197
IN-14-0005,wheat,2010,1.714
IN-14-0005,wheat,2011,1.745
IN-14-0005,wheat,2012,1.827
IN-14-0005,wheat,2013,1.732
IN-14-0006,wheat,1990,1.24
IN-14-0006,wheat,1991,0.989
IN-14-0006,wheat,1992,1.008
IN-14-0006,wheat,1993,1.19
IN-14-0006,wheat,1994,1.284
IN-14-0006,wheat,1995,1.288
IN-14-0006,wheat,1996,1.307
IN-14-0006,wheat,1997,1.09
IN-14-0006,wheat,1998,1.259
IN-14-0006,wheat,2000,1.477
IN-14-0006,wheat,2001,1.32
IN-14-0006,wheat,2002,1.363
IN-14-0006,wheat,2003,1.175
IN-14-0006,wheat,2004,1.055
IN-14-0006,wheat,2005,1.055
IN-14-0006,wheat,2006,1.023
IN-14-0006,wheat,2007,1.294
IN-14-0006,wheat,2008,1.2
IN-14-0006,wheat,2009,1.124
IN-14-0006,wheat,2010,1.181
IN-14-0006,wheat,2011,1.227
IN-14-0006,wheat,2012,1.563
IN-14-0006,wheat,2013,1.6
IN-06-0007,wheat,1990,1.01
IN-06-0007,wheat,1991,0.934
IN-06-0007,wheat,1992,1.209
IN-06-0007,wheat,1993,1.174
IN-06-0007,wheat,1994,1.301
IN-06-0007,wheat,1995,1.219
IN-06-0007,wheat,1996,1.155
IN-06-0007,wheat,1997,0.91
IN-06-0007,wheat,1998,1.306
IN-06-0007,wheat,1999,1.52
IN-06-0007,wheat,2000,1.418
IN-06-0007,wheat,2001,1.605
IN-06-0007,wheat,2002,1.472
IN-06-0007,wheat,2003,1.836
IN-06-0007,wheat,2004,1.833
IN-06-0007,wheat,2005,2.154
IN-06-0007,wheat,2006,2.105
IN-06-0007,wheat,2007,1.481
IN-06-0007,wheat,2008,1.858
IN-06-0007,wheat,2009,1.662
IN-06-0007,wheat,2010,2.928
IN-06-0007,wheat,2011,3.063
IN-06-0007,wheat,2012,2.741
IN-06-0007,wheat,2013,2.779
IN-06-0008,wheat,1990,0.954
IN-06-0008,wheat,1991,0.622
IN-06-0008,wheat,1992,0.707
IN-06-0008,wheat,1993,0.863
IN-06-0008,wheat,1994,0.929
IN-06-0008,wheat,1995,0.877
IN-06-0008,wheat,1996,0.917
IN-06-0008,wheat,1997,0.496
IN-06-0008,wheat,1998,0.738
IN-06-0008,wheat,1999,1.005
IN-06-0008,wheat,2000,0.7
IN-06-0008,wheat,2001,0.913
IN-06-0008,wheat,2002,1.06
IN-06-0008,wheat,2003,1.067
IN-06-0008,wheat,2004,0.697
IN-06-0008,wheat,2005,0.955
IN-06-0008,wheat,2006,0.759
IN-06-0008,wheat,2007,0.898
IN-06-0008,wheat,2008,0.815
IN-06-0008,wheat,2009,1.327
IN-06-0008,wheat,2010,1.517
IN-06-0008,wheat,2011,1.313
IN-06-0008,wheat,2012,1.295
IN-06-0008,wheat,2013,1.304
IN-06-0009,wheat,1990,1.687
IN-06-0009,wheat,1991,1.035
IN-06-0009,wheat,1992,1.635
IN-06-0009,wheat,1993,1.961
IN-06-0009,wheat,1994,2.208
IN-06-0009,wheat,1995,1.572
IN-06-0009,wheat,1996,1.793
IN-06-0009,wheat,1997,0.959
IN-06-0009,wheat,1998,1.713
IN-06-0009,wheat,1999,2.617
IN-06-0009,wheat,2000,1.511
IN-06-0009,wheat,2001,1.42
IN-06-0009,wheat,2002,1.472
IN-06-0009,wheat,2003,2.021
IN-06-0009,wheat,2004,1.728
IN-06-0009,wheat,2005,1.518
IN-06-0009,wheat,2006,1.878
IN-06-0009,wheat,2007,2.018
IN-06-0009,wheat,2008,2.116
IN-06-0009,wheat,2009,3.827
IN-06-0009,wheat,2010,3.397
IN-06-0009,wheat,2011,2.284
IN-06-0009,wheat,2012,3.166
IN-06-0009,wheat,2013,2.275
IN-06-0010,wheat,1990,2.167
IN-06-0010,wheat,1991,2.491
IN-06-0010,wheat,1992,2.568
IN-06-0010,wheat,1993,2.606
IN-06-0010,wheat,1994,2.909
IN-06-0010,wheat,1995,2.657
IN-06-0010,wheat,1996,2.966
IN-06-0010,wheat,1997,1.361
IN-06-0010,wheat,1998,1.806
IN-06-0010,wheat,1999,3.183
IN-06-0010,wheat,2000,3.27
IN-06-0010,wheat,2001,3.196
IN-06-0010,wheat,2002,2.73
IN-06-0010,wheat,2003,3.003
IN-06-0010,wheat,2004,2.854
IN-06-0010,wheat,2005,2.965
IN-06-0010,wheat,2006,2.863
IN-06-0010,wheat,2007,2.864
IN-06-0010,wheat,2008,3.045
IN-06-0010,wheat,2009,2.602
IN-06-0010,wheat,2010,3.298
IN-06-0010,wheat,2011,3.981
IN-06-0010,wheat,2012,2.937
IN-06-0010,wheat,2013,2.125
IN-06-0011,wheat,1990,0.667
IN-06-0011,wheat,1991,0.572
IN-06-0011,wheat,1992,0.659
IN-06-0011,wheat,1993,0.874
IN-06-0011,wheat,1994,0.888
IN-06-0011,wheat,1995,0.864
IN-06-0011,wheat,1996,0.874
IN-06-0011,wheat,1997,0.442
IN-06-0011,wheat,1998,0.756
IN-06-0011,wheat,1999,0.908
IN-06-0011,wheat,2000,0.609
IN-06-0011,wheat,2001,0.868
IN-06-0011,wheat,2002,0.817
IN-06-0011,wheat,2003,0.943
IN-06-0011,wheat,2004,0.835
IN-06-0011,wheat,2005,0.885
IN-06-0011,wheat,2006,0.967
IN-06-0011,wheat,2007,0.845
IN-06-0011,wheat,2008,0.874
IN-06-0011,wheat,2009,0.832
IN-06-0011,wheat,2010,0.914
IN-06-0011,wheat,2011,1.103
IN-06-0011,wheat,2012,2.833
IN-06-0011,wheat,2013,2.258
IN-06-0012,wheat,1990,0.749
IN-06-0012,wheat,1991,0.519
IN-06-0012,wheat,1992,0.584
IN-06-0012,wheat,1993,0.925
IN-06-0012,wheat,1994,0.9
IN-06-0012,wheat,1995,0.7
IN-06-0012,wheat,1996,0.749
IN-06-0012,wheat,1997,0.352
IN-06-0012,wheat,1998,0.84
IN-06-0012,wheat,1999,0.765
IN-06-0012,wheat,2000,0.389
IN-06-0012,wheat,2001,0.86
IN-06-0012,wheat,2002,0.774
IN-06-0012,wheat,2003,0.879
IN-06-0012,wheat,2004,0.902
IN-06-0012,wheat,2005,0.938
IN-06-0012,wheat,2006,0.857
IN-06-0012,wheat,2007,0.869
IN-06-0012,wheat,2008,0.905
IN-06-0012,wheat,2009,0.774
IN-06-0012,wheat,2010,0.954
IN-06-0012,wheat,2011,0.972
IN-06-0012,wheat,2012,1.718
IN-06-0012,wheat,2013,1.761
IN-06-0013,wheat,1990,0.995
IN-06-0013,wheat,1991,0.808
IN-06-0013,wheat,1992,0.905
IN-06-0013,wheat,1993,1.08
IN-06-0013,wheat,1994,1.069
IN-06-0013,wheat,1995,1.155
IN-06-0013,wheat,1996,1.171
IN-06-0013,wheat,1997,1.036
IN-06-0013,wheat,1998,1.252
IN-06-0013,wheat,1999,1.159
IN-06-0013,wheat,2000,0.774
IN-06-0013,wheat,2001,1.083
IN-06-0013,wheat,2002,0.818
IN-06-0013,wheat,2003,1.135
IN-06-0013,wheat,2004,1.057
IN-06-0013,wheat,2005,1.066
IN-06-0013,wheat,2006,1.054
IN-06-0013,wheat,2007,0.944
IN-06-0013,wheat,2008,1.254
IN-06-0013,wheat,2009,1.413
IN-06-0013,wheat,2010,1.081
IN-06-0013,wheat,2011,1.477
IN-06-0013,wheat,2012,2.107
IN-06-0013,wheat,2013,1.859
IN-06-0014,wheat,1990,1.017
IN-06-0014,wheat,1991,0.944
IN-06-0014,wheat,1992,1.195
IN-06-0014,wheat,1993,1.455
IN-06-0014,wheat,1994,1.485
IN-06-0014,wheat,1995,1.406
IN-06-0014,wheat,1996,1.284
IN-06-0014,wheat,1997,1.305
IN-06-0014,wheat,1998,1.362
IN-06-0014,wheat,1999,1.478
IN-06-0014,wheat,2000,1.036
IN-06-0014,wheat,2001,1.419
IN-06-0014,wheat,2002,1.332
IN-06-0014,wheat,2003,1.479
IN-06-0014,wheat,2004,1.447
IN-06-0014,wheat,2005,1.491
IN-06-0014,wheat,2006,1.27
IN-06-0014,wheat,2007,1.582
IN-06-0014,wheat,2008,1.967
IN-06-0014,wheat,2009,1.89
IN-06-0014,wheat,2010,2.387
IN-06-0014,wheat,2011,2.466
IN-06-0014,wheat,2012,2.038
IN-06-0014,wheat,2013,1.854
IN-06-0015,wheat,1990,2.416
IN-06-0015,wheat,1991,2.236
IN-06-0015,wheat,1992,2.026
IN-06-0015,wheat,1993,2.241
IN-06-0015,wheat,1994,2.158
IN-06-0015,wheat,1995,1.799
IN-06-0015,wheat,1996,2.002
IN-06-0015,wheat,1997,2.037
IN-06-0015,wheat,1998,1.988
IN-06-0015,wheat,1999,2.187
IN-06-0015,wheat,2000,1.837
IN-06-0015,wheat,2001,1.754
IN-06-0015,wheat,2002,1.709
IN-06-0015,wheat,2003,2.081
IN-06-0015,wheat,2004,1.634
IN-06-0015,wheat,2005,1.337
IN-06-0015,wheat,2006,1.346
IN-06-0015,wheat,2007,1.233
IN-06-0015,wheat,2008,1.948
IN-06-0015,wheat,2009,1.666
IN-06-0015,wheat,2010,1.269
IN-06-0015,wheat,2011,2.133
IN-06-0015,wheat,2012,2.564
IN-06-0015,wheat,2013,2.027
IN-06-0016,wheat,1990,1.381
IN-06-0016,wheat,1991,1.358
IN-06-0016,wheat,1992,1.582
IN-06-0016,wheat,1993,1.713
IN-06-0016,wheat,1994,1.719
IN-06-0016,wheat,1995,1.72
IN-06-0016,wheat,1996,1.621
IN-06-0016,wheat,1997,1.923
IN-06-0016,wheat,1998,1.991
IN-06-0016,wheat,1999,1.891
IN-06-0016,wheat,2000,1.539
IN-06-0016,wheat,2001,1.755
IN-06-0016,wheat,2002,1.468
IN-06-0016,wheat,2003,1.718
IN-06-0016,wheat,2004,1.7
IN-06-0016,wheat,2005,1.41
IN-06-0016,wheat,2006,1.171
IN-06-0016,wheat,2007,1.042
IN-06-0016,wheat,2008,1.528
IN-06-0016,wheat,2009,1.429
IN-06-0016,wheat,2010,1.206
IN-06-0016,wheat,2011,1.529
IN-06-0016,wheat,2012,2.474
IN-06-0016,wheat,2013,2.257
IN-06-0017,wheat,1990,1.059
IN-06-0017,wheat,1991,0.984
IN-06-0017,wheat,1992,1.076
IN-06-0017,wheat,1993,1.293
IN-06-0017,wheat,1994,1.376
IN-06-0017,wheat,1995,1.205
IN-06-0017,wheat,1996,1.183
IN-06-0017,wheat,1997,1.074
IN-06-0017,wheat,1998,1.091
IN-06-0017,wheat,1999,1.135
IN-06-0017,wheat,2000,0.793
IN-06-0017,wheat,2001,1.11
IN-06-0017,wheat,2002,1.15
IN-06-0017,wheat,2003,1.119
IN-06-0017,wheat,2004,1.067
IN-06-0017,wheat,2005,1.015
IN-06-0017,wheat,2006,0.939
IN-06-0017,wheat,2007,0.993
IN-06-0017,wheat,2008,1.455
IN-06-0017,wheat,2009,1.422
IN-06-0017,wheat,2010,1.419
IN-06-0017,wheat,2011,1.548
IN-06-0017,wheat,2012,1.895
IN-06-0017,wheat,2013,1.778
IN-06-0018,wheat,1990,1.193
IN-06-0018,wheat,1991,0.945
IN-06-0018,wheat,1992,1.099
IN-06-0018,wheat,1993,1.23
IN-06-0018,wheat,1994,1.381
IN-06-0018,wheat,1995,1.269
IN-06-0018,wheat,1996,1.116
IN-06-0018,wheat,1997,1.172
IN-06-0018,wheat,1998,1.189
IN-06-0018,wheat,1999,1.282
IN-06-0018,wheat,2000,1.042
IN-06-0018,wheat,2001,1.268
IN-06-0018,wheat,2002,1.149
IN-06-0018,wheat,2003,1.199
IN-06-0018,wheat,2004,1.08
IN-06-0018,wheat,2005,1.023
IN-06-0018,wheat,2006,0.855
IN-06-0018,wheat,2007,0.676
IN-06-0018,wheat,2008,1.062
IN-06-0018,wheat,2009,1.015
IN-06-0018,wheat,2010,0.828
IN-06-0018,wheat,2011,1.296
IN-06-0018,wheat,2012,2.446
IN-06-0018,wheat,2013,2.066
IN-06-0019,wheat,1990,0.929
IN-06-0019,wheat,1991,0.802
IN-06-0019,wheat,1992,0.854
IN-06-0019,wheat,1993,1.043
IN-06-0019,wheat,1994,1.128
IN-06-0019,wheat,1995,1.017
IN-06-0019,wheat,1996,0.87
IN-06-0019,wheat,1997,1.147
IN-06-0019,wheat,1998,0.939
IN-06-0019,wheat,1999,0.844
IN-06-0019,wheat,2000,0.719
IN-06-0019,wheat,2001,0.809
IN-06-0019,wheat,2002,0.652
IN-06-0019,wheat,2003,0.845
IN-06-0019,wheat,2004,0.762
IN-06-0019,wheat,2005,0.746
IN-06-0019,wheat,2006,0.763
IN-06-0019,wheat,2007,0.638
IN-06-0019,wheat,2008,0.87
IN-06-0019,wheat,2009,0.824
IN-06-0019,wheat,2010,0.708
IN-06-0019,wheat,2011,1.082
IN-06-0019,wheat,2012,2.314
IN-06-0019,wheat,2013,2.411
IN-06-0020,wheat,1990,1.063
IN-06-0020,wheat,1991,0.909
IN-06-0020,wheat,1992,1.036
IN-06-0020,wheat,1993,1.062
IN-06-0020,wheat,1994,1.417
IN-06-0020,wheat,1995,1.303
IN-06-0020,wheat,1996,1.032
IN-06-0020,wheat,1997,1.35
IN-06-0020,wheat,1998,1.364
IN-06-0020,wheat,1999,1.121
IN-06-0020,wheat,2000,0.819
IN-06-0020,wheat,2001,1.036
IN-06-0020,wheat,2002,1.232
IN-06-0020,wheat,2003,1.236
IN-06-0020,wheat,2004,1.104
IN-06-0020,wheat,2005,1.143
IN-06-0020,wheat,2006,0.879
IN-06-0020,wheat,2007,0.692
IN-06-0020,wheat,2008,1.072
IN-06-0020,wheat,2009,1.209
IN-06-0020,wheat,2010,0.95
IN-06-0020,wheat,2011,1.496
IN-06-0020,wheat,2012,3.149
IN-06-0020,wheat,2013,3.275
IN-06-0021,wheat,1990,0.738
IN-06-0021,wheat,1991,0.705
IN-06-0021,wheat,1992,0.78
IN-06-0021,wheat,1993,0.909
IN-06-0021,wheat,1994,0.947
IN-06-0021,wheat,1995,0.831
IN-06-0021,wheat,1996,0.757
IN-06-0021,wheat,1997,0.688
IN-06-0021,wheat,1998,0.739
IN-06-0021,wheat,1999,0.639
IN-06-0021,wheat,2000,0.651
IN-06-0021,wheat,2001,0.705
IN-06-0021,wheat,2002,0.61
IN-06-0021,wheat,2003,0.787
IN-06-0021,wheat,2004,0.77
IN-06-0021,wheat,2005,0.824
IN-06-0021,wheat,2006,0.775
IN-06-0021,wheat,2007,0.849
IN-06-0021,wheat,2008,0.9
IN-06-0021,wheat,2009,0.701
IN-06-0021,wheat,2010,0.692
IN-06-0021,wheat,2011,0.876
IN-06-0021,wheat,2012,2.492
IN-06-0021,wheat,2013,2.649
IN-06-0022,wheat,1990,1.857
IN-06-0022,wheat,1991,2.352
IN-06-0022,wheat,1992,2.702
IN-06-0022,wheat,1993,2.593
IN-06-0022,wheat,1994,2.01
IN-06-0022,wheat,1995,2.782
IN-06-0022,wheat,1996,2.356
IN-06-0022,wheat,1997,2.062
IN-06-0022,wheat,1998,2.419
IN-06-0022,wheat,1999,2.974
IN-06-0022,wheat,2000,2.37
IN-06-0022,wheat,2001,2.869
IN-06-0022,wheat,2002,2.563
IN-06-0022,wheat,2003,2.84
IN-06-0022,wheat,2004,2.568
IN-06-0022,wheat,2005,2.52
IN-06-0022,wheat,2006,2.15
IN-06-0022,wheat,2007,1.617
IN-06-0022,wheat,2008,2.566
IN-06-0022,wheat,2009,2.277
IN-06-0022,wheat,2010,2.708
IN-06-0022,wheat,2011,3.091
IN-06-0022,wheat,2012,3.647
IN-06-0022,wheat,2013,3.048
IN-06-0023,wheat,1990,1.938
IN-06-0023,wheat,1991,2.019
IN-06-0023,wheat,1992,1.895
IN-06-0023,wheat,1993,2.051
IN-06-0023,wheat,1994,1.833
IN-06-0023,wheat,1995,1.859
IN-06-0023,wheat,1996,1.82
IN-06-0023,wheat,1997,1.847
IN-06-0023,wheat,1998,1.845
IN-06-0023,wheat,1999,1.871
IN-06-0023,wheat,2000,1.572
IN-06-0023,wheat,2001,2.035
IN-06-0023,wheat,2002,1.38
IN-06-0023,wheat,2003,2.176
IN-06-0023,wheat,2004,1.783
IN-06-0023,wheat,2005,1.845
IN-06-0023,wheat,2006,1.796
IN-06-0023,wheat,2007,1.218
IN-06-0023,wheat,2008,1.951
IN-06-0023,wheat,2009,1.791
IN-06-0023,wheat,2010,2.027
IN-06-0023,wheat,2011,2.176
IN-06-0023,wheat,2012,3.289
IN-06-0023,wheat,2013,2.697
IN-06-0024,wheat,1990,0.943
IN-06-0024,wheat,1991,0.872
IN-06-0024,wheat,1992,1.017
IN-06-0024,wheat,1993,1.108
IN-06-0024,wheat,1994,1.021
IN-06-0024,wheat,1995,1.055
IN-06-0024,wheat,1996,1.166
IN-06-0024,wheat,1997,1.351
IN-06-0024,wheat,1998,1.27
IN-06-0024,wheat,1999,1.259
IN-06-0024,wheat,2000,1.23
IN-06-0024,wheat,2001,1.39
IN-06-0024,wheat,2002,0.674
IN-06-0024,wheat,2003,1.478
IN-06-0024,wheat,2004,1.31
IN-06-0024,wheat,2005,1.615
IN-06-0024,wheat,2006,1.546
IN-06-0024,wheat,2007,1.506
IN-06-0024,wheat,2008,1.697
IN-06-0024,wheat,2009,1.607
IN-06-0024,wheat,2010,2.114
IN-06-0024,wheat,2011,2.351
IN-06-0024,wheat,2012,3.743
IN-06-0024,wheat,2013,3.462
IN-06-0025,wheat,1990,1.584
IN-06-0025,wheat,1991,1.992
IN-06-0025,wheat,1992,2.242
IN-06-0025,wheat,1993,2.371
IN-06-0025,wheat,1994,2.011
IN-06-0025,wheat,1995,2.017
IN-06-0025,wheat,1996,2.315
IN-06-0025,wheat,1997,1.649
IN-06-0025,wheat,1998,2.197
IN-06-0025,wheat,1999,2.653
IN-06-0025,wheat,2000,2.464
IN-06-0025,wheat,2001,2.505
IN-06-0025,wheat,2002,1.906
IN-06-0025,wheat,2003,2.461
IN-06-0025,wheat,2004,2.032
IN-06-0025,wheat,2005,2.159
IN-06-0025,wheat,2006,1.735
IN-06-0025,wheat,2007,1.715
IN-06-0025,wheat,2008,1.951
IN-06-0025,wheat,2009,2.347
IN-06-0025,wheat,2010,1.997
IN-06-0025,wheat,2011,2.793
IN-06-0025,wheat,2012,2.983
IN-06-0025,wheat,2013,3.0
IN-06-0026,wheat,1990,2.66
IN-06-0026,wheat,1991,2.837
IN-06-0026,wheat,1992,2.654
IN-06-0026,wheat,1993,2.408
IN-06-0026,wheat,1994,2.775
IN-06-0026,wheat,1995,2.668
IN-06-0026,wheat,1996,3.069
IN-06-0026,wheat,1997,2.785
IN-06-0026,wheat,1998,3.596
IN-06-0026,wheat,1999,2.786
IN-06-0026,wheat,2000,2.888
IN-06-0026,wheat,2001,2.709
IN-06-0026,wheat,2002,2.257
IN-06-0026,wheat,2003,2.926
IN-06-0026,wheat,2004,3.057
IN-06-0026,wheat,2005,3.179
IN-06-0026,wheat,2006,2.949
IN-06-0026,wheat,2007,2.041
IN-06-0026,wheat,2008,2.299
IN-06-0026,wheat,2009,2.206
IN-06-0026,wheat,2010,2.31
IN-06-0026,wheat,2011,2.703
IN-06-0026,wheat,2012,3.801
IN-06-0026,wheat,2013,3.166
IN-06-0027,wheat,1990,2.446
IN-06-0027,wheat,1991,2.351
IN-06-0027,wheat,1992,1.876
IN-06-0027,wheat,1993,2.248
IN-06-0027,wheat,1994,2.163
IN-06-0027,wheat,1995,2.473
IN-06-0027,wheat,1996,2.662
IN-06-0027,wheat,1997,2.156
IN-06-0027,wheat,1998,1.813
IN-06-0027,wheat,1999,2.086
IN-06-0027,wheat,2000,1.29
IN-06-0027,wheat,2001,2.25
IN-06-0027,wheat,2002,1.717
IN-06-0027,wheat,2003,1.982
IN-06-0027,wheat,2004,1.886
IN-06-0027,wheat,2005,1.979
IN-06-0027,wheat,2006,1.846
IN-06-0027,wheat,2007,1.387
IN-06-0027,wheat,2008,2.115
IN-06-0027,wheat,2009,2.532
IN-06-0027,wheat,2010,2.06
IN-06-0027,wheat,2011,2.102
IN-06-0027,wheat,2012,3.776
IN-06-0027,wheat,2013,3.554
IN-06-0028,wheat,1990,2.575
IN-06-0028,wheat,1991,3.003
IN-06-0028,wheat,1992,1.549
IN-06-0028,wheat,1993,1.981
IN-06-0028,wheat,1994,2.855
IN-06-0028,wheat,1995,2.764
IN-06-0028,wheat,1996,3.079
IN-06-0028,wheat,1997,2.37
IN-06-0028,wheat,1998,2.763
IN-06-0028,wheat,1999,2.196
IN-06-0028,wheat,2000,1.725
IN-06-0028,wheat,2001,1.381
IN-06-0028,wheat,2002,1.564
IN-06-0028,wheat,2003,2.474
IN-06-0028,wheat,2004,2.602
IN-06-0028,wheat,2005,1.51
IN-06-0028,wheat,2006,2.513
IN-06-0028,wheat,2007,1.928
IN-06-0028,wheat,2008,2.321
IN-06-0028,wheat,2009,2.168
IN-06-0028,wheat,2010,2.514
IN-06-0028,wheat,2011,2.386
IN-06-0028,wheat,2012,4.921
IN-06-0028,wheat,2013,2.995
IN-06-0029,wheat,1990,2.187
IN-06-0029,wheat,1991,2.252
IN-06-0029,wheat,1992,2.129
IN-06-0029,wheat,1993,2.549
IN-06-0029,wheat,1994,2.696
IN-06-0029,wheat,1995,2.941
IN-06-0029,wheat,1996,3.089
IN-06-0029,wheat,1997,2.792
IN-06-0029,wheat,1998,2.647
IN-06-0029,wheat,1999,3.228
IN-06-0029,wheat,2000,2.437
IN-06-0029,wheat,2001,1.866
IN-06-0029,wheat,2002,2.391
IN-06-0029,wheat,2003,3.025
IN-06-0029,wheat,2004,2.89
IN-06-0029,wheat,2005,2.968
IN-06-0029,wheat,2006,2.948
IN-06-0029,wheat,2007,2.916
IN-06-0029,wheat,2008,3.108
IN-06-0029,wheat,2009,2.938
IN-06-0029,wheat,2010,4.029
IN-06-0029,wheat,2011,4.125
IN-06-0029,wheat,2012,2.96
IN-06-0029,wheat,2013,2.659
IN-06-0030,wheat,1990,3.168
IN-06-0030,wheat,1991,2.373
IN-06-0030,wheat,1992,1.892
IN-06-0030,wheat,1993,2.263
IN-06-0030,wheat,1994,2.439
IN-06-0030,wheat,1995,2.34
IN-06-0030,wheat,1996,2.706
IN-06-0030,wheat,1997,2.631
IN-06-0030,wheat,1998,2.546
IN-06-0030,wheat,1999,2.933
IN-06-0030,wheat,2000,1.463
IN-06-0030,wheat,2001,1.129
IN-06-0030,wheat,2002,1.349
IN-06-0030,wheat,2003,1.705
IN-06-0030,wheat,2004,2.323
IN-06-0030,wheat,2005,1.755
IN-06-0030,wheat,2006,2.996
IN-06-0030,wheat,2007,1.786
IN-06-0030,wheat,2008,1.865
IN-06-0030,wheat,2009,2.472
IN-06-0030,wheat,2010,1.76
IN-06-0030,wheat,2011,2.667
IN-06-0030,wheat,2012,3.041
IN-06-0030,wheat,2013,2.865
IN-06-0031,wheat,1990,3.074
IN-06-0031,wheat,1991,2.715
IN-06-0031,wheat,1992,2.181
IN-06-0031,wheat,1993,2.241
IN-06-0031,wheat,1994,3.068
IN-06-0031,wheat,1995,2.42
IN-06-0031,wheat,1996,2.269
IN-06-0031,wheat,1997,2.93
IN-06-0031,wheat,1998,3.204
IN-06-0031,wheat,1999,3.197
IN-06-0031,wheat,2000,2.037
IN-06-0031,wheat,2001,2.532
IN-06-0031,wheat,2002,1.713
IN-06-0031,wheat,2003,2.366
IN-06-0031,wheat,2004,2.636
IN-06-0031,wheat,2005,2.053
IN-06-0031,wheat,2006,2.755
IN-06-0031,wheat,2007,2.147
IN-06-0031,wheat,2008,2.532
IN-06-0031,wheat,2009,2.463
IN-06-0031,wheat,2010,2.138
IN-06-0031,wheat,2011,3.23
IN-06-0031,wheat,2012,4.133
IN-06-0031,wheat,2013,3.942
IN-06-0032,wheat,1990,1.937
IN-06-0032,wheat,1991,2.26
IN-06-0032,wheat,1992,1.916
IN-06-0032,wheat,1993,2.207
IN-06-0032,wheat,1994,2.131
IN-06-0032,wheat,1995,2.128
IN-06-0032,wheat,1996,2.32
IN-06-0032,wheat,1997,2.161
IN-06-0032,wheat,1998,1.819
IN-06-0032,wheat,1999,2.351
IN-06-0032,wheat,2000,1.582
IN-06-0032,wheat,2001,1.995
IN-06-0032,wheat,2002,1.839
IN-06-0032,wheat,2003,2.201
IN-06-0032,wheat,2004,2.207
IN-06-0032,wheat,2005,2.054
IN-06-0032,wheat,2006,2.577
IN-06-0032,wheat,2007,1.811
IN-06-0032,wheat,2008,2.083
IN-06-0032,wheat,2009,2.502
IN-06-0032,wheat,2010,1.803
IN-06-0032,wheat,2011,2.679
IN-06-0032,wheat,2012,3.249
IN-06-0032,wheat,2013,2.299
IN-06-0033,wheat,1990,2.097
IN-06-0033,wheat,1991,1.446
IN-06-0033,wheat,1992,1.583
IN-06-0033,wheat,1993,1.952
IN-06-0033,wheat,1994,2.377
IN-06-0033,wheat,1995,1.785
IN-06-0033,wheat,1996,2.478
IN-06-0033,wheat,1997,2.033
IN-06-0033,wheat,1998,1.99
IN-06-0033,wheat,1999,1.823
IN-06-0033,wheat,2000,1.212
IN-06-0033,wheat,2001,1.145
IN-06-0033,wheat,2002,1.608
IN-06-0033,wheat,2003,2.242
IN-06-0033,wheat,2004,2.046
IN-06-0033,wheat,2005,1.746
IN-06-0033,wheat,2006,2.318
IN-06-0033,wheat,2007,2.312
IN-06-0033,wheat,2008,2.116
IN-06-0033,wheat,2009,2.233
IN-06-0033,wheat,2010,2.35
IN-06-0033,wheat,2011,2.442
IN-06-0033,wheat,2012,3.29
IN-06-0033,wheat,2013,2.501
IN-06-0034,wheat,1990,2.136
IN-06-0034,wheat,1991,1.581
IN-06-0034,wheat,1992,1.907
IN-06-0034,wheat,1993,1.797
IN-06-0034,wheat,1994,1.971
IN-06-0034,wheat,1995,1.911
IN-06-0034,wheat,1996,2.256
IN-06-0034,wheat,1997,1.857
IN-06-0034,wheat,1998,1.885
IN-06-0034,wheat,1999,1.799
IN-06-0034,wheat,2000,0.8
IN-06-0034,wheat,2001,1.645
IN-06-0034,wheat,2002,1.709
IN-06-0034,wheat,2003,1.772
IN-06-0034,wheat,2004,1.607
IN-06-0034,wheat,2005,1.819
IN-06-0034,wheat,2006,1.836
IN-06-0034,wheat,2007,1.789
IN-06-0034,wheat,2008,1.787
IN-06-0034,wheat,2009,1.866
IN-06-0034,wheat,2010,1.876
IN-06-0034,wheat,2011,2.009
IN-06-0034,wheat,2012,2.769
IN-06-0034,wheat,2013,2.777
IN-06-0035,wheat,1990,2.304
IN-06-0035,wheat,1991,1.84
IN-06-0035,wheat,1992,1.757
IN-06-0035,wheat,1993,2.309
IN-06-0035,wheat,1994,2.839
IN-06-0035,wheat,1995,2.698
IN-06-0035,wheat,1996,3.391
IN-06-0035,wheat,1997,1.797
IN-06-0035,wheat,1998,2.967
IN-06-0035,wheat,1999,2.402
IN-06-0035,wheat,2000,1.925
IN-06-0035,wheat,2001,2.386
IN-06-0035,wheat,2002,2.66
IN-06-0035,wheat,2003,2.664
IN-06-0035,wheat,2004,2.26
IN-06-0035,wheat,2005,2.092
IN-06-0035,wheat,2006,2.51
IN-06-0035,wheat,2007,2.593
IN-06-0035,wheat,2008,2.323
IN-06-0035,wheat,2009,2.716
IN-06-0035,wheat,2010,3.007
IN-06-0035,wheat,2011,4.116
IN-06-0035,wheat,2012,2.851
IN-06-0035,wheat,2013,2.467
IN-06-0036,wheat,1990,1.818
IN-06-0036,wheat,1991,1.797
IN-06-0036,wheat,1992,1.698
IN-06-0036,wheat,1993,1.977
IN-06-0036,wheat,1994,1.936
IN-06-0036,wheat,1995,1.696
IN-06-0036,wheat,1996,1.85
IN-06-0036,wheat,1997,1.647
IN-06-0036,wheat,1998,1.676
IN-06-0036,wheat,1999,1.794
IN-06-0036,wheat,2000,1.373
IN-06-0036,wheat,2001,1.593
IN-06-0036,wheat,2002,1.683
IN-06-0036,wheat,2003,1.617
IN-06-0036,wheat,2004,1.291
IN-06-0036,wheat,2005,1.692
IN-06-0036,wheat,2006,1.785
IN-06-0036,wheat,2007,1.663
IN-06-0036,wheat,2008,1.77
IN-06-0036,wheat,2009,1.668
IN-06-0036,wheat,2010,1.879
IN-06-0036,wheat,2011,2.435
IN-06-0036,wheat,2012,3.441
IN-06-0036,wheat,2013,2.212
IN-06-0037,wheat,1990,1.691
IN-06-0037,wheat,1991,1.632
IN-06-0037,wheat,1992,1.282
IN-06-0037,wheat,1993,1.479
IN-06-0037,wheat,1994,1.845
IN-06-0037,wheat,1995,1.763
IN-06-0037,wheat,1996,2.002
IN-06-0037,wheat,1997,1.745
IN-06-0037,wheat,1998,2.114
IN-06-0037,wheat,1999,1.883
IN-06-0037,wheat,2000,2.09
IN-06-0037,wheat,2001,1.95
IN-06-0037,wheat,2002,1.755
IN-06-0037,wheat,2003,2.206
IN-06-0037,wheat,2004,2.139
IN-06-0037,wheat,2005,1.874
IN-06-0037,wheat,2006,2.245
IN-06-0037,wheat,2007,1.143
IN-06-0037,wheat,2008,1.482
IN-06-0037,wheat,2009,2.088
IN-06-0037,wheat,2010,1.602
IN-06-0037,wheat,2011,2.912
IN-06-0037,wheat,2012,2.122
IN-06-0037,wheat,2013,2.216
IN-06-0038,wheat,1990,1.455
IN-06-0038,wheat,1991,1.269
IN-06-0038,wheat,1992,1.04
IN-06-0038,wheat,1993,1.31
IN-06-0038,wheat,1994,1.241
IN-06-0038,wheat,1995,1.281
IN-06-0038,wheat,1996,1.423
IN-06-0038,wheat,1997,1.077
IN-06-0038,wheat,1998,1.487
IN-06-0038,wheat,1999,1.42
IN-06-0038,wheat,2000,1.301
IN-06-0038,wheat,2001,1.42
IN-06-0038,wheat,2002,1.568
IN-06-0038,wheat,2003,1.561
IN-06-0038,wheat,2004,1.562
IN-06-0038,wheat,2005,1.71
IN-06-0038,wheat,2006,1.745
IN-06-0038,wheat,2007,1.214
IN-06-0038,wheat,2008,1.585
IN-06-0038,wheat,2009,2.032
IN-06-0038,wheat,2010,1.527
IN-06-0038,wheat,2011,2.897
IN-06-0038,wheat,2012,3.391
IN-06-0038,wheat,2013,2.138
IN-06-0039,wheat,1990,1.004
IN-06-0039,wheat,1991,1.024
IN-06-0039,wheat,1992,1.028
IN-06-0039,wheat,1993,1.39
IN-06-0039,wheat,1994,1.226
IN-06-0039,wheat,1995,1.395
IN-06-0039,wheat,1996,1.441
IN-06-0039,wheat,1997,1.385
IN-06-0039,wheat,1998,1.517
IN-06-0039,wheat,1999,1.566
IN-06-0039,wheat,2000,1.359
IN-06-0039,wheat,2001,1.401
IN-06-0039,wheat,2002,1.325
IN-06-0039,wheat,2003,1.573
IN-06-0039,wheat,2004,1.563
IN-06-0039,wheat,2005,1.514
IN-06-0039,wheat,2006,1.666
IN-06-0039,wheat,2007,1.125
IN-06-0039,wheat,2008,1.503
IN-06-0039,wheat,2009,1.87
IN-06-0039,wheat,2010,1.651
IN-06-0039,wheat,2011,1.95
IN-06-0039,wheat,2012,1.754
IN-06-0039,wheat,2013,2.085
IN-06-0040,wheat,1990,1.096
IN-06-0040,wheat,1991,1.105
IN-06-0040,wheat,1992,1.283
IN-06-0040,wheat,1993,1.592
IN-06-0040,wheat,1994,1.71
IN-06-0040,wheat,1995,1.523
IN-06-0040,wheat,1996,1.518
IN-06-0040,wheat,1997,0.853
IN-06-0040,wheat,1998,1.386
IN-06-0040,wheat,1999,1.591
IN-06-0040,wheat,2000,1.269
IN-06-0040,wheat,2001,1.409
IN-06-0040,wheat,2002,1.149
IN-06-0040,wheat,2003,1.428
IN-06-0040,wheat,2004,1.413
IN-06-0040,wheat,2005,1.564
IN-06-0040,wheat,2006,1.546
IN-06-0040,wheat,2007,1.548
IN-06-0040,wheat,2008,1.594
IN-06-0040,wheat,2009,3.1
IN-06-0040,wheat,2010,1.183
IN-06-0040,wheat,2011,2.915
IN-06-0040,wheat,2012,2.239
IN-06-0040,wheat,2013,1.889
IN-06-0041,wheat,1990,1.927
IN-06-0041,wheat,1991,1.396
IN-06-0041,wheat,1992,1.537
IN-06-0041,wheat,1993,1.868
IN-06-0041,wheat,1994,1.941
IN-06-0041,wheat,1995,1.41
IN-06-0041,wheat,1996,1.864
IN-06-0041,wheat,1997,1.74
IN-06-0041,wheat,1998,1.929
IN-06-0041,wheat,1999,2.141
IN-06-0041,wheat,2000,1.288
IN-06-0041,wheat,2001,1.395
IN-06-0041,wheat,2002,1.242
IN-06-0041,wheat,2003,1.802
IN-06-0041,wheat,2004,1.571
IN-06-0041,wheat,2005,1.38
IN-06-0041,wheat,2006,1.694
IN-06-0041,wheat,2007,1.434
IN-06-0041,wheat,2008,1.529
IN-06-0041,wheat,2009,1.87
IN-06-0041,wheat,2010,1.492
IN-06-0041,wheat,2011,2.215
IN-06-0041,wheat,2012,2.802
IN-06-0041,wheat,2013,2.322
IN-06-0042,wheat,1990,2.305
IN-06-0042,wheat,1991,2.473
IN-06-0042,wheat,1992,2.122
IN-06-0042,wheat,1993,2.75
IN-06-0042,wheat,1994,2.507
IN-06-0042,wheat,1995,2.263
IN-06-0042,wheat,1996,2.501
IN-06-0042,wheat,1997,1.98
IN-06-0042,wheat,1998,2.441
IN-06-0042,wheat,1999,2.609
IN-06-0042,wheat,2000,1.822
IN-06-0042,wheat,2001,1.614
IN-06-0042,wheat,2002,1.512
IN-06-0042,wheat,2003,1.914
IN-06-0042,wheat,2004,2.111
IN-06-0042,wheat,2005,1.788
IN-06-0042,wheat,2006,2.274
IN-06-0042,wheat,2007,1.885
IN-06-0042,wheat,2008,2.042
IN-06-0042,wheat,2009,2.639
IN-06-0042,wheat,2010,2.006
IN-06-0042,wheat,2011,3.007
IN-06-0042,wheat,2012,2.065
IN-06-0042,wheat,2013,2.258
IN-06-0043,wheat,1990,1.58
IN-06-0043,wheat,1991,1.889
IN-06-0043,wheat,1992,1.791
IN-06-0043,wheat,1993,1.829
IN-06-0043,wheat,1994,2.08
IN-06-0043,wheat,1995,2.053
IN-06-0043,wheat,1996,2.067
IN-06-0043,wheat,1997,1.487
IN-06-0043,wheat,1998,2.343
IN-06-0043,wheat,1999,2.652
IN-06-0043,wheat,2000,2.544
IN-06-0043,wheat,2001,2.649
IN-06-0043,wheat,2002,2.253
IN-06-0043,wheat,2003,2.461
IN-06-0043,wheat,2004,2.333
IN-06-0043,wheat,2005,2.223
IN-06-0043,wheat,2006,2.719
IN-06-0043,wheat,2007,3.21
IN-06-0043,wheat,2008,2.774
IN-06-0043,wheat,2009,3.011
IN-06-0043,wheat,2010,3.525
IN-06-0043,wheat,2011,4.602
IN-06-0043,wheat,2012,3.906
IN-06-0043,wheat,2013,3.186
IN-01-0049,wheat,2010,1.5
IN-01-0051,wheat,1990,0.513
IN-01-0051,wheat,1991,0.7
IN-01-0051,wheat,1992,0.422
IN-01-0051,wheat,1996,1.0
IN-01-0051,wheat,1999,0.671
IN-01-0051,wheat,2000,0.565
IN-01-0051,wheat,2001,0.698
IN-01-0051,wheat,2002,1.0
IN-01-0051,wheat,2003,0.304
IN-01-0051,wheat,2004,0.231
IN-01-0051,wheat,2005,0.592
IN-01-0051,wheat,2006,0.269
IN-01-0051,wheat,2007,0.345
IN-01-0051,wheat,2008,0.547
IN-01-0051,wheat,2009,0.455
IN-01-0051,wheat,2010,1.446
IN-01-0051,wheat,2011,1.091
IN-01-0051,wheat,2012,1.355
IN-01-0051,wheat,2013,0.741
IN-01-0052,wheat,1990,0.829
IN-01-0052,wheat,1991,0.7
IN-01-0052,wheat,1992,0.9
IN-01-0052,wheat,1999,0.659
IN-01-0052,wheat,2000,0.577
IN-01-0052,wheat,2001,0.677
IN-01-0052,wheat,2003,0.293
IN-01-0052,wheat,2004,0.231
IN-01-0052,wheat,2005,0.6
IN-01-0052,wheat,2006,0.263
IN-01-0052,wheat,2007,0.357
IN-01-0052,wheat,2008,1.375
IN-01-0052,wheat,2009,0.556
IN-01-0052,wheat,2010,1.308
IN-01-0052,wheat,2011,1.25
IN-01-0052,wheat,2012,1.154
IN-01-0052,wheat,2013,0.667
IN-01-0053,wheat,1990,0.692
IN-01-0053,wheat,1991,0.75
IN-01-0053,wheat,1992,0.667
IN-01-0053,wheat,1999,0.688
IN-01-0053,wheat,2000,0.583
IN-01-0053,wheat,2001,0.75
IN-01-0053,wheat,2003,0.25
IN-01-0053,wheat,2005,0.625
IN-01-0053,wheat,2006,0.333
IN-01-0053,wheat,2007,0.333
IN-01-0053,wheat,2008,0.667
IN-01-0053,wheat,2009,1.333
IN-01-0053,wheat,2010,1.5
IN-01-0053,wheat,2011,1.0
IN-01-0053,wheat,2013,1.0
IN-01-0054,wheat,1990,1.0
IN-01-0054,wheat,1992,0.5
IN-20-0056,wheat,1990,0.94245
IN-20-0056,wheat,1991,0.83929
IN-20-0056,wheat,1992,1.25
IN-20-0056,wheat,1993,0.5
IN-20-0056,wheat,1994,1.0
IN-20-0056,wheat,1995,2.0
IN-20-0056,wheat,1996,1.0
IN-20-0056,wheat,1997,0.5
IN-20-0056,wheat,1998,0.5
IN-20-0056,wheat,1999,0.53659
IN-20-0056,wheat,2000,0.5708799999999999
IN-20-0056,wheat,2001,0.60697
IN-20-0056,wheat,2002,1.0
IN-20-0056,wheat,2003,0.46043
IN-20-0056,wheat,2004,0.69841
IN-20-0056,wheat,2005,0.82051
IN-20-0056,wheat,2006,1.12258
IN-20-0056,wheat,2007,1.25143
IN-20-0056,wheat,2008,1.36923
IN-20-0056,wheat,2009,1.08929
IN-20-0056,wheat,2010,1.30539
IN-20-0056,wheat,2011,1.32394
IN-20-0056,wheat,2012,1.46457
IN-20-0056,wheat,2013,1.46154
IN-20-0057,wheat,1990,0.67857
IN-20-0057,wheat,1991,0.84066
IN-20-0057,wheat,1992,0.49799
IN-20-0057,wheat,1993,0.3333299999999999
IN-20-0057,wheat,1994,1.0
IN-20-0057,wheat,1995,1.0
IN-20-0057,wheat,1997,0.66667
IN-20-0057,wheat,1998,0.5
IN-20-0057,wheat,1999,0.6962999999999999
IN-20-0057,wheat,2000,0.5691900000000001
IN-20-0057,wheat,2001,0.52699
IN-20-0057,wheat,2002,1.33333
IN-20-0057,wheat,2003,0.6140399999999999
IN-20-0057,wheat,2004,0.725
IN-20-0057,wheat,2005,1.71721
IN-20-0057,wheat,2006,1.1604100000000002
IN-20-0057,wheat,2007,1.03293
IN-20-0057,wheat,2008,1.25649
IN-20-0057,wheat,2009,0.87119
IN-20-0057,wheat,2010,1.30072
IN-20-0057,wheat,2011,1.34252
IN-20-0057,wheat,2012,0.93033
IN-20-0057,wheat,2013,0.8066
IN-20-0058,wheat,1990,0.92105
IN-20-0058,wheat,1991,0.82143
IN-20-0058,wheat,1992,0.78571
IN-20-0058,wheat,1999,0.64286
IN-20-0058,wheat,2000,0.5625
IN-20-0058,wheat,2001,0.6818200000000001
IN-20-0058,wheat,2003,0.6087
IN-20-0058,wheat,2004,0.5333300000000001
IN-20-0058,wheat,2005,0.82353
IN-20-0058,wheat,2006,1.0
IN-20-0058,wheat,2007,1.0
IN-20-0058,wheat,2008,1.25
IN-20-0058,wheat,2009,1.0
IN-20-0058,wheat,2010,1.33333
IN-20-0058,wheat,2011,1.0
IN-20-0058,wheat,2012,1.0
IN-20-0058,wheat,2013,1.0
IN-20-0059,wheat,1992,0.5
IN-20-0060,wheat,1990,1.0
IN-20-0060,wheat,1991,0.85714
IN-20-0060,wheat,1992,0.8
IN-20-0060,wheat,1999,0.66667
IN-20-0060,wheat,2000,1.0
IN-20-0060,wheat,2001,1.0
IN-20-0060,wheat,2003,0.6
IN-20-0060,wheat,2004,0.4
IN-20-0060,wheat,2005,0.75
IN-20-0060,wheat,2006,0.8
IN-20-0060,wheat,2007,1.0
IN-20-0060,wheat,2010,1.5
IN-20-0062,wheat,1990,0.92105
IN-20-0062,wheat,1991,0.84615
IN-20-0062,wheat,1992,0.76667
IN-20-0062,wheat,1999,0.6875
IN-20-0062,wheat,2000,0.58824
IN-20-0062,wheat,2001,0.73333
IN-20-0062,wheat,2003,0.6
IN-20-0062,wheat,2004,0.42857
IN-20-0062,wheat,2005,0.8
IN-20-0062,wheat,2006,1.0
IN-20-0062,wheat,2007,1.0
IN-20-0062,wheat,2008,2.0
IN-20-0062,wheat,2010,1.0
IN-20-0062,wheat,2011,1.0
IN-20-0062,wheat,2012,1.0
IN-20-0063,wheat,1990,1.39754
IN-20-0063,wheat,1991,1.11565
IN-20-0063,wheat,1992,0.94386
IN-20-0063,wheat,1993,0.66667
IN-20-0063,wheat,1994,0.5
IN-20-0063,wheat,1995,0.75
IN-20-0063,wheat,1996,0.3333299999999999
IN-20-0063,wheat,1997,0.66667
IN-20-0063,wheat,1998,0.66667
IN-20-0063,wheat,1999,0.67172
IN-20-0063,wheat,2000,0.5027200000000001
IN-20-0063,wheat,2001,0.89516
IN-20-0063,wheat,2002,1.33333
IN-20-0063,wheat,2003,0.59896
IN-20-0063,wheat,2004,0.28966
IN-20-0063,wheat,2005,0.34184
IN-20-0063,wheat,2006,0.7795
IN-20-0063,wheat,2007,1.02151
IN-20-0063,wheat,2008,1.1629500000000002
IN-20-0063,wheat,2009,1.34808
IN-20-0063,wheat,2010,1.28395
IN-20-0063,wheat,2011,1.32012
IN-20-0063,wheat,2012,1.12813
IN-20-0063,wheat,2013,1.26183
IN-05-0065,wheat,1990,1.167
IN-05-0065,wheat,1991,1.571
IN-05-0065,wheat,1992,1.25
IN-05-0065,wheat,1993,1.5
IN-05-0065,wheat,1994,1.667
IN-05-0065,wheat,1995,1.0
IN-05-0065,wheat,2008,0.986
IN-05-0066,wheat,1990,1.0
IN-05-0066,wheat,1991,1.4
IN-05-0066,wheat,1992,1.5
IN-05-0066,wheat,1993,1.5
IN-05-0066,wheat,1994,1.4
IN-05-0066,wheat,1995,1.2
IN-05-0066,wheat,1996,1.0
IN-05-0066,wheat,1998,1.0
IN-05-0066,wheat,1999,1.0
IN-05-0066,wheat,2008,1.0
IN-05-0067,wheat,1990,1.25
IN-05-0067,wheat,1991,1.0
IN-05-0067,wheat,1992,1.0
IN-05-0067,wheat,1993,1.375
IN-05-0067,wheat,1994,1.5
IN-05-0067,wheat,1995,1.25
IN-05-0067,wheat,1996,1.5
IN-05-0067,wheat,2008,0.643
IN-05-0068,wheat,2008,0.857
IN-05-0069,wheat,1993,1.0
IN-05-0069,wheat,1994,1.0
IN-05-0069,wheat,2008,1.717
IN-05-0070,wheat,1990,0.3
IN-05-0070,wheat,1991,0.375
IN-05-0070,wheat,1992,0.391
IN-05-0070,wheat,1993,0.5
IN-05-0070,wheat,1994,0.154
IN-05-0070,wheat,1995,0.429
IN-05-0070,wheat,1996,0.5
IN-05-0070,wheat,1997,0.231
IN-05-0070,wheat,1999,1.0
IN-05-0071,wheat,1990,0.75
IN-05-0071,wheat,1991,1.0
IN-05-0071,wheat,1992,0.917
IN-05-0071,wheat,1993,0.375
IN-05-0071,wheat,1994,0.417
IN-05-0071,wheat,1995,0.571
IN-05-0071,wheat,1996,0.9
IN-05-0071,wheat,1997,0.571
IN-05-0071,wheat,1998,1.0
IN-05-0071,wheat,1999,0.5
IN-05-0071,wheat,2001,1.0
IN-05-0071,wheat,2004,1.0
IN-05-0071,wheat,2005,1.0
IN-05-0071,wheat,2006,1.0
IN-05-0071,wheat,2007,2.0
IN-05-0071,wheat,2008,2.105
IN-05-0071,wheat,2009,1.0
IN-05-0072,wheat,1990,0.957
IN-05-0072,wheat,1991,0.963
IN-05-0072,wheat,1992,1.265
IN-05-0072,wheat,1993,1.314
IN-05-0072,wheat,1994,0.97
IN-05-0072,wheat,1995,0.969
IN-05-0072,wheat,1996,1.213
IN-05-0072,wheat,1997,0.731
IN-05-0072,wheat,1998,1.122
IN-05-0072,wheat,1999,1.177
IN-05-0072,wheat,2000,1.0
IN-05-0072,wheat,2001,1.203
IN-05-0072,wheat,2002,1.105
IN-05-0072,wheat,2003,0.8
IN-05-0072,wheat,2004,1.409
IN-05-0072,wheat,2005,1.402
IN-05-0072,wheat,2006,1.054
IN-05-0072,wheat,2007,1.277
IN-05-0072,wheat,2008,0.487
IN-05-0072,wheat,2009,1.379
IN-05-0072,wheat,2010,1.662
IN-05-0072,wheat,2011,1.566
IN-05-0072,wheat,2012,0.842
IN-05-0072,wheat,2013,1.538
IN-05-0073,wheat,1990,0.911
IN-05-0073,wheat,1991,0.815
IN-05-0073,wheat,1992,0.939
IN-05-0073,wheat,1993,1.13
IN-05-0073,wheat,1994,0.811
IN-05-0073,wheat,1995,0.812
IN-05-0073,wheat,1996,0.986
IN-05-0073,wheat,1997,0.652
IN-05-0073,wheat,1998,0.92
IN-05-0073,wheat,1999,0.932
IN-05-0073,wheat,2000,1.111
IN-05-0073,wheat,2001,1.032
IN-05-0073,wheat,2002,0.778
IN-05-0073,wheat,2003,0.717
IN-05-0073,wheat,2004,0.906
IN-05-0073,wheat,2005,1.089
IN-05-0073,wheat,2006,0.899
IN-05-0073,wheat,2007,1.06
IN-05-0073,wheat,2008,0.714
IN-05-0073,wheat,2009,0.897
IN-05-0073,wheat,2010,1.735
IN-05-0073,wheat,2011,1.0
IN-05-0073,wheat,2012,0.69
IN-05-0073,wheat,2013,1.061
IN-05-0074,wheat,1990,0.5
IN-05-0074,wheat,1991,0.585
IN-05-0074,wheat,1992,0.629
IN-05-0074,wheat,1993,0.668
IN-05-0074,wheat,1994,0.585
IN-05-0074,wheat,1995,0.572
IN-05-0074,wheat,1996,0.693
IN-05-0074,wheat,1997,0.398
IN-05-0074,wheat,1998,0.707
IN-05-0074,wheat,1999,0.548
IN-05-0074,wheat,2000,0.769
IN-05-0074,wheat,2001,0.362
IN-05-0074,wheat,2002,0.28
IN-05-0074,wheat,2003,0.289
IN-05-0074,wheat,2004,0.544
IN-05-0074,wheat,2005,0.63
IN-05-0074,wheat,2006,0.601
IN-05-0074,wheat,2007,0.664
IN-05-0074,wheat,2008,0.722
IN-05-0074,wheat,2009,0.804
IN-05-0074,wheat,2010,1.044
IN-05-0074,wheat,2011,0.793
IN-05-0074,wheat,2012,0.489
IN-05-0074,wheat,2013,0.885
IN-05-0075,wheat,1990,0.837
IN-05-0075,wheat,1991,0.997
IN-05-0075,wheat,1992,0.875
IN-05-0075,wheat,1993,1.015
IN-05-0075,wheat,1994,1.03
IN-05-0075,wheat,1995,0.815
IN-05-0075,wheat,1996,0.877
IN-05-0075,wheat,1997,0.748
IN-05-0075,wheat,1998,1.128
IN-05-0075,wheat,1999,1.203
IN-05-0075,wheat,2000,1.285
IN-05-0075,wheat,2001,1.09
IN-05-0075,wheat,2002,0.729
IN-05-0075,wheat,2003,0.622
IN-05-0075,wheat,2004,1.04
IN-05-0075,wheat,2005,1.041
IN-05-0075,wheat,2006,1.243
IN-05-0075,wheat,2007,1.241
IN-05-0075,wheat,2008,1.199
IN-05-0075,wheat,2009,1.033
IN-05-0075,wheat,2010,1.252
IN-05-0075,wheat,2011,0.999
IN-05-0075,wheat,2012,0.901
IN-05-0075,wheat,2013,0.951
IN-05-0076,wheat,1990,0.687
IN-05-0076,wheat,1991,0.866
IN-05-0076,wheat,1992,0.759
IN-05-0076,wheat,1993,0.981
IN-05-0076,wheat,1994,0.885
IN-05-0076,wheat,1995,0.804
IN-05-0076,wheat,1996,0.967
IN-05-0076,wheat,1997,0.479
IN-05-0076,wheat,1998,0.729
IN-05-0076,wheat,1999,0.819
IN-05-0076,wheat,2000,0.938
IN-05-0076,wheat,2001,0.931
IN-05-0076,wheat,2002,0.76
IN-05-0076,wheat,2003,0.517
IN-05-0076,wheat,2004,0.908
IN-05-0076,wheat,2005,0.824
IN-05-0076,wheat,2006,0.61
IN-05-0076,wheat,2007,0.999
IN-05-0076,wheat,2009,0.949
IN-05-0076,wheat,2010,0.997
IN-05-0076,wheat,2011,0.626
IN-05-0076,wheat,2012,0.852
IN-05-0076,wheat,2013,0.959
IN-05-0077,wheat,1990,0.634
IN-05-0077,wheat,1991,0.766
IN-05-0077,wheat,1992,0.835
IN-05-0077,wheat,1993,0.713
IN-05-0077,wheat,1994,0.577
IN-05-0077,wheat,1995,0.812
IN-05-0077,wheat,1996,0.795
IN-05-0077,wheat,1997,0.724
IN-05-0077,wheat,1998,0.866
IN-05-0077,wheat,1999,1.005
IN-05-0077,wheat,2000,0.947
IN-05-0077,wheat,2001,0.811
IN-05-0077,wheat,2002,0.676
IN-05-0077,wheat,2003,0.586
IN-05-0077,wheat,2004,0.617
IN-05-0077,wheat,2005,0.608
IN-05-0077,wheat,2006,0.741
IN-05-0077,wheat,2007,1.209
IN-05-0077,wheat,2008,1.013
IN-05-0077,wheat,2009,1.333
IN-05-0077,wheat,2010,1.198
IN-05-0077,wheat,2011,1.084
IN-05-0077,wheat,2012,1.369
IN-05-0077,wheat,2013,1.276
IN-05-0078,wheat,1990,0.166
IN-05-0078,wheat,1991,0.175
IN-05-0078,wheat,1992,0.287
IN-05-0078,wheat,1993,0.464
IN-05-0078,wheat,1994,0.435
IN-05-0078,wheat,1995,0.222
IN-05-0078,wheat,1996,0.337
IN-05-0078,wheat,1997,0.201
IN-05-0078,wheat,1998,0.425
IN-05-0078,wheat,1999,0.464
IN-05-0078,wheat,2000,0.556
IN-05-0078,wheat,2001,0.403
IN-05-0078,wheat,2002,0.306
IN-05-0078,wheat,2003,0.229
IN-05-0078,wheat,2004,0.276
IN-05-0078,wheat,2005,0.367
IN-05-0078,wheat,2006,0.548
IN-05-0078,wheat,2007,0.604
IN-05-0078,wheat,2008,0.382
IN-05-0078,wheat,2009,0.522
IN-05-0078,wheat,2010,0.668
IN-05-0078,wheat,2011,0.424
IN-05-0078,wheat,2012,0.502
IN-05-0078,wheat,2013,1.0
IN-05-0079,wheat,1990,0.672
IN-05-0079,wheat,1991,0.582
IN-05-0079,wheat,1992,0.762
IN-05-0079,wheat,1993,0.648
IN-05-0079,wheat,1994,0.427
IN-05-0079,wheat,1995,0.546
IN-05-0079,wheat,1996,0.498
IN-05-0079,wheat,1997,0.325
IN-05-0079,wheat,1998,0.5
IN-05-0079,wheat,1999,0.522
IN-05-0079,wheat,2000,0.752
IN-05-0079,wheat,2001,0.593
IN-05-0079,wheat,2002,0.479
IN-05-0079,wheat,2003,0.439
IN-05-0079,wheat,2004,0.696
IN-05-0079,wheat,2005,0.755
IN-05-0079,wheat,2006,0.704
IN-05-0079,wheat,2007,0.963
IN-05-0079,wheat,2008,1.0
IN-05-0079,wheat,2009,1.07
IN-05-0079,wheat,2010,1.436
IN-05-0079,wheat,2011,1.585
IN-05-0079,wheat,2012,1.312
IN-05-0079,wheat,2013,1.745
IN-05-0080,wheat,2008,2.095
IN-05-0082,wheat,2008,2.08
IN-11-0086,wheat,1990,0.6
IN-11-0086,wheat,1991,0.5
IN-11-0087,wheat,1990,0.857
IN-11-0087,wheat,1991,0.75
IN-11-0093,wheat,1990,0.4
IN-11-0093,wheat,1991,0.364
IN-07-0096,wheat,1991,1.0
IN-07-0096,wheat,1997,1.0
IN-07-0096,wheat,1998,1.0
IN-07-0096,wheat,1999,0.8
IN-07-0096,wheat,2000,1.0
IN-07-0096,wheat,2002,1.0
IN-07-0096,wheat,2003,1.0
IN-07-0096,wheat,2004,1.0
IN-07-0096,wheat,2005,1.0
IN-07-0096,wheat,2006,1.0
IN-07-0096,wheat,2007,1.0
IN-07-0096,wheat,2008,1.0
IN-07-0096,wheat,2009,0.8
IN-07-0096,wheat,2010,1.5
IN-07-0096,wheat,2011,1.0
IN-07-0099,wheat,1990,1.024
IN-07-0099,wheat,1991,0.837
IN-07-0099,wheat,1992,1.251
IN-07-0099,wheat,1993,1.455
IN-07-0099,wheat,1994,1.65
IN-07-0099,wheat,1995,1.336
IN-07-0099,wheat,1996,1.449
IN-07-0099,wheat,1997,1.292
IN-07-0099,wheat,1998,1.337
IN-07-0099,wheat,1999,1.431
IN-07-0099,wheat,2000,1.129
IN-07-0099,wheat,2001,1.329
IN-07-0099,wheat,2002,1.414
IN-07-0099,wheat,2003,1.163
IN-07-0099,wheat,2004,1.462
IN-07-0099,wheat,2005,1.652
IN-07-0099,wheat,2006,1.637
IN-07-0099,wheat,2007,1.886
IN-07-0099,wheat,2008,1.612
IN-07-0099,wheat,2009,1.615
IN-07-0099,wheat,2010,1.908
IN-07-0099,wheat,2011,1.958
IN-07-0099,wheat,2012,1.641
IN-07-0099,wheat,2013,1.698
IN-07-0100,wheat,1990,1.015
IN-07-0100,wheat,1991,1.036
IN-07-0100,wheat,1992,1.299
IN-07-0100,wheat,1993,1.509
IN-07-0100,wheat,1994,1.455
IN-07-0100,wheat,1995,1.122
IN-07-0100,wheat,1996,1.508
IN-07-0100,wheat,1997,1.319
IN-07-0100,wheat,1998,1.369
IN-07-0100,wheat,1999,1.349
IN-07-0100,wheat,2000,1.011
IN-07-0100,wheat,2001,1.186
IN-07-0100,wheat,2002,1.248
IN-07-0100,wheat,2003,1.6
IN-07-0100,wheat,2004,1.764
IN-07-0100,wheat,2005,1.613
IN-07-0100,wheat,2006,1.575
IN-07-0100,wheat,2007,2.394
IN-07-0100,wheat,2008,1.671
IN-07-0100,wheat,2009,2.051
IN-07-0100,wheat,2010,2.154
IN-07-0100,wheat,2011,2.29
IN-07-0100,wheat,2012,2.197
IN-07-0100,wheat,2013,1.642
IN-07-0101,wheat,1990,1.584
IN-07-0101,wheat,1991,1.05
IN-07-0101,wheat,1992,1.682
IN-07-0101,wheat,1993,2.063
IN-07-0101,wheat,1994,2.162
IN-07-0101,wheat,1995,1.457
IN-07-0101,wheat,1996,1.869
IN-07-0101,wheat,1997,1.323
IN-07-0101,wheat,1998,1.648
IN-07-0101,wheat,1999,1.883
IN-07-0101,wheat,2000,1.398
IN-07-0101,wheat,2001,1.651
IN-07-0101,wheat,2002,1.921
IN-07-0101,wheat,2003,1.864
IN-07-0101,wheat,2004,2.023
IN-07-0101,wheat,2005,1.845
IN-07-0101,wheat,2006,2.203
IN-07-0101,wheat,2007,2.618
IN-07-0101,wheat,2008,2.044
IN-07-0101,wheat,2009,2.161
IN-07-0101,wheat,2010,2.494
IN-07-0101,wheat,2011,2.325
IN-07-0101,wheat,2012,2.094
IN-07-0101,wheat,2013,2.561
IN-07-0102,wheat,1990,1.205
IN-07-0102,wheat,1991,1.131
IN-07-0102,wheat,1992,1.04
IN-07-0102,wheat,1993,1.546
IN-07-0102,wheat,1994,1.569
IN-07-0102,wheat,1995,1.499
IN-07-0102,wheat,1996,1.707
IN-07-0102,wheat,1997,1.093
IN-07-0102,wheat,1998,1.24
IN-07-0102,wheat,1999,1.408
IN-07-0102,wheat,2000,1.434
IN-07-0102,wheat,2001,1.666
IN-07-0102,wheat,2002,1.257
IN-07-0102,wheat,2003,1.008
IN-07-0102,wheat,2004,1.731
IN-07-0102,wheat,2005,1.492
IN-07-0102,wheat,2006,1.612
IN-07-0102,wheat,2007,2.071
IN-07-0102,wheat,2008,1.586
IN-07-0102,wheat,2009,1.668
IN-07-0102,wheat,2010,1.862
IN-07-0102,wheat,2011,1.844
IN-07-0102,wheat,2012,1.185
IN-07-0102,wheat,2013,1.94
IN-07-0103,wheat,1990,1.188
IN-07-0103,wheat,1991,1.254
IN-07-0103,wheat,1992,1.233
IN-07-0103,wheat,1993,1.588
IN-07-0103,wheat,1994,1.472
IN-07-0103,wheat,1995,1.354
IN-07-0103,wheat,1996,1.541
IN-07-0103,wheat,1997,1.246
IN-07-0103,wheat,1998,1.412
IN-07-0103,wheat,1999,1.741
IN-07-0103,wheat,2000,1.027
IN-07-0103,wheat,2001,1.701
IN-07-0103,wheat,2002,1.266
IN-07-0103,wheat,2003,1.224
IN-07-0103,wheat,2004,1.655
IN-07-0103,wheat,2005,1.842
IN-07-0103,wheat,2006,1.812
IN-07-0103,wheat,2007,2.112
IN-07-0103,wheat,2008,1.844
IN-07-0103,wheat,2009,1.54
IN-07-0103,wheat,2010,1.932
IN-07-0103,wheat,2011,1.909
IN-07-0103,wheat,2012,1.77
IN-07-0103,wheat,2013,2.02
IN-07-0104,wheat,1990,1.264
IN-07-0104,wheat,1991,1.613
IN-07-0104,wheat,1992,1.147
IN-07-0104,wheat,1993,1.669
IN-07-0104,wheat,1994,1.635
IN-07-0104,wheat,1995,1.573
IN-07-0104,wheat,1996,1.822
IN-07-0104,wheat,1997,1.464
IN-07-0104,wheat,1998,1.763
IN-07-0104,wheat,1999,1.852
IN-07-0104,wheat,2000,1.568
IN-07-0104,wheat,2001,1.818
IN-07-0104,wheat,2002,1.38
IN-07-0104,wheat,2003,1.445
IN-07-0104,wheat,2004,1.793
IN-07-0104,wheat,2005,1.875
IN-07-0104,wheat,2006,1.812
IN-07-0104,wheat,2007,2.171
IN-07-0104,wheat,2008,1.719
IN-07-0104,wheat,2009,1.643
IN-07-0104,wheat,2010,1.979
IN-07-0104,wheat,2011,1.853
IN-07-0104,wheat,2012,1.673
IN-07-0104,wheat,2013,1.84
IN-07-0105,wheat,1990,1.124
IN-07-0105,wheat,1991,1.317
IN-07-0105,wheat,1992,1.309
IN-07-0105,wheat,1993,1.493
IN-07-0105,wheat,1994,1.633
IN-07-0105,wheat,1995,1.417
IN-07-0105,wheat,1996,1.481
IN-07-0105,wheat,1997,1.274
IN-07-0105,wheat,1998,1.486
IN-07-0105,wheat,1999,1.861
IN-07-0105,wheat,2000,1.7
IN-07-0105,wheat,2001,1.73
IN-07-0105,wheat,2002,1.272
IN-07-0105,wheat,2003,1.611
IN-07-0105,wheat,2004,1.707
IN-07-0105,wheat,2005,1.604
IN-07-0105,wheat,2006,1.611
IN-07-0105,wheat,2007,1.96
IN-07-0105,wheat,2008,1.841
IN-07-0105,wheat,2009,1.676
IN-07-0105,wheat,2010,1.856
IN-07-0105,wheat,2011,1.702
IN-07-0105,wheat,2012,1.815
IN-07-0105,wheat,2013,1.966
IN-07-0106,wheat,1990,1.067
IN-07-0106,wheat,1991,0.884
IN-07-0106,wheat,1992,0.988
IN-07-0106,wheat,1993,1.312
IN-07-0106,wheat,1994,1.23
IN-07-0106,wheat,1995,1.403
IN-07-0106,wheat,1996,1.357
IN-07-0106,wheat,1997,0.8
IN-07-0106,wheat,1998,1.2
IN-07-0106,wheat,1999,1.181
IN-07-0106,wheat,2000,1.1
IN-07-0106,wheat,2001,1.168
IN-07-0106,wheat,2002,1.277
IN-07-0106,wheat,2003,0.432
IN-07-0106,wheat,2004,1.122
IN-07-0106,wheat,2005,1.175
IN-07-0106,wheat,2006,1.238
IN-07-0106,wheat,2007,1.471
IN-07-0106,wheat,2008,1.339
IN-07-0106,wheat,2009,1.318
IN-07-0106,wheat,2010,1.4
IN-07-0106,wheat,2011,1.191
IN-07-0106,wheat,2012,0.757
IN-07-0106,wheat,2013,1.003
IN-07-0107,wheat,1990,1.37
IN-07-0107,wheat,1991,1.62
IN-07-0107,wheat,1992,1.935
IN-07-0107,wheat,1993,1.886
IN-07-0107,wheat,1994,2.074
IN-07-0107,wheat,1995,1.938
IN-07-0107,wheat,1996,2.132
IN-07-0107,wheat,1997,1.597
IN-07-0107,wheat,1998,1.836
IN-07-0107,wheat,1999,2.0
IN-07-0107,wheat,2000,1.786
IN-07-0107,wheat,2001,1.953
IN-07-0107,wheat,2002,1.788
IN-07-0107,wheat,2003,2.023
IN-07-0107,wheat,2004,2.109
IN-07-0107,wheat,2005,2.03
IN-07-0107,wheat,2006,2.086
IN-07-0107,wheat,2007,2.39
IN-07-0107,wheat,2008,2.479
IN-07-0107,wheat,2009,2.277
IN-07-0107,wheat,2010,2.656
IN-07-0107,wheat,2011,2.482
IN-07-0107,wheat,2012,2.193
IN-07-0107,wheat,2013,2.512
IN-07-0108,wheat,1990,0.967
IN-07-0108,wheat,1991,0.816
IN-07-0108,wheat,1992,1.436
IN-07-0108,wheat,1993,1.391
IN-07-0108,wheat,1994,1.31
IN-07-0108,wheat,1995,1.049
IN-07-0108,wheat,1996,1.287
IN-07-0108,wheat,1997,0.905
IN-07-0108,wheat,1998,1.406
IN-07-0108,wheat,1999,1.409
IN-07-0108,wheat,2000,1.227
IN-07-0108,wheat,2001,1.183
IN-07-0108,wheat,2002,1.213
IN-07-0108,wheat,2003,1.285
IN-07-0108,wheat,2004,1.297
IN-07-0108,wheat,2005,1.653
IN-07-0108,wheat,2006,2.008
IN-07-0108,wheat,2007,2.187
IN-07-0108,wheat,2008,1.755
IN-07-0108,wheat,2009,1.906
IN-07-0108,wheat,2010,2.103
IN-07-0108,wheat,2011,1.861
IN-07-0108,wheat,2012,0.884
IN-07-0108,wheat,2013,1.531
IN-07-0109,wheat,1990,0.849
IN-07-0109,wheat,1991,1.008
IN-07-0109,wheat,1992,1.081
IN-07-0109,wheat,1993,1.366
IN-07-0109,wheat,1994,1.482
IN-07-0109,wheat,1995,1.452
IN-07-0109,wheat,1996,1.818
IN-07-0109,wheat,1997,0.813
IN-07-0109,wheat,1998,1.383
IN-07-0109,wheat,1999,1.258
IN-07-0109,wheat,2000,1.298
IN-07-0109,wheat,2001,1.502
IN-07-0109,wheat,2002,1.411
IN-07-0109,wheat,2003,1.141
IN-07-0109,wheat,2004,0.82
IN-07-0109,wheat,2005,1.152
IN-07-0109,wheat,2006,1.399
IN-07-0109,wheat,2007,1.928
IN-07-0109,wheat,2008,1.626
IN-07-0109,wheat,2009,1.317
IN-07-0109,wheat,2010,1.713
IN-07-0109,wheat,2011,1.579
IN-07-0109,wheat,2012,1.571
IN-07-0109,wheat,2013,1.115
IN-07-0110,wheat,1990,1.016
IN-07-0110,wheat,1991,0.601
IN-07-0110,wheat,1992,0.971
IN-07-0110,wheat,1993,1.018
IN-07-0110,wheat,1994,1.035
IN-07-0110,wheat,1995,1.052
IN-07-0110,wheat,1996,1.194
IN-07-0110,wheat,1997,0.72
IN-07-0110,wheat,1998,1.14
IN-07-0110,wheat,1999,1.227
IN-07-0110,wheat,2000,1.095
IN-07-0110,wheat,2001,0.971
IN-07-0110,wheat,2002,0.961
IN-07-0110,wheat,2003,0.527
IN-07-0110,wheat,2004,0.878
IN-07-0110,wheat,2005,1.054
IN-07-0110,wheat,2006,1.277
IN-07-0110,wheat,2007,1.451
IN-07-0110,wheat,2008,1.232
IN-07-0110,wheat,2009,1.372
IN-07-0110,wheat,2010,1.298
IN-07-0110,wheat,2011,1.326
IN-07-0110,wheat,2012,0.976
IN-07-0110,wheat,2013,0.988
IN-07-0111,wheat,1990,0.863
IN-07-0111,wheat,1991,0.855
IN-07-0111,wheat,1992,1.322
IN-07-0111,wheat,1993,1.207
IN-07-0111,wheat,1994,1.234
IN-07-0111,wheat,1995,1.038
IN-07-0111,wheat,1996,1.286
IN-07-0111,wheat,1997,0.619
IN-07-0111,wheat,1998,1.217
IN-07-0111,wheat,1999,1.171
IN-07-0111,wheat,2000,1.08
IN-07-0111,wheat,2001,1.3
IN-07-0111,wheat,2002,1.342
IN-07-0111,wheat,2003,1.381
IN-07-0111,wheat,2004,1.218
IN-07-0111,wheat,2005,1.016
IN-07-0111,wheat,2006,1.244
IN-07-0111,wheat,2007,1.52
IN-07-0111,wheat,2008,1.364
IN-07-0111,wheat,2009,1.035
IN-07-0111,wheat,2010,1.687
IN-07-0111,wheat,2011,1.738
IN-07-0111,wheat,2012,1.43
IN-07-0111,wheat,2013,1.126
IN-07-0112,wheat,1990,0.957
IN-07-0112,wheat,1991,0.392
IN-07-0112,wheat,1992,0.578
IN-07-0112,wheat,1993,1.042
IN-07-0112,wheat,1994,0.813
IN-07-0112,wheat,1995,0.869
IN-07-0112,wheat,1996,1.0
IN-07-0112,wheat,1997,0.358
IN-07-0112,wheat,1998,1.069
IN-07-0112,wheat,1999,0.793
IN-07-0112,wheat,2000,0.991
IN-07-0112,wheat,2001,0.937
IN-07-0112,wheat,2002,1.109
IN-07-0112,wheat,2003,0.21
IN-07-0112,wheat,2004,0.774
IN-07-0112,wheat,2005,1.014
IN-07-0112,wheat,2006,0.878
IN-07-0112,wheat,2007,1.185
IN-07-0112,wheat,2008,1.068
IN-07-0112,wheat,2009,1.019
IN-07-0112,wheat,2010,1.035
IN-07-0112,wheat,2011,1.239
IN-07-0112,wheat,2012,0.469
IN-07-0112,wheat,2013,1.543
IN-07-0113,wheat,1990,1.333
IN-07-0113,wheat,1991,1.049
IN-07-0113,wheat,1992,1.498
IN-07-0113,wheat,1993,1.726
IN-07-0113,wheat,1994,2.105
IN-07-0113,wheat,1995,1.509
IN-07-0113,wheat,1996,1.901
IN-07-0113,wheat,1997,0.845
IN-07-0113,wheat,1998,1.704
IN-07-0113,wheat,1999,1.887
IN-07-0113,wheat,2000,1.495
IN-07-0113,wheat,2001,1.785
IN-07-0113,wheat,2002,1.813
IN-07-0113,wheat,2003,1.567
IN-07-0113,wheat,2004,0.691
IN-07-0113,wheat,2005,1.034
IN-07-0113,wheat,2006,1.418
IN-07-0113,wheat,2007,1.998
IN-07-0113,wheat,2008,1.477
IN-07-0113,wheat,2009,2.041
IN-07-0113,wheat,2010,1.724
IN-07-0113,wheat,2011,1.651
IN-07-0113,wheat,2012,1.485
IN-07-0113,wheat,2013,1.253
IN-07-0114,wheat,1990,1.069
IN-07-0114,wheat,1991,1.044
IN-07-0114,wheat,1992,1.381
IN-07-0114,wheat,1993,1.471
IN-07-0114,wheat,1994,1.451
IN-07-0114,wheat,1995,1.446
IN-07-0114,wheat,1996,1.654
IN-07-0114,wheat,1997,1.054
IN-07-0114,wheat,1998,1.228
IN-07-0114,wheat,1999,1.685
IN-07-0114,wheat,2000,1.423
IN-07-0114,wheat,2001,1.535
IN-07-0114,wheat,2002,1.534
IN-07-0114,wheat,2003,1.414
IN-07-0114,wheat,2004,1.118
IN-07-0114,wheat,2005,1.527
IN-07-0114,wheat,2006,1.98
IN-07-0114,wheat,2007,2.709
IN-07-0114,wheat,2008,1.509
IN-07-0114,wheat,2009,2.499
IN-07-0114,wheat,2010,2.378
IN-07-0114,wheat,2011,2.191
IN-07-0114,wheat,2012,1.706
IN-07-0114,wheat,2013,1.266
IN-07-0115,wheat,1990,1.185
IN-07-0115,wheat,1991,1.153
IN-07-0115,wheat,1992,1.304
IN-07-0115,wheat,1993,1.443
IN-07-0115,wheat,1994,1.449
IN-07-0115,wheat,1995,1.39
IN-07-0115,wheat,1996,1.574
IN-07-0115,wheat,1997,0.788
IN-07-0115,wheat,1998,1.286
IN-07-0115,wheat,1999,1.613
IN-07-0115,wheat,2000,1.269
IN-07-0115,wheat,2001,1.327
IN-07-0115,wheat,2002,1.036
IN-07-0115,wheat,2003,1.241
IN-07-0115,wheat,2004,1.165
IN-07-0115,wheat,2005,1.371
IN-07-0115,wheat,2006,1.673
IN-07-0115,wheat,2007,1.89
IN-07-0115,wheat,2008,1.388
IN-07-0115,wheat,2009,1.973
IN-07-0115,wheat,2010,1.926
IN-07-0115,wheat,2011,1.811
IN-07-0115,wheat,2012,1.981
IN-07-0115,wheat,2013,1.548
IN-07-0116,wheat,1990,1.318
IN-07-0116,wheat,1991,1.02
IN-07-0116,wheat,1992,1.343
IN-07-0116,wheat,1993,1.635
IN-07-0116,wheat,1994,1.544
IN-07-0116,wheat,1995,1.139
IN-07-0116,wheat,1996,1.475
IN-07-0116,wheat,1997,0.466
IN-07-0116,wheat,1998,1.209
IN-07-0116,wheat,1999,1.19
IN-07-0116,wheat,2000,1.105
IN-07-0116,wheat,2001,1.146
IN-07-0116,wheat,2002,1.057
IN-07-0116,wheat,2003,1.182
IN-07-0116,wheat,2004,0.98
IN-07-0116,wheat,2005,0.994
IN-07-0116,wheat,2006,1.136
IN-07-0116,wheat,2007,1.803
IN-07-0116,wheat,2008,1.084
IN-07-0116,wheat,2009,1.109
IN-07-0116,wheat,2010,1.472
IN-07-0116,wheat,2011,1.714
IN-07-0116,wheat,2012,1.789
IN-07-0116,wheat,2013,0.89
IN-07-0117,wheat,1990,0.952
IN-07-0117,wheat,1991,1.236
IN-07-0117,wheat,1992,1.155
IN-07-0117,wheat,1993,1.191
IN-07-0117,wheat,1994,1.419
IN-07-0117,wheat,1995,1.203
IN-07-0117,wheat,1996,1.478
IN-07-0117,wheat,1997,0.311
IN-07-0117,wheat,1998,1.084
IN-07-0117,wheat,1999,1.214
IN-07-0117,wheat,2000,1.166
IN-07-0117,wheat,2001,1.307
IN-07-0117,wheat,2002,1.211
IN-07-0117,wheat,2003,1.208
IN-07-0117,wheat,2004,1.168
IN-07-0117,wheat,2005,1.263
IN-07-0117,wheat,2006,1.482
IN-07-0117,wheat,2007,1.715
IN-07-0117,wheat,2008,1.302
IN-07-0117,wheat,2009,1.38
IN-07-0117,wheat,2010,1.661
IN-07-0117,wheat,2011,1.49
IN-07-0117,wheat,2012,1.521
IN-07-0117,wheat,2013,1.311
IN-07-0118,wheat,1990,0.931
IN-07-0118,wheat,1991,0.731
IN-07-0118,wheat,1992,0.929
IN-07-0118,wheat,1993,1.201
IN-07-0118,wheat,1994,1.399
IN-07-0118,wheat,1995,1.21
IN-07-0118,wheat,1996,1.19
IN-07-0118,wheat,1997,0.364
IN-07-0118,wheat,1998,1.1
IN-07-0118,wheat,1999,1.133
IN-07-0118,wheat,2000,1.031
IN-07-0118,wheat,2001,1.075
IN-07-0118,wheat,2002,1.048
IN-07-0118,wheat,2003,1.234
IN-07-0118,wheat,2004,1.091
IN-07-0118,wheat,2005,1.112
IN-07-0118,wheat,2006,1.161
IN-07-0118,wheat,2007,1.455
IN-07-0118,wheat,2008,1.13
IN-07-0118,wheat,2009,1.346
IN-07-0118,wheat,2010,1.539
IN-07-0118,wheat,2011,1.474
IN-07-0118,wheat,2012,1.556
IN-07-0118,wheat,2013,0.964
IN-07-0119,wheat,1990,0.458
IN-07-0119,wheat,1991,0.616
IN-07-0119,wheat,1992,0.681
IN-07-0119,wheat,1993,1.031
IN-07-0119,wheat,1994,1.052
IN-07-0119,wheat,1995,0.778
IN-07-0119,wheat,1996,0.95
IN-07-0119,wheat,1997,0.337
IN-07-0119,wheat,1998,0.697
IN-07-0119,wheat,1999,0.806
IN-07-0119,wheat,2000,0.697
IN-07-0119,wheat,2001,1.019
IN-07-0119,wheat,2002,0.717
IN-07-0119,wheat,2003,0.96
IN-07-0119,wheat,2004,0.741
IN-07-0119,wheat,2005,0.913
IN-07-0119,wheat,2006,0.939
IN-07-0119,wheat,2007,1.121
IN-07-0119,wheat,2008,0.836
IN-07-0119,wheat,2009,1.069
IN-07-0119,wheat,2010,1.085
IN-07-0119,wheat,2011,1.091
IN-07-0119,wheat,2012,1.247
IN-07-0119,wheat,2013,1.143
IN-07-0120,wheat,1990,0.565
IN-07-0120,wheat,1991,0.536
IN-07-0120,wheat,1992,0.803
IN-07-0120,wheat,1993,0.878
IN-07-0120,wheat,1994,1.02
IN-07-0120,wheat,1995,0.732
IN-07-0120,wheat,1996,0.743
IN-07-0120,wheat,1997,0.361
IN-07-0120,wheat,1998,0.636
IN-07-0120,wheat,1999,0.708
IN-07-0120,wheat,2000,0.664
IN-07-0120,wheat,2001,0.788
IN-07-0120,wheat,2002,0.588
IN-07-0120,wheat,2003,0.622
IN-07-0120,wheat,2004,0.563
IN-07-0120,wheat,2005,0.749
IN-07-0120,wheat,2006,0.73
IN-07-0120,wheat,2007,0.964
IN-07-0120,wheat,2008,0.917
IN-07-0120,wheat,2009,0.65
IN-07-0120,wheat,2010,1.073
IN-07-0120,wheat,2011,1.228
IN-07-0120,wheat,2012,1.192
IN-07-0120,wheat,2013,1.117
IN-03-0121,wheat,1990,1.315
IN-03-0121,wheat,1991,1.05
IN-03-0121,wheat,1992,1.02
IN-03-0121,wheat,1993,1.058
IN-03-0121,wheat,1994,0.971
IN-03-0121,wheat,1995,0.798
IN-03-0121,wheat,1996,1.215
IN-03-0121,wheat,1997,1.008
IN-03-0121,wheat,1998,1.219
IN-03-0121,wheat,1999,1.16
IN-03-0121,wheat,2000,1.244
IN-03-0121,wheat,2001,1.001
IN-03-0121,wheat,2002,1.155
IN-03-0121,wheat,2003,1.504
IN-03-0121,wheat,2004,1.754
IN-03-0121,wheat,2005,1.777
IN-03-0121,wheat,2006,1.729
IN-03-0121,wheat,2007,1.835
IN-03-0121,wheat,2008,1.382
IN-03-0121,wheat,2009,2.29
IN-03-0121,wheat,2010,2.377
IN-03-0121,wheat,2011,2.497
IN-03-0121,wheat,2012,2.523
IN-03-0121,wheat,2013,2.282
IN-03-0122,wheat,1990,2.884
IN-03-0122,wheat,1991,2.603
IN-03-0122,wheat,1992,2.701
IN-03-0122,wheat,1993,2.236
IN-03-0122,wheat,1994,3.438
IN-03-0122,wheat,1995,3.144
IN-03-0122,wheat,1996,2.486
IN-03-0122,wheat,1997,2.886
IN-03-0122,wheat,1998,2.978
IN-03-0122,wheat,1999,2.202
IN-03-0122,wheat,2000,2.231
IN-03-0122,wheat,2001,2.685
IN-03-0122,wheat,2002,2.446
IN-03-0122,wheat,2003,3.267
IN-03-0122,wheat,2004,3.188
IN-03-0122,wheat,2005,3.27
IN-03-0122,wheat,2006,3.335
IN-03-0122,wheat,2007,3.891
IN-03-0122,wheat,2008,2.85
IN-03-0122,wheat,2009,3.0
IN-03-0122,wheat,2010,3.785
IN-03-0122,wheat,2011,3.594
IN-03-0122,wheat,2012,2.852
IN-03-0122,wheat,2013,3.928
IN-03-0123,wheat,1990,2.551
IN-03-0123,wheat,1991,2.443
IN-03-0123,wheat,1992,2.307
IN-03-0123,wheat,1993,2.304
IN-03-0123,wheat,1994,3.118
IN-03-0123,wheat,1995,2.481
IN-03-0123,wheat,1996,2.762
IN-03-0123,wheat,1997,2.669
IN-03-0123,wheat,1998,2.92
IN-03-0123,wheat,1999,2.325
IN-03-0123,wheat,2000,2.533
IN-03-0123,wheat,2001,2.714
IN-03-0123,wheat,2002,2.13
IN-03-0123,wheat,2003,2.716
IN-03-0123,wheat,2004,2.426
IN-03-0123,wheat,2005,2.659
IN-03-0123,wheat,2006,2.504
IN-03-0123,wheat,2007,2.855
IN-03-0123,wheat,2008,2.103
IN-03-0123,wheat,2009,2.752
IN-03-0123,wheat,2010,3.016
IN-03-0123,wheat,2011,2.72
IN-03-0123,wheat,2012,2.915
IN-03-0123,wheat,2013,3.117
IN-03-0124,wheat,1990,0.85
IN-03-0124,wheat,1991,1.148
IN-03-0124,wheat,1992,1.095
IN-03-0124,wheat,1993,1.124
IN-03-0124,wheat,1994,0.947
IN-03-0124,wheat,1995,0.91
IN-03-0124,wheat,1996,0.765
IN-03-0124,wheat,1997,0.93
IN-03-0124,wheat,1998,0.883
IN-03-0124,wheat,1999,1.126
IN-03-0124,wheat,2000,1.538
IN-03-0124,wheat,2001,1.248
IN-03-0124,wheat,2002,0.897
IN-03-0124,wheat,2003,1.176
IN-03-0124,wheat,2004,1.335
IN-03-0124,wheat,2005,1.459
IN-03-0124,wheat,2006,1.096
IN-03-0124,wheat,2007,1.93
IN-03-0124,wheat,2008,1.374
IN-03-0124,wheat,2009,1.56
IN-03-0124,wheat,2010,2.006
IN-03-0124,wheat,2011,2.082
IN-03-0124,wheat,2012,1.877
IN-03-0124,wheat,2013,1.678
IN-03-0125,wheat,1990,2.145
IN-03-0125,wheat,1991,2.343
IN-03-0125,wheat,1992,2.119
IN-03-0125,wheat,1993,2.139
IN-03-0125,wheat,1994,2.286
IN-03-0125,wheat,1995,1.713
IN-03-0125,wheat,1996,2.18
IN-03-0125,wheat,1997,2.021
IN-03-0125,wheat,1998,2.129
IN-03-0125,wheat,1999,2.106
IN-03-0125,wheat,2000,2.194
IN-03-0125,wheat,2001,2.024
IN-03-0125,wheat,2002,2.138
IN-03-0125,wheat,2003,1.985
IN-03-0125,wheat,2004,1.915
IN-03-0125,wheat,2005,2.255
IN-03-0125,wheat,2006,2.251
IN-03-0125,wheat,2007,2.581
IN-03-0125,wheat,2008,2.266
IN-03-0125,wheat,2009,2.562
IN-03-0125,wheat,2010,2.792
IN-03-0125,wheat,2011,2.72
IN-03-0125,wheat,2012,3.425
IN-03-0125,wheat,2013,2.432
IN-03-0126,wheat,1990,1.933
IN-03-0126,wheat,1991,2.187
IN-03-0126,wheat,1992,2.168
IN-03-0126,wheat,1993,2.138
IN-03-0126,wheat,1994,2.267
IN-03-0126,wheat,1995,2.048
IN-03-0126,wheat,1996,1.615
IN-03-0126,wheat,1997,2.263
IN-03-0126,wheat,1998,2.227
IN-03-0126,wheat,1999,2.875
IN-03-0126,wheat,2000,2.25
IN-03-0126,wheat,2001,2.107
IN-03-0126,wheat,2002,2.318
IN-03-0126,wheat,2003,2.45
IN-03-0126,wheat,2004,1.889
IN-03-0126,wheat,2005,2.871
IN-03-0126,wheat,2006,2.793
IN-03-0126,wheat,2007,3.232
IN-03-0126,wheat,2008,2.596
IN-03-0126,wheat,2009,2.5
IN-03-0126,wheat,2010,2.931
IN-03-0126,wheat,2011,2.959
IN-03-0126,wheat,2012,3.292
IN-03-0126,wheat,2013,3.498
IN-03-0127,wheat,1990,2.5
IN-03-0127,wheat,1991,2.64
IN-03-0127,wheat,1992,2.545
IN-03-0127,wheat,1993,2.227
IN-03-0127,wheat,1994,3.045
IN-03-0127,wheat,1995,2.567
IN-03-0127,wheat,1996,2.813
IN-03-0127,wheat,1997,2.667
IN-03-0127,wheat,1998,2.706
IN-03-0127,wheat,1999,2.429
IN-03-0127,wheat,2000,2.25
IN-03-0127,wheat,2001,2.6
IN-03-0127,wheat,2002,2.2
IN-03-0127,wheat,2003,1.667
IN-03-0127,wheat,2004,2.6
IN-03-0127,wheat,2005,2.5
IN-03-0127,wheat,2006,3.0
IN-03-0127,wheat,2007,3.333
IN-03-0127,wheat,2008,2.667
IN-03-0127,wheat,2009,2.333
IN-03-0127,wheat,2011,3.5
IN-03-0128,wheat,1990,2.0
IN-03-0128,wheat,1992,1.0
IN-03-0128,wheat,1993,3.0
IN-03-0128,wheat,1995,1.0
IN-03-0128,wheat,1996,2.0
IN-03-0128,wheat,1997,2.0
IN-03-0128,wheat,1998,4.0
IN-03-0128,wheat,1999,3.0
IN-03-0128,wheat,2000,2.0
IN-03-0128,wheat,2001,3.0
IN-03-0128,wheat,2002,2.0
IN-03-0128,wheat,2004,4.0
IN-03-0128,wheat,2005,2.5
IN-03-0128,wheat,2006,3.0
IN-03-0128,wheat,2007,3.5
IN-03-0128,wheat,2008,2.429
IN-03-0128,wheat,2009,2.75
IN-03-0128,wheat,2010,3.375
IN-03-0128,wheat,2011,3.159
IN-03-0128,wheat,2012,2.974
IN-03-0128,wheat,2013,3.292
IN-03-0129,wheat,1990,0.833
IN-03-0129,wheat,1991,2.216
IN-03-0129,wheat,1992,2.383
IN-03-0129,wheat,1993,1.837
IN-03-0129,wheat,1994,3.143
IN-03-0129,wheat,1995,2.402
IN-03-0129,wheat,1996,2.978
IN-03-0129,wheat,1997,2.664
IN-03-0129,wheat,1998,2.648
IN-03-0129,wheat,1999,1.438
IN-03-0129,wheat,2000,1.967
IN-03-0129,wheat,2001,2.845
IN-03-0129,wheat,2002,2.482
IN-03-0129,wheat,2003,3.548
IN-03-0129,wheat,2004,1.87
IN-03-0129,wheat,2005,2.725
IN-03-0129,wheat,2006,2.936
IN-03-0129,wheat,2007,3.732
IN-03-0129,wheat,2008,3.289
IN-03-0129,wheat,2009,3.294
IN-03-0129,wheat,2010,3.641
IN-03-0129,wheat,2011,3.593
IN-03-0129,wheat,2012,2.438
IN-03-0129,wheat,2013,4.101
IN-03-0130,wheat,1990,3.043
IN-03-0130,wheat,1991,2.889
IN-03-0130,wheat,1992,3.057
IN-03-0130,wheat,1993,2.729
IN-03-0130,wheat,1994,3.983
IN-03-0130,wheat,1995,3.45
IN-03-0130,wheat,1996,3.593
IN-03-0130,wheat,1997,3.644
IN-03-0130,wheat,1998,3.779
IN-03-0130,wheat,1999,2.88
IN-03-0130,wheat,2000,2.386
IN-03-0130,wheat,2001,3.392
IN-03-0130,wheat,2002,3.073
IN-03-0130,wheat,2003,3.698
IN-03-0130,wheat,2004,3.579
IN-03-0130,wheat,2005,3.797
IN-03-0130,wheat,2006,3.664
IN-03-0130,wheat,2007,4.226
IN-03-0130,wheat,2008,2.932
IN-03-0130,wheat,2009,3.425
IN-03-0130,wheat,2010,4.314
IN-03-0130,wheat,2011,3.844
IN-03-0130,wheat,2012,3.088
IN-03-0130,wheat,2013,4.488
IN-03-0131,wheat,1990,1.833
IN-03-0131,wheat,1991,2.012
IN-03-0131,wheat,1992,1.895
IN-03-0131,wheat,1993,1.915
IN-03-0131,wheat,1994,2.113
IN-03-0131,wheat,1995,1.849
IN-03-0131,wheat,1996,1.959
IN-03-0131,wheat,1997,1.88
IN-03-0131,wheat,1998,2.056
IN-03-0131,wheat,1999,2.079
IN-03-0131,wheat,2000,2.371
IN-03-0131,wheat,2001,2.482
IN-03-0131,wheat,2002,2.279
IN-03-0131,wheat,2003,2.674
IN-03-0131,wheat,2004,2.61
IN-03-0131,wheat,2005,2.5
IN-03-0131,wheat,2006,2.427
IN-03-0131,wheat,2007,3.077
IN-03-0131,wheat,2008,1.996
IN-03-0131,wheat,2009,2.45
IN-03-0131,wheat,2010,2.701
IN-03-0131,wheat,2011,2.903
IN-03-0131,wheat,2012,2.599
IN-03-0131,wheat,2013,2.706
IN-03-0132,wheat,1990,2.478
IN-03-0132,wheat,1991,2.989
IN-03-0132,wheat,1992,2.344
IN-03-0132,wheat,1993,2.629
IN-03-0132,wheat,1994,2.688
IN-03-0132,wheat,1995,2.547
IN-03-0132,wheat,1996,2.5
IN-03-0132,wheat,1997,2.992
IN-03-0132,wheat,1998,2.779
IN-03-0132,wheat,1999,2.822
IN-03-0132,wheat,2000,2.455
IN-03-0132,wheat,2001,2.64
IN-03-0132,wheat,2002,2.438
IN-03-0132,wheat,2003,2.753
IN-03-0132,wheat,2004,2.264
IN-03-0132,wheat,2005,2.57
IN-03-0132,wheat,2006,2.6
IN-03-0132,wheat,2007,2.791
IN-03-0132,wheat,2008,2.746
IN-03-0132,wheat,2009,2.838
IN-03-0132,wheat,2010,2.787
IN-03-0132,wheat,2011,2.935
IN-03-0132,wheat,2012,3.064
IN-03-0132,wheat,2013,3.293
IN-03-0133,wheat,1990,2.924
IN-03-0133,wheat,1991,2.908
IN-03-0133,wheat,1992,2.547
IN-03-0133,wheat,1993,2.437
IN-03-0133,wheat,1994,3.124
IN-03-0133,wheat,1995,2.633
IN-03-0133,wheat,1996,2.892
IN-03-0133,wheat,1997,2.662
IN-03-0133,wheat,1998,2.697
IN-03-0133,wheat,1999,2.785
IN-03-0133,wheat,2000,2.582
IN-03-0133,wheat,2001,2.833
IN-03-0133,wheat,2002,2.371
IN-03-0133,wheat,2003,2.723
IN-03-0133,wheat,2004,2.665
IN-03-0133,wheat,2005,2.93
IN-03-0133,wheat,2006,2.854
IN-03-0133,wheat,2007,3.148
IN-03-0133,wheat,2008,2.311
IN-03-0133,wheat,2009,2.913
IN-03-0133,wheat,2010,3.053
IN-03-0133,wheat,2011,3.152
IN-03-0133,wheat,2012,2.975
IN-03-0133,wheat,2013,3.107
IN-03-0134,wheat,1990,1.888
IN-03-0134,wheat,1991,1.732
IN-03-0134,wheat,1992,1.754
IN-03-0134,wheat,1993,1.713
IN-03-0134,wheat,1994,2.048
IN-03-0134,wheat,1995,1.821
IN-03-0134,wheat,1996,2.451
IN-03-0134,wheat,1997,1.865
IN-03-0134,wheat,1998,2.116
IN-03-0134,wheat,1999,1.816
IN-03-0134,wheat,2000,1.878
IN-03-0134,wheat,2001,1.833
IN-03-0134,wheat,2002,1.69
IN-03-0134,wheat,2003,2.025
IN-03-0134,wheat,2004,1.965
IN-03-0134,wheat,2005,2.096
IN-03-0134,wheat,2006,1.415
IN-03-0134,wheat,2007,2.038
IN-03-0134,wheat,2008,1.241
IN-03-0134,wheat,2009,1.575
IN-03-0134,wheat,2010,2.099
IN-03-0134,wheat,2011,2.431
IN-03-0134,wheat,2012,3.153
IN-03-0134,wheat,2013,1.787
IN-03-0135,wheat,1990,2.45
IN-03-0135,wheat,1991,2.447
IN-03-0135,wheat,1992,3.084
IN-03-0135,wheat,1993,1.987
IN-03-0135,wheat,1994,3.698
IN-03-0135,wheat,1995,3.096
IN-03-0135,wheat,1996,3.341
IN-03-0135,wheat,1997,3.621
IN-03-0135,wheat,1998,3.285
IN-03-0135,wheat,1999,2.969
IN-03-0135,wheat,2000,2.281
IN-03-0135,wheat,2001,2.635
IN-03-0135,wheat,2002,2.684
IN-03-0135,wheat,2003,4.029
IN-03-0135,wheat,2004,2.866
IN-03-0135,wheat,2005,3.646
IN-03-0135,wheat,2006,3.629
IN-03-0135,wheat,2007,3.767
IN-03-0135,wheat,2008,3.276
IN-03-0135,wheat,2009,3.798
IN-03-0135,wheat,2010,3.985
IN-03-0135,wheat,2011,3.967
IN-03-0135,wheat,2012,3.569
IN-03-0135,wheat,2013,4.284
IN-03-0136,wheat,1990,2.682
IN-03-0136,wheat,1991,2.292
IN-03-0136,wheat,1992,2.128
IN-03-0136,wheat,1993,2.149
IN-03-0136,wheat,1994,2.586
IN-03-0136,wheat,1995,2.368
IN-03-0136,wheat,1996,2.411
IN-03-0136,wheat,1997,2.393
IN-03-0136,wheat,1998,2.452
IN-03-0136,wheat,1999,1.92
IN-03-0136,wheat,2000,1.77
IN-03-0136,wheat,2001,1.806
IN-03-0136,wheat,2002,1.619
IN-03-0136,wheat,2003,2.402
IN-03-0136,wheat,2004,2.311
IN-03-0136,wheat,2005,2.67
IN-03-0136,wheat,2006,2.575
IN-03-0136,wheat,2007,2.71
IN-03-0136,wheat,2008,2.201
IN-03-0136,wheat,2009,2.105
IN-03-0136,wheat,2010,2.682
IN-03-0136,wheat,2011,2.61
IN-03-0136,wheat,2012,2.958
IN-03-0136,wheat,2013,2.934
IN-03-0137,wheat,1990,1.565
IN-03-0137,wheat,1991,2.397
IN-03-0137,wheat,1992,1.62
IN-03-0137,wheat,1993,1.694
IN-03-0137,wheat,1994,2.143
IN-03-0137,wheat,1995,1.522
IN-03-0137,wheat,1996,2.014
IN-03-0137,wheat,1997,1.55
IN-03-0137,wheat,1998,2.261
IN-03-0137,wheat,1999,2.026
IN-03-0137,wheat,2000,2.649
IN-03-0137,wheat,2001,1.903
IN-03-0137,wheat,2002,1.798
IN-03-0137,wheat,2003,1.476
IN-03-0137,wheat,2004,1.43
IN-03-0137,wheat,2005,2.508
IN-03-0137,wheat,2006,2.493
IN-03-0137,wheat,2007,1.948
IN-03-0137,wheat,2008,2.279
IN-03-0137,wheat,2009,2.587
IN-03-0137,wheat,2010,3.048
IN-03-0137,wheat,2011,2.588
IN-03-0137,wheat,2012,2.852
IN-03-0137,wheat,2013,2.537
IN-03-0138,wheat,1990,1.371
IN-03-0138,wheat,1991,1.496
IN-03-0138,wheat,1992,1.254
IN-03-0138,wheat,1993,1.465
IN-03-0138,wheat,1994,2.043
IN-03-0138,wheat,1995,1.276
IN-03-0138,wheat,1996,2.173
IN-03-0138,wheat,1997,2.09
IN-03-0138,wheat,1998,1.856
IN-03-0138,wheat,1999,1.843
IN-03-0138,wheat,2000,2.275
IN-03-0138,wheat,2001,2.808
IN-03-0138,wheat,2002,2.092
IN-03-0138,wheat,2003,2.579
IN-03-0138,wheat,2004,2.055
IN-03-0138,wheat,2005,2.195
IN-03-0138,wheat,2006,2.256
IN-03-0138,wheat,2007,2.91
IN-03-0138,wheat,2008,2.375
IN-03-0138,wheat,2009,2.451
IN-03-0138,wheat,2010,3.127
IN-03-0138,wheat,2011,3.096
IN-03-0138,wheat,2012,2.801
IN-03-0138,wheat,2013,3.043
IN-10-0139,wheat,1990,1.684
IN-10-0139,wheat,1991,1.98
IN-10-0139,wheat,1992,2.163
IN-10-0139,wheat,1993,1.302
IN-10-0139,wheat,1994,1.963
IN-10-0139,wheat,1995,1.718
IN-10-0139,wheat,1996,1.575
IN-10-0139,wheat,1997,1.821
IN-10-0139,wheat,1998,1.792
IN-10-0139,wheat,1999,1.019
IN-10-0139,wheat,2000,1.22
IN-10-0139,wheat,2001,1.824
IN-10-0139,wheat,2002,2.053
IN-10-0139,wheat,2003,1.955
IN-10-0139,wheat,2004,2.063
IN-10-0139,wheat,2005,1.33
IN-10-0139,wheat,2006,2.801
IN-10-0139,wheat,2007,2.39
IN-10-0139,wheat,2008,2.258
IN-10-0139,wheat,2009,2.471
IN-10-0139,wheat,2010,3.232
IN-10-0139,wheat,2011,3.152
IN-10-0139,wheat,2012,3.317
IN-10-0139,wheat,2013,3.448
IN-10-0140,wheat,1990,2.868
IN-10-0140,wheat,1991,2.919
IN-10-0140,wheat,1992,2.605
IN-10-0140,wheat,1993,2.113
IN-10-0140,wheat,1994,3.117
IN-10-0140,wheat,1995,3.442
IN-10-0140,wheat,1996,3.375
IN-10-0140,wheat,1997,3.6
IN-10-0140,wheat,1998,3.56
IN-10-0140,wheat,1999,3.329
IN-10-0140,wheat,2000,3.567
IN-10-0140,wheat,2001,3.043
IN-10-0140,wheat,2002,3.149
IN-10-0140,wheat,2003,3.449
IN-10-0140,wheat,2004,3.251
IN-10-0140,wheat,2005,3.089
IN-10-0140,wheat,2006,3.556
IN-10-0140,wheat,2007,3.495
IN-10-0140,wheat,2008,4.043
IN-10-0140,wheat,2009,3.749
IN-10-0140,wheat,2010,4.207
IN-10-0140,wheat,2011,3.928
IN-10-0140,wheat,2012,4.086
IN-10-0140,wheat,2013,3.964
IN-10-0141,wheat,1990,2.281
IN-10-0141,wheat,1991,2.576
IN-10-0141,wheat,1992,1.921
IN-10-0141,wheat,1993,2.236
IN-10-0141,wheat,1994,2.246
IN-10-0141,wheat,1995,1.9
IN-10-0141,wheat,1996,2.464
IN-10-0141,wheat,1997,1.696
IN-10-0141,wheat,1998,2.086
IN-10-0141,wheat,1999,1.842
IN-10-0141,wheat,2000,1.392
IN-10-0141,wheat,2001,2.016
IN-10-0141,wheat,2002,1.481
IN-10-0141,wheat,2003,2.023
IN-10-0141,wheat,2004,2.072
IN-10-0141,wheat,2005,1.972
IN-10-0141,wheat,2006,1.864
IN-10-0141,wheat,2007,2.02
IN-10-0141,wheat,2008,1.557
IN-10-0141,wheat,2009,2.01
IN-10-0141,wheat,2010,2.049
IN-10-0141,wheat,2011,2.337
IN-10-0141,wheat,2012,2.123
IN-10-0141,wheat,2013,2.257
IN-10-0142,wheat,1990,2.375
IN-10-0142,wheat,1991,2.517
IN-10-0142,wheat,1992,2.287
IN-10-0142,wheat,1993,1.718
IN-10-0142,wheat,1994,2.619
IN-10-0142,wheat,1995,2.502
IN-10-0142,wheat,1996,2.741
IN-10-0142,wheat,1997,2.5
IN-10-0142,wheat,1998,2.487
IN-10-0142,wheat,1999,2.541
IN-10-0142,wheat,2000,2.402
IN-10-0142,wheat,2001,2.794
IN-10-0142,wheat,2002,2.709
IN-10-0142,wheat,2003,1.535
IN-10-0142,wheat,2004,1.894
IN-10-0142,wheat,2005,0.896
IN-10-0142,wheat,2006,1.598
IN-10-0142,wheat,2007,1.597
IN-10-0142,wheat,2008,0.871
IN-10-0142,wheat,2009,1.522
IN-10-0142,wheat,2010,1.466
IN-10-0142,wheat,2011,1.236
IN-10-0142,wheat,2012,1.359
IN-10-0142,wheat,2013,1.451
IN-10-0143,wheat,1990,3.076
IN-10-0143,wheat,1991,2.705
IN-10-0143,wheat,1992,2.568
IN-10-0143,wheat,1993,2.401
IN-10-0143,wheat,1994,2.913
IN-10-0143,wheat,1995,3.454
IN-10-0143,wheat,1996,3.454
IN-10-0143,wheat,1997,3.632
IN-10-0143,wheat,1998,3.397
IN-10-0143,wheat,1999,3.813
IN-10-0143,wheat,2000,3.527
IN-10-0143,wheat,2001,3.404
IN-10-0143,wheat,2002,3.288
IN-10-0143,wheat,2003,3.764
IN-10-0143,wheat,2004,2.915
IN-10-0143,wheat,2005,3.749
IN-10-0143,wheat,2006,3.323
IN-10-0143,wheat,2007,3.32
IN-10-0143,wheat,2008,4.125
IN-10-0143,wheat,2009,3.921
IN-10-0143,wheat,2010,4.483
IN-10-0143,wheat,2011,4.308
IN-10-0143,wheat,2012,4.364
IN-10-0143,wheat,2013,4.307
IN-10-0144,wheat,1990,2.132
IN-10-0144,wheat,1991,1.842
IN-10-0144,wheat,1992,1.971
IN-10-0144,wheat,1993,1.671
IN-10-0144,wheat,1994,2.451
IN-10-0144,wheat,1995,2.029
IN-10-0144,wheat,1996,2.92
IN-10-0144,wheat,1997,2.707
IN-10-0144,wheat,1998,2.225
IN-10-0144,wheat,1999,2.337
IN-10-0144,wheat,2000,1.893
IN-10-0144,wheat,2001,2.204
IN-10-0144,wheat,2002,2.079
IN-10-0144,wheat,2003,1.656
IN-10-0144,wheat,2004,2.585
IN-10-0144,wheat,2005,2.114
IN-10-0144,wheat,2006,3.147
IN-10-0144,wheat,2007,2.375
IN-10-0144,wheat,2008,2.633
IN-10-0144,wheat,2009,2.693
IN-10-0144,wheat,2010,2.593
IN-10-0144,wheat,2011,2.904
IN-10-0144,wheat,2012,3.398
IN-10-0144,wheat,2013,3.602
IN-10-0145,wheat,1990,2.375
IN-10-0145,wheat,1991,1.815
IN-10-0145,wheat,1992,0.803
IN-10-0145,wheat,1993,0.749
IN-10-0145,wheat,1994,1.212
IN-10-0145,wheat,1995,1.623
IN-10-0145,wheat,1996,1.651
IN-10-0145,wheat,1997,1.451
IN-10-0145,wheat,1998,2.055
IN-10-0145,wheat,1999,1.412
IN-10-0145,wheat,2000,1.099
IN-10-0145,wheat,2001,1.752
IN-10-0145,wheat,2002,1.634
IN-10-0145,wheat,2003,2.309
IN-10-0145,wheat,2004,2.106
IN-10-0145,wheat,2005,1.864
IN-10-0145,wheat,2006,2.609
IN-10-0145,wheat,2007,1.404
IN-10-0145,wheat,2008,2.395
IN-10-0145,wheat,2009,1.764
IN-10-0145,wheat,2010,2.95
IN-10-0145,wheat,2011,2.493
IN-10-0145,wheat,2012,2.432
IN-10-0145,wheat,2013,2.469
IN-10-0146,wheat,1990,2.467
IN-10-0146,wheat,1991,2.889
IN-10-0146,wheat,1992,2.538
IN-10-0146,wheat,1993,1.75
IN-10-0146,wheat,1994,2.877
IN-10-0146,wheat,1995,2.678
IN-10-0146,wheat,1996,3.255
IN-10-0146,wheat,1997,3.347
IN-10-0146,wheat,1998,2.978
IN-10-0146,wheat,1999,2.21
IN-10-0146,wheat,2000,2.498
IN-10-0146,wheat,2001,2.925
IN-10-0146,wheat,2002,2.453
IN-10-0146,wheat,2003,2.564
IN-10-0146,wheat,2004,3.276
IN-10-0146,wheat,2005,3.034
IN-10-0146,wheat,2006,3.634
IN-10-0146,wheat,2007,3.528
IN-10-0146,wheat,2008,3.648
IN-10-0146,wheat,2009,3.394
IN-10-0146,wheat,2010,3.8
IN-10-0146,wheat,2011,4.537
IN-10-0146,wheat,2012,4.4
IN-10-0146,wheat,2013,3.793
IN-10-0147,wheat,1990,2.618
IN-10-0147,wheat,1991,3.828
IN-10-0147,wheat,1992,2.777
IN-10-0147,wheat,1993,1.459
IN-10-0147,wheat,1994,2.99
IN-10-0147,wheat,1995,2.081
IN-10-0147,wheat,1996,2.312
IN-10-0147,wheat,1997,2.915
IN-10-0147,wheat,1998,2.411
IN-10-0147,wheat,1999,2.731
IN-10-0147,wheat,2000,2.51
IN-10-0147,wheat,2001,2.843
IN-10-0147,wheat,2002,2.28
IN-10-0147,wheat,2003,3.025
IN-10-0147,wheat,2004,2.766
IN-10-0147,wheat,2005,3.013
IN-10-0147,wheat,2006,3.825
IN-10-0147,wheat,2007,2.704
IN-10-0147,wheat,2008,3.609
IN-10-0147,wheat,2009,3.295
IN-10-0147,wheat,2010,4.041
IN-10-0147,wheat,2011,3.726
IN-10-0147,wheat,2012,4.193
IN-10-0147,wheat,2013,4.028
IN-10-0148,wheat,1990,2.37
IN-10-0148,wheat,1991,2.519
IN-10-0148,wheat,1992,2.29
IN-10-0148,wheat,1993,1.716
IN-10-0148,wheat,1994,2.62
IN-10-0148,wheat,1995,2.5
IN-10-0148,wheat,1996,2.74
IN-10-0148,wheat,1997,2.5
IN-10-0148,wheat,1998,2.488
IN-10-0148,wheat,1999,2.54
IN-10-0148,wheat,2000,2.401
IN-10-0148,wheat,2001,2.794
IN-10-0148,wheat,2002,2.71
IN-10-0148,wheat,2003,2.793
IN-10-0148,wheat,2004,2.839
IN-10-0148,wheat,2005,2.761
IN-10-0148,wheat,2006,1.704
IN-10-0148,wheat,2007,1.282
IN-10-0148,wheat,2008,1.607
IN-10-0148,wheat,2009,1.876
IN-10-0148,wheat,2010,2.355
IN-10-0148,wheat,2011,1.067
IN-10-0148,wheat,2012,2.094
IN-10-0148,wheat,2013,2.095
IN-10-0149,wheat,1990,1.742
IN-10-0149,wheat,1991,2.79
IN-10-0149,wheat,1992,1.695
IN-10-0149,wheat,1993,1.724
IN-10-0149,wheat,1994,1.795
IN-10-0149,wheat,1995,1.788
IN-10-0149,wheat,1996,1.805
IN-10-0149,wheat,1997,2.176
IN-10-0149,wheat,1998,2.048
IN-10-0149,wheat,1999,1.485
IN-10-0149,wheat,2000,2.646
IN-10-0149,wheat,2001,3.03
IN-10-0149,wheat,2002,1.848
IN-10-0149,wheat,2003,2.158
IN-10-0149,wheat,2004,2.138
IN-10-0149,wheat,2005,1.612
IN-10-0149,wheat,2006,1.746
IN-10-0149,wheat,2007,1.835
IN-10-0149,wheat,2008,1.34
IN-10-0149,wheat,2009,1.779
IN-10-0149,wheat,2010,1.556
IN-10-0149,wheat,2011,2.014
IN-10-0149,wheat,2012,1.717
IN-10-0149,wheat,2013,1.906
IN-10-0150,wheat,1990,2.863
IN-10-0150,wheat,1991,2.877
IN-10-0150,wheat,1992,2.623
IN-10-0150,wheat,1993,3.214
IN-10-0150,wheat,1994,2.687
IN-10-0150,wheat,1995,2.508
IN-10-0150,wheat,1996,2.469
IN-10-0150,wheat,1997,2.601
IN-10-0150,wheat,1998,2.847
IN-10-0150,wheat,1999,3.041
IN-10-0150,wheat,2000,2.459
IN-10-0150,wheat,2001,2.873
IN-10-0150,wheat,2002,2.676
IN-10-0150,wheat,2003,2.777
IN-10-0150,wheat,2004,3.179
IN-10-0150,wheat,2005,3.135
IN-10-0150,wheat,2006,3.562
IN-10-0150,wheat,2007,3.189
IN-10-0150,wheat,2008,3.79
IN-10-0150,wheat,2009,2.847
IN-10-0150,wheat,2010,4.445
IN-10-0150,wheat,2011,3.962
IN-10-0150,wheat,2012,3.855
IN-10-0150,wheat,2013,4.169
IN-10-0151,wheat,1990,1.693
IN-10-0151,wheat,1991,2.115
IN-10-0151,wheat,1992,2.291
IN-10-0151,wheat,1993,1.702
IN-10-0151,wheat,1994,2.21
IN-10-0151,wheat,1995,2.096
IN-10-0151,wheat,1996,2.571
IN-10-0151,wheat,1997,2.274
IN-10-0151,wheat,1998,2.0
IN-10-0151,wheat,1999,2.117
IN-10-0151,wheat,2000,2.08
IN-10-0151,wheat,2001,3.074
IN-10-0151,wheat,2002,2.921
IN-10-0151,wheat,2003,2.981
IN-10-0151,wheat,2004,2.988
IN-10-0151,wheat,2005,2.775
IN-10-0151,wheat,2006,2.59
IN-10-0151,wheat,2007,2.189
IN-10-0151,wheat,2008,3.108
IN-10-0151,wheat,2009,3.214
IN-10-0151,wheat,2010,3.72
IN-10-0151,wheat,2011,3.116
IN-10-0151,wheat,2012,3.377
IN-10-0151,wheat,2013,3.086
IN-10-0152,wheat,1990,2.379
IN-10-0152,wheat,1991,2.512
IN-10-0152,wheat,1992,2.286
IN-10-0152,wheat,1993,1.718
IN-10-0152,wheat,1994,2.617
IN-10-0152,wheat,1995,2.5
IN-10-0152,wheat,1996,2.742
IN-10-0152,wheat,1997,2.5
IN-10-0152,wheat,1998,2.486
IN-10-0152,wheat,1999,2.54
IN-10-0152,wheat,2000,2.403
IN-10-0152,wheat,2001,2.793
IN-10-0152,wheat,2002,2.708
IN-10-0152,wheat,2003,2.792
IN-10-0152,wheat,2004,2.84
IN-10-0152,wheat,2005,2.76
IN-10-0152,wheat,2006,1.474
IN-10-0152,wheat,2007,0.927
IN-10-0152,wheat,2008,0.828
IN-10-0152,wheat,2009,1.182
IN-10-0152,wheat,2010,3.433
IN-10-0152,wheat,2011,1.307
IN-10-0152,wheat,2012,1.302
IN-10-0152,wheat,2013,1.322
IN-10-0153,wheat,1990,1.74
IN-10-0153,wheat,1991,1.406
IN-10-0153,wheat,1992,1.266
IN-10-0153,wheat,1993,1.192
IN-10-0153,wheat,1994,1.193
IN-10-0153,wheat,1995,1.587
IN-10-0153,wheat,1996,2.059
IN-10-0153,wheat,1997,1.426
IN-10-0153,wheat,1998,1.677
IN-10-0153,wheat,1999,1.501
IN-10-0153,wheat,2000,1.26
IN-10-0153,wheat,2001,1.299
IN-10-0153,wheat,2002,1.527
IN-10-0153,wheat,2003,1.828
IN-10-0153,wheat,2004,1.695
IN-10-0153,wheat,2005,1.462
IN-10-0153,wheat,2006,1.794
IN-10-0153,wheat,2007,1.713
IN-10-0153,wheat,2008,1.572
IN-10-0153,wheat,2009,1.989
IN-10-0153,wheat,2010,1.79
IN-10-0153,wheat,2011,1.811
IN-10-0153,wheat,2012,1.778
IN-10-0153,wheat,2013,2.202
IN-10-0154,wheat,1990,2.531
IN-10-0154,wheat,1991,2.503
IN-10-0154,wheat,1992,2.257
IN-10-0154,wheat,1993,1.953
IN-10-0154,wheat,1994,2.726
IN-10-0154,wheat,1995,2.889
IN-10-0154,wheat,1996,3.468
IN-10-0154,wheat,1997,2.203
IN-10-0154,wheat,1998,1.916
IN-10-0154,wheat,1999,2.961
IN-10-0154,wheat,2000,1.913
IN-10-0154,wheat,2001,2.525
IN-10-0154,wheat,2002,2.23
IN-10-0154,wheat,2003,2.776
IN-10-0154,wheat,2004,3.261
IN-10-0154,wheat,2005,2.77
IN-10-0154,wheat,2006,3.246
IN-10-0154,wheat,2007,2.866
IN-10-0154,wheat,2008,2.783
IN-10-0154,wheat,2009,3.336
IN-10-0154,wheat,2010,3.153
IN-10-0154,wheat,2011,3.777
IN-10-0154,wheat,2012,3.242
IN-10-0154,wheat,2013,3.089
IN-10-0155,wheat,1990,2.354
IN-10-0155,wheat,1991,2.387
IN-10-0155,wheat,1992,1.971
IN-10-0155,wheat,1993,1.396
IN-10-0155,wheat,1994,2.963
IN-10-0155,wheat,1995,2.644
IN-10-0155,wheat,1996,3.495
IN-10-0155,wheat,1997,2.958
IN-10-0155,wheat,1998,2.974
IN-10-0155,wheat,1999,2.15
IN-10-0155,wheat,2000,2.503
IN-10-0155,wheat,2001,2.49
IN-10-0155,wheat,2002,3.418
IN-10-0155,wheat,2003,2.763
IN-10-0155,wheat,2004,2.658
IN-10-0155,wheat,2005,3.041
IN-10-0155,wheat,2006,3.54
IN-10-0155,wheat,2007,2.791
IN-10-0155,wheat,2008,3.525
IN-10-0155,wheat,2009,3.244
IN-10-0155,wheat,2010,3.266
IN-10-0155,wheat,2011,3.394
IN-10-0155,wheat,2012,3.736
IN-10-0155,wheat,2013,3.995
IN-10-0156,wheat,1990,1.724
IN-10-0156,wheat,1991,1.653
IN-10-0156,wheat,1992,1.905
IN-10-0156,wheat,1993,1.236
IN-10-0156,wheat,1994,2.195
IN-10-0156,wheat,1995,2.126
IN-10-0156,wheat,1996,2.277
IN-10-0156,wheat,1997,1.693
IN-10-0156,wheat,1998,2.157
IN-10-0156,wheat,1999,1.237
IN-10-0156,wheat,2000,2.171
IN-10-0156,wheat,2001,2.717
IN-10-0156,wheat,2002,1.971
IN-10-0156,wheat,2003,2.527
IN-10-0156,wheat,2004,2.213
IN-10-0156,wheat,2005,2.102
IN-10-0156,wheat,2006,2.023
IN-10-0156,wheat,2007,2.065
IN-10-0156,wheat,2008,1.968
IN-10-0156,wheat,2009,2.499
IN-10-0156,wheat,2010,2.514
IN-10-0156,wheat,2011,2.719
IN-10-0156,wheat,2012,2.184
IN-10-0156,wheat,2013,2.246
IN-10-0157,wheat,1990,1.143
IN-10-0157,wheat,1991,3.476
IN-10-0157,wheat,1992,2.859
IN-10-0157,wheat,1993,1.606
IN-10-0157,wheat,1994,1.962
IN-10-0157,wheat,1995,2.555
IN-10-0157,wheat,1996,2.765
IN-10-0157,wheat,1997,2.729
IN-10-0157,wheat,1998,2.54
IN-10-0157,wheat,1999,3.094
IN-10-0157,wheat,2000,2.51
IN-10-0157,wheat,2001,2.871
IN-10-0157,wheat,2002,2.818
IN-10-0157,wheat,2003,2.866
IN-10-0157,wheat,2004,3.391
IN-10-0157,wheat,2005,3.235
IN-10-0157,wheat,2006,3.634
IN-10-0157,wheat,2007,3.623
IN-10-0157,wheat,2008,3.698
IN-10-0157,wheat,2009,3.535
IN-10-0157,wheat,2010,3.569
IN-10-0157,wheat,2011,4.184
IN-10-0157,wheat,2012,4.229
IN-10-0157,wheat,2013,4.011
IN-10-0158,wheat,1990,2.106
IN-10-0158,wheat,1991,2.014
IN-10-0158,wheat,1992,1.506
IN-10-0158,wheat,1993,1.724
IN-10-0158,wheat,1994,2.207
IN-10-0158,wheat,1995,2.24
IN-10-0158,wheat,1996,2.48
IN-10-0158,wheat,1997,1.22
IN-10-0158,wheat,1998,1.185
IN-10-0158,wheat,1999,0.618
IN-10-0158,wheat,2000,2.006
IN-10-0158,wheat,2001,2.58
IN-10-0158,wheat,2002,2.218
IN-10-0158,wheat,2003,2.7
IN-10-0158,wheat,2004,2.03
IN-10-0158,wheat,2005,2.292
IN-10-0158,wheat,2006,2.162
IN-10-0158,wheat,2007,2.027
IN-10-0158,wheat,2008,2.582
IN-10-0158,wheat,2009,2.516
IN-10-0158,wheat,2010,2.521
IN-10-0158,wheat,2011,2.509
IN-10-0158,wheat,2012,2.535
IN-10-0158,wheat,2013,2.509
IN-10-0159,wheat,1990,1.583
IN-10-0159,wheat,1991,1.741
IN-10-0159,wheat,1992,1.842
IN-10-0159,wheat,1993,0.919
IN-10-0159,wheat,1994,1.63
IN-10-0159,wheat,1995,1.903
IN-10-0159,wheat,1996,2.045
IN-10-0159,wheat,1997,1.693
IN-10-0159,wheat,1998,1.471
IN-10-0159,wheat,1999,1.358
IN-10-0159,wheat,2000,1.437
IN-10-0159,wheat,2001,1.665
IN-10-0159,wheat,2002,2.074
IN-10-0159,wheat,2003,2.054
IN-10-0159,wheat,2004,1.708
IN-10-0159,wheat,2005,1.293
IN-10-0159,wheat,2006,1.923
IN-10-0159,wheat,2007,1.9
IN-10-0159,wheat,2008,1.692
IN-10-0159,wheat,2009,1.98
IN-10-0159,wheat,2010,1.812
IN-10-0159,wheat,2011,2.21
IN-10-0159,wheat,2012,2.531
IN-10-0159,wheat,2013,2.735
IN-10-0160,wheat,1990,2.258
IN-10-0160,wheat,1991,2.515
IN-10-0160,wheat,1992,2.557
IN-10-0160,wheat,1993,2.022
IN-10-0160,wheat,1994,2.983
IN-10-0160,wheat,1995,2.53
IN-10-0160,wheat,1996,2.672
IN-10-0160,wheat,1997,2.52
IN-10-0160,wheat,1998,2.254
IN-10-0160,wheat,1999,2.459
IN-10-0160,wheat,2000,1.686
IN-10-0160,wheat,2001,1.882
IN-10-0160,wheat,2002,1.528
IN-10-0160,wheat,2003,2.137
IN-10-0160,wheat,2004,1.777
IN-10-0160,wheat,2005,2.025
IN-10-0160,wheat,2006,2.799
IN-10-0160,wheat,2007,2.587
IN-10-0160,wheat,2008,3.076
IN-10-0160,wheat,2009,3.484
IN-10-0160,wheat,2010,3.461
IN-10-0160,wheat,2011,3.285
IN-10-0160,wheat,2012,3.284
IN-10-0160,wheat,2013,2.829
IN-10-0161,wheat,1990,1.307
IN-10-0161,wheat,1991,2.646
IN-10-0161,wheat,1992,2.79
IN-10-0161,wheat,1993,1.995
IN-10-0161,wheat,1994,1.654
IN-10-0161,wheat,1995,2.155
IN-10-0161,wheat,1996,2.62
IN-10-0161,wheat,1997,2.276
IN-10-0161,wheat,1998,2.538
IN-10-0161,wheat,1999,2.117
IN-10-0161,wheat,2000,1.973
IN-10-0161,wheat,2001,3.282
IN-10-0161,wheat,2002,2.92
IN-10-0161,wheat,2003,2.64
IN-10-0161,wheat,2004,3.078
IN-10-0161,wheat,2005,2.545
IN-10-0161,wheat,2006,3.173
IN-10-0161,wheat,2007,2.006
IN-10-0161,wheat,2008,2.924
IN-10-0161,wheat,2009,3.323
IN-10-0161,wheat,2010,3.421
IN-10-0161,wheat,2011,2.923
IN-10-0161,wheat,2012,3.269
IN-10-0161,wheat,2013,3.269
IN-10-0162,wheat,1990,2.607
IN-10-0162,wheat,1991,2.549
IN-10-0162,wheat,1992,2.497
IN-10-0162,wheat,1993,2.002
IN-10-0162,wheat,1994,1.552
IN-10-0162,wheat,1995,2.411
IN-10-0162,wheat,1996,2.922
IN-10-0162,wheat,1997,1.907
IN-10-0162,wheat,1998,1.955
IN-10-0162,wheat,1999,1.547
IN-10-0162,wheat,2000,1.684
IN-10-0162,wheat,2001,2.265
IN-10-0162,wheat,2002,2.421
IN-10-0162,wheat,2003,2.643
IN-10-0162,wheat,2004,1.856
IN-10-0162,wheat,2005,2.365
IN-10-0162,wheat,2006,2.365
IN-10-0162,wheat,2007,2.356
IN-10-0162,wheat,2008,2.129
IN-10-0162,wheat,2009,2.448
IN-10-0162,wheat,2010,2.929
IN-10-0162,wheat,2011,2.715
IN-10-0162,wheat,2012,2.758
IN-10-0162,wheat,2013,2.764
IN-10-0163,wheat,1990,1.603
IN-10-0163,wheat,1991,1.703
IN-10-0163,wheat,1992,1.713
IN-10-0163,wheat,1993,1.097
IN-10-0163,wheat,1994,2.247
IN-10-0163,wheat,1995,2.057
IN-10-0163,wheat,1996,2.331
IN-10-0163,wheat,1997,1.684
IN-10-0163,wheat,1998,1.813
IN-10-0163,wheat,1999,1.272
IN-10-0163,wheat,2000,1.539
IN-10-0163,wheat,2001,2.05
IN-10-0163,wheat,2002,2.033
IN-10-0163,wheat,2003,2.638
IN-10-0163,wheat,2004,2.792
IN-10-0163,wheat,2005,2.537
IN-10-0163,wheat,2006,2.575
IN-10-0163,wheat,2007,2.502
IN-10-0163,wheat,2008,2.606
IN-10-0163,wheat,2009,2.673
IN-10-0163,wheat,2010,3.21
IN-10-0163,wheat,2011,3.461
IN-10-0163,wheat,2012,3.419
IN-10-0163,wheat,2013,3.424
IN-10-0164,wheat,1990,1.588
IN-10-0164,wheat,1991,2.134
IN-10-0164,wheat,1992,2.253
IN-10-0164,wheat,1993,1.783
IN-10-0164,wheat,1994,2.051
IN-10-0164,wheat,1995,2.507
IN-10-0164,wheat,1996,3.259
IN-10-0164,wheat,1997,2.452
IN-10-0164,wheat,1998,2.303
IN-10-0164,wheat,1999,2.266
IN-10-0164,wheat,2000,2.173
IN-10-0164,wheat,2001,2.499
IN-10-0164,wheat,2002,2.287
IN-10-0164,wheat,2003,2.444
IN-10-0164,wheat,2004,3.304
IN-10-0164,wheat,2005,2.185
IN-10-0164,wheat,2006,2.443
IN-10-0164,wheat,2007,2.327
IN-10-0164,wheat,2008,2.107
IN-10-0164,wheat,2009,2.341
IN-10-0164,wheat,2010,2.394
IN-10-0164,wheat,2011,2.8
IN-10-0164,wheat,2012,2.456
IN-10-0164,wheat,2013,2.839
IN-09-0165,wheat,1990,3.218
IN-09-0165,wheat,1991,3.328
IN-09-0165,wheat,1992,3.536
IN-09-0165,wheat,1993,3.761
IN-09-0165,wheat,1994,3.836
IN-09-0165,wheat,1995,3.605
IN-09-0165,wheat,1996,3.922
IN-09-0165,wheat,1997,3.759
IN-09-0165,wheat,1998,4.028
IN-09-0165,wheat,1999,4.362
IN-09-0165,wheat,2000,4.258
IN-09-0165,wheat,2001,4.659
IN-09-0165,wheat,2002,3.806
IN-09-0165,wheat,2003,4.347
IN-09-0165,wheat,2004,3.568
IN-09-0165,wheat,2005,3.982
IN-09-0165,wheat,2006,3.974
IN-09-0165,wheat,2007,4.225
IN-09-0165,wheat,2008,4.013
IN-09-0165,wheat,2009,4.087
IN-09-0165,wheat,2010,4.066
IN-09-0165,wheat,2011,4.752
IN-09-0165,wheat,2012,4.484
IN-09-0165,wheat,2013,4.467
IN-09-0166,wheat,1990,3.715
IN-09-0166,wheat,1991,3.841
IN-09-0166,wheat,1992,3.918
IN-09-0166,wheat,1993,4.191
IN-09-0166,wheat,1994,4.193
IN-09-0166,wheat,1995,3.994
IN-09-0166,wheat,1996,4.149
IN-09-0166,wheat,1997,3.877
IN-09-0166,wheat,1998,4.427
IN-09-0166,wheat,1999,4.855
IN-09-0166,wheat,2000,4.681
IN-09-0166,wheat,2001,4.683
IN-09-0166,wheat,2002,4.25
IN-09-0166,wheat,2003,4.296
IN-09-0166,wheat,2004,4.277
IN-09-0166,wheat,2005,4.427
IN-09-0166,wheat,2006,4.146
IN-09-0166,wheat,2007,4.402
IN-09-0166,wheat,2008,4.048
IN-09-0166,wheat,2009,4.07
IN-09-0166,wheat,2010,4.28
IN-09-0166,wheat,2011,4.974
IN-09-0166,wheat,2012,4.653
IN-09-0166,wheat,2013,4.968
IN-09-0167,wheat,1990,3.699
IN-09-0167,wheat,1991,3.757
IN-09-0167,wheat,1992,3.876
IN-09-0167,wheat,1993,3.924
IN-09-0167,wheat,1994,4.133
IN-09-0167,wheat,1995,3.81
IN-09-0167,wheat,1996,4.221
IN-09-0167,wheat,1997,3.412
IN-09-0167,wheat,1998,4.306
IN-09-0167,wheat,1999,4.712
IN-09-0167,wheat,2000,4.441
IN-09-0167,wheat,2001,4.719
IN-09-0167,wheat,2002,3.973
IN-09-0167,wheat,2003,4.429
IN-09-0167,wheat,2004,4.0
IN-09-0167,wheat,2005,4.351
IN-09-0167,wheat,2006,4.073
IN-09-0167,wheat,2007,4.559
IN-09-0167,wheat,2008,4.252
IN-09-0167,wheat,2009,4.117
IN-09-0167,wheat,2010,4.444
IN-09-0167,wheat,2011,4.927
IN-09-0167,wheat,2012,4.636
IN-09-0167,wheat,2013,4.937
IN-09-0168,wheat,1990,3.744
IN-09-0168,wheat,1991,3.839
IN-09-0168,wheat,1992,3.852
IN-09-0168,wheat,1993,4.102
IN-09-0168,wheat,1994,4.257
IN-09-0168,wheat,1995,3.97
IN-09-0168,wheat,1996,4.233
IN-09-0168,wheat,1997,3.586
IN-09-0168,wheat,1998,4.621
IN-09-0168,wheat,1999,4.926
IN-09-0168,wheat,2000,4.629
IN-09-0168,wheat,2001,4.701
IN-09-0168,wheat,2002,4.281
IN-09-0168,wheat,2003,4.42
IN-09-0168,wheat,2004,4.292
IN-09-0168,wheat,2005,4.494
IN-09-0168,wheat,2006,4.194
IN-09-0168,wheat,2007,4.437
IN-09-0168,wheat,2008,4.14
IN-09-0168,wheat,2009,4.324
IN-09-0168,wheat,2010,4.692
IN-09-0168,wheat,2011,5.064
IN-09-0168,wheat,2012,4.574
IN-09-0168,wheat,2013,4.953
IN-09-0169,wheat,1990,2.859
IN-09-0169,wheat,1991,2.948
IN-09-0169,wheat,1992,2.929
IN-09-0169,wheat,1993,3.083
IN-09-0169,wheat,1994,3.171
IN-09-0169,wheat,1995,3.015
IN-09-0169,wheat,1996,3.252
IN-09-0169,wheat,1997,3.059
IN-09-0169,wheat,1998,3.486
IN-09-0169,wheat,1999,3.59
IN-09-0169,wheat,2000,3.444
IN-09-0169,wheat,2001,3.612
IN-09-0169,wheat,2002,3.438
IN-09-0169,wheat,2003,3.418
IN-09-0169,wheat,2004,3.4
IN-09-0169,wheat,2005,3.545
IN-09-0169,wheat,2006,3.641
IN-09-0169,wheat,2007,3.807
IN-09-0169,wheat,2008,3.539
IN-09-0169,wheat,2009,3.85
IN-09-0169,wheat,2010,4.292
IN-09-0169,wheat,2011,4.506
IN-09-0169,wheat,2012,4.221
IN-09-0169,wheat,2013,4.534
IN-09-0170,wheat,1990,3.195
IN-09-0170,wheat,1991,3.337
IN-09-0170,wheat,1992,3.398
IN-09-0170,wheat,1993,3.452
IN-09-0170,wheat,1994,3.417
IN-09-0170,wheat,1995,3.381
IN-09-0170,wheat,1996,3.573
IN-09-0170,wheat,1997,3.566
IN-09-0170,wheat,1998,3.779
IN-09-0170,wheat,1999,4.023
IN-09-0170,wheat,2000,3.628
IN-09-0170,wheat,2001,3.943
IN-09-0170,wheat,2002,3.547
IN-09-0170,wheat,2003,3.529
IN-09-0170,wheat,2004,3.506
IN-09-0170,wheat,2005,3.593
IN-09-0170,wheat,2006,3.789
IN-09-0170,wheat,2007,4.129
IN-09-0170,wheat,2008,3.313
IN-09-0170,wheat,2009,4.262
IN-09-0170,wheat,2010,3.908
IN-09-0170,wheat,2011,4.641
IN-09-0170,wheat,2012,4.508
IN-09-0170,wheat,2013,4.582
IN-09-0171,wheat,1990,4.268
IN-09-0171,wheat,1991,4.252
IN-09-0171,wheat,1992,4.27
IN-09-0171,wheat,1993,4.436
IN-09-0171,wheat,1994,4.557
IN-09-0171,wheat,1995,4.194
IN-09-0171,wheat,1996,4.681
IN-09-0171,wheat,1997,4.21
IN-09-0171,wheat,1998,4.518
IN-09-0171,wheat,1999,5.066
IN-09-0171,wheat,2000,5.171
IN-09-0171,wheat,2001,5.074
IN-09-0171,wheat,2002,4.496
IN-09-0171,wheat,2003,4.747
IN-09-0171,wheat,2004,4.829
IN-09-0171,wheat,2005,4.778
IN-09-0171,wheat,2006,4.506
IN-09-0171,wheat,2007,4.798
IN-09-0171,wheat,2008,4.39
IN-09-0171,wheat,2009,4.633
IN-09-0171,wheat,2010,4.965
IN-09-0171,wheat,2011,5.374
IN-09-0171,wheat,2012,4.852
IN-09-0171,wheat,2013,5.224
IN-09-0172,wheat,1990,3.78
IN-09-0172,wheat,1991,3.815
IN-09-0172,wheat,1992,3.766
IN-09-0172,wheat,1993,3.973
IN-09-0172,wheat,1994,4.123
IN-09-0172,wheat,1995,3.969
IN-09-0172,wheat,1996,4.264
IN-09-0172,wheat,1997,3.974
IN-09-0172,wheat,1998,4.414
IN-09-0172,wheat,1999,4.647
IN-09-0172,wheat,2000,4.508
IN-09-0172,wheat,2001,4.337
IN-09-0172,wheat,2002,3.984
IN-09-0172,wheat,2003,4.141
IN-09-0172,wheat,2004,4.142
IN-09-0172,wheat,2005,4.065
IN-09-0172,wheat,2006,4.08
IN-09-0172,wheat,2007,4.519
IN-09-0172,wheat,2008,4.681
IN-09-0172,wheat,2009,4.142
IN-09-0172,wheat,2010,4.66
IN-09-0172,wheat,2011,4.997
IN-09-0172,wheat,2012,4.924
IN-09-0172,wheat,2013,5.296
IN-09-0173,wheat,1990,3.571
IN-09-0173,wheat,1991,3.65
IN-09-0173,wheat,1992,3.485
IN-09-0173,wheat,1993,3.823
IN-09-0173,wheat,1994,4.01
IN-09-0173,wheat,1995,3.519
IN-09-0173,wheat,1996,4.462
IN-09-0173,wheat,1997,4.138
IN-09-0173,wheat,1998,4.387
IN-09-0173,wheat,1999,4.661
IN-09-0173,wheat,2000,4.721
IN-09-0173,wheat,2001,4.468
IN-09-0173,wheat,2002,4.232
IN-09-0173,wheat,2003,4.044
IN-09-0173,wheat,2004,4.272
IN-09-0173,wheat,2005,4.164
IN-09-0173,wheat,2006,4.137
IN-09-0173,wheat,2007,4.35
IN-09-0173,wheat,2008,4.661
IN-09-0173,wheat,2009,4.111
IN-09-0173,wheat,2010,4.812
IN-09-0173,wheat,2011,5.265
IN-09-0173,wheat,2012,4.726
IN-09-0173,wheat,2013,5.181
IN-09-0174,wheat,1990,3.313
IN-09-0174,wheat,1991,3.524
IN-09-0174,wheat,1992,3.461
IN-09-0174,wheat,1993,3.805
IN-09-0174,wheat,1994,3.896
IN-09-0174,wheat,1995,3.686
IN-09-0174,wheat,1996,4.048
IN-09-0174,wheat,1997,3.47
IN-09-0174,wheat,1998,4.163
IN-09-0174,wheat,1999,4.616
IN-09-0174,wheat,2000,4.173
IN-09-0174,wheat,2001,3.905
IN-09-0174,wheat,2002,4.18
IN-09-0174,wheat,2003,3.893
IN-09-0174,wheat,2004,4.12
IN-09-0174,wheat,2005,3.926
IN-09-0174,wheat,2006,4.261
IN-09-0174,wheat,2007,4.36
IN-09-0174,wheat,2008,4.627
IN-09-0174,wheat,2009,4.036
IN-09-0174,wheat,2010,4.609
IN-09-0174,wheat,2011,5.0
IN-09-0174,wheat,2012,4.787
IN-09-0174,wheat,2013,4.957
IN-09-0175,wheat,1990,4.24
IN-09-0175,wheat,1991,4.259
IN-09-0175,wheat,1992,4.151
IN-09-0175,wheat,1993,4.379
IN-09-0175,wheat,1994,4.389
IN-09-0175,wheat,1995,4.392
IN-09-0175,wheat,1996,4.605
IN-09-0175,wheat,1997,4.319
IN-09-0175,wheat,1998,4.399
IN-09-0175,wheat,1999,4.827
IN-09-0175,wheat,2000,4.888
IN-09-0175,wheat,2001,4.821
IN-09-0175,wheat,2002,4.581
IN-09-0175,wheat,2003,4.333
IN-09-0175,wheat,2004,4.489
IN-09-0175,wheat,2005,4.235
IN-09-0175,wheat,2006,4.431
IN-09-0175,wheat,2007,4.689
IN-09-0175,wheat,2008,4.754
IN-09-0175,wheat,2009,4.537
IN-09-0175,wheat,2010,5.129
IN-09-0175,wheat,2011,5.495
IN-09-0175,wheat,2012,5.168
IN-09-0175,wheat,2013,5.498
IN-09-0176,wheat,1990,4.006
IN-09-0176,wheat,1991,4.113
IN-09-0176,wheat,1992,3.821
IN-09-0176,wheat,1993,4.198
IN-09-0176,wheat,1994,4.119
IN-09-0176,wheat,1995,3.952
IN-09-0176,wheat,1996,4.502
IN-09-0176,wheat,1997,4.055
IN-09-0176,wheat,1998,4.434
IN-09-0176,wheat,1999,4.799
IN-09-0176,wheat,2000,4.563
IN-09-0176,wheat,2001,4.943
IN-09-0176,wheat,2002,4.468
IN-09-0176,wheat,2003,4.117
IN-09-0176,wheat,2004,4.5
IN-09-0176,wheat,2005,4.236
IN-09-0176,wheat,2006,4.615
IN-09-0176,wheat,2007,4.721
IN-09-0176,wheat,2008,4.698
IN-09-0176,wheat,2009,4.523
IN-09-0176,wheat,2010,4.835
IN-09-0176,wheat,2011,5.473
IN-09-0176,wheat,2012,4.799
IN-09-0176,wheat,2013,4.97
IN-04-0177,wheat,1990,3.817
IN-04-0177,wheat,1991,3.852
IN-04-0177,wheat,1992,4.043
IN-04-0177,wheat,1993,3.983
IN-04-0177,wheat,1994,3.931
IN-04-0177,wheat,1995,3.978
IN-04-0177,wheat,1996,3.987
IN-04-0177,wheat,1997,4.129
IN-04-0177,wheat,1998,3.976
IN-04-0177,wheat,1999,4.441
IN-04-0177,wheat,2000,4.283
IN-04-0177,wheat,2001,4.174
IN-04-0177,wheat,2002,4.064
IN-04-0177,wheat,2003,4.137
IN-04-0177,wheat,2004,4.154
IN-04-0177,wheat,2005,3.701
IN-04-0177,wheat,2006,4.392
IN-04-0177,wheat,2007,3.919
IN-04-0177,wheat,2008,4.827
IN-04-0177,wheat,2009,4.134
IN-04-0177,wheat,2010,4.626
IN-04-0177,wheat,2011,5.095
IN-04-0177,wheat,2012,4.262
IN-04-0177,wheat,2013,4.478
IN-04-0178,wheat,1990,3.689
IN-04-0178,wheat,1991,4.033
IN-04-0178,wheat,1992,4.044
IN-04-0178,wheat,1993,3.8
IN-04-0178,wheat,1994,3.905
IN-04-0178,wheat,1995,3.944
IN-04-0178,wheat,1996,4.091
IN-04-0178,wheat,1997,3.925
IN-04-0178,wheat,1998,4.247
IN-04-0178,wheat,1999,4.293
IN-04-0178,wheat,2000,4.155
IN-04-0178,wheat,2001,4.158
IN-04-0178,wheat,2002,4.023
IN-04-0178,wheat,2003,4.121
IN-04-0178,wheat,2004,3.913
IN-04-0178,wheat,2005,3.433
IN-04-0178,wheat,2006,4.58
IN-04-0178,wheat,2007,4.262
IN-04-0178,wheat,2008,4.995
IN-04-0178,wheat,2009,4.019
IN-04-0178,wheat,2010,5.131
IN-04-0178,wheat,2011,5.358
IN-04-0178,wheat,2012,4.848
IN-04-0178,wheat,2013,5.347
IN-04-0179,wheat,1990,3.322
IN-04-0179,wheat,1991,3.167
IN-04-0179,wheat,1992,3.191
IN-04-0179,wheat,1993,3.301
IN-04-0179,wheat,1994,3.462
IN-04-0179,wheat,1995,3.573
IN-04-0179,wheat,1996,3.92
IN-04-0179,wheat,1997,3.559
IN-04-0179,wheat,1998,3.558
IN-04-0179,wheat,1999,3.312
IN-04-0179,wheat,2000,3.292
IN-04-0179,wheat,2001,3.29
IN-04-0179,wheat,2002,3.328
IN-04-0179,wheat,2003,3.5
IN-04-0179,wheat,2004,3.278
IN-04-0179,wheat,2005,3.288
IN-04-0179,wheat,2006,3.956
IN-04-0179,wheat,2007,3.39
IN-04-0179,wheat,2008,3.952
IN-04-0179,wheat,2009,3.582
IN-04-0179,wheat,2010,4.465
IN-04-0179,wheat,2011,4.293
IN-04-0179,wheat,2012,4.045
IN-04-0179,wheat,2013,4.228
IN-04-0180,wheat,1990,2.63
IN-04-0180,wheat,1991,3.026
IN-04-0180,wheat,1992,2.843
IN-04-0180,wheat,1993,2.881
IN-04-0180,wheat,1994,3.174
IN-04-0180,wheat,1995,3.4
IN-04-0180,wheat,1996,3.601
IN-04-0180,wheat,1997,3.561
IN-04-0180,wheat,1998,3.209
IN-04-0180,wheat,1999,3.75
IN-04-0180,wheat,2000,3.524
IN-04-0180,wheat,2001,3.478
IN-04-0180,wheat,2002,3.693
IN-04-0180,wheat,2003,3.58
IN-04-0180,wheat,2004,3.524
IN-04-0180,wheat,2005,3.522
IN-04-0180,wheat,2006,3.924
IN-04-0180,wheat,2007,3.914
IN-04-0180,wheat,2008,4.242
IN-04-0180,wheat,2009,4.399
IN-04-0180,wheat,2010,4.724
IN-04-0180,wheat,2011,4.924
IN-04-0180,wheat,2012,4.589
IN-04-0180,wheat,2013,4.479
IN-04-0181,wheat,1990,3.375
IN-04-0181,wheat,1991,3.412
IN-04-0181,wheat,1992,3.634
IN-04-0181,wheat,1993,3.695
IN-04-0181,wheat,1994,3.731
IN-04-0181,wheat,1995,3.711
IN-04-0181,wheat,1996,3.848
IN-04-0181,wheat,1997,3.606
IN-04-0181,wheat,1998,4.055
IN-04-0181,wheat,1999,4.234
IN-04-0181,wheat,2000,4.315
IN-04-0181,wheat,2001,4.241
IN-04-0181,wheat,2002,4.204
IN-04-0181,wheat,2003,3.958
IN-04-0181,wheat,2004,4.152
IN-04-0181,wheat,2005,4.008
IN-04-0181,wheat,2006,4.205
IN-04-0181,wheat,2007,4.185
IN-04-0181,wheat,2008,4.786
IN-04-0181,wheat,2009,4.34
IN-04-0181,wheat,2010,4.551
IN-04-0181,wheat,2011,5.245
IN-04-0181,wheat,2012,4.269
IN-04-0181,wheat,2013,4.548
IN-04-0182,wheat,1990,3.75
IN-04-0182,wheat,1991,3.91
IN-04-0182,wheat,1992,3.78
IN-04-0182,wheat,1993,3.887
IN-04-0182,wheat,1994,3.901
IN-04-0182,wheat,1995,4.061
IN-04-0182,wheat,1996,4.049
IN-04-0182,wheat,1997,4.201
IN-04-0182,wheat,1998,4.133
IN-04-0182,wheat,1999,4.103
IN-04-0182,wheat,2000,3.699
IN-04-0182,wheat,2001,3.723
IN-04-0182,wheat,2002,3.991
IN-04-0182,wheat,2003,3.953
IN-04-0182,wheat,2004,3.795
IN-04-0182,wheat,2005,4.099
IN-04-0182,wheat,2006,4.014
IN-04-0182,wheat,2007,3.731
IN-04-0182,wheat,2008,4.718
IN-04-0182,wheat,2009,3.907
IN-04-0182,wheat,2010,4.63
IN-04-0182,wheat,2011,4.61
IN-04-0182,wheat,2012,4.781
IN-04-0182,wheat,2013,5.022
IN-04-0183,wheat,1990,2.917
IN-04-0183,wheat,1991,2.743
IN-04-0183,wheat,1992,2.803
IN-04-0183,wheat,1993,2.866
IN-04-0183,wheat,1994,2.823
IN-04-0183,wheat,1995,3.243
IN-04-0183,wheat,1996,3.557
IN-04-0183,wheat,1997,3.156
IN-04-0183,wheat,1998,3.787
IN-04-0183,wheat,1999,4.145
IN-04-0183,wheat,2000,3.481
IN-04-0183,wheat,2001,3.763
IN-04-0183,wheat,2002,3.561
IN-04-0183,wheat,2003,3.262
IN-04-0183,wheat,2004,3.243
IN-04-0183,wheat,2005,3.783
IN-04-0183,wheat,2006,3.819
IN-04-0183,wheat,2007,3.978
IN-04-0183,wheat,2008,3.696
IN-04-0183,wheat,2009,3.982
IN-04-0183,wheat,2010,3.618
IN-04-0183,wheat,2011,4.862
IN-04-0183,wheat,2012,4.199
IN-04-0183,wheat,2013,4.628
IN-04-0184,wheat,1990,3.868
IN-04-0184,wheat,1991,3.891
IN-04-0184,wheat,1992,3.767
IN-04-0184,wheat,1993,3.703
IN-04-0184,wheat,1994,3.743
IN-04-0184,wheat,1995,3.63
IN-04-0184,wheat,1996,4.02
IN-04-0184,wheat,1997,3.54
IN-04-0184,wheat,1998,4.131
IN-04-0184,wheat,1999,4.401
IN-04-0184,wheat,2000,4.619
IN-04-0184,wheat,2001,4.586
IN-04-0184,wheat,2002,4.352
IN-04-0184,wheat,2003,4.133
IN-04-0184,wheat,2004,4.188
IN-04-0184,wheat,2005,4.369
IN-04-0184,wheat,2006,4.433
IN-04-0184,wheat,2007,4.638
IN-04-0184,wheat,2008,4.599
IN-04-0184,wheat,2009,4.51
IN-04-0184,wheat,2010,4.45
IN-04-0184,wheat,2011,5.675
IN-04-0184,wheat,2012,4.676
IN-04-0184,wheat,2013,4.913
IN-04-0185,wheat,1990,3.802
IN-04-0185,wheat,1991,3.809
IN-04-0185,wheat,1992,3.803
IN-04-0185,wheat,1993,3.685
IN-04-0185,wheat,1994,3.721
IN-04-0185,wheat,1995,3.768
IN-04-0185,wheat,1996,4.065
IN-04-0185,wheat,1997,3.841
IN-04-0185,wheat,1998,4.274
IN-04-0185,wheat,1999,4.563
IN-04-0185,wheat,2000,4.646
IN-04-0185,wheat,2001,4.447
IN-04-0185,wheat,2002,4.338
IN-04-0185,wheat,2003,4.027
IN-04-0185,wheat,2004,4.067
IN-04-0185,wheat,2005,4.57
IN-04-0185,wheat,2006,4.66
IN-04-0185,wheat,2007,4.755
IN-04-0185,wheat,2008,4.379
IN-04-0185,wheat,2009,4.606
IN-04-0185,wheat,2010,4.466
IN-04-0185,wheat,2011,5.438
IN-04-0185,wheat,2012,4.669
IN-04-0185,wheat,2013,4.875
IN-04-0186,wheat,1990,3.089
IN-04-0186,wheat,1991,3.155
IN-04-0186,wheat,1992,3.299
IN-04-0186,wheat,1993,3.64
IN-04-0186,wheat,1994,3.644
IN-04-0186,wheat,1995,3.508
IN-04-0186,wheat,1996,3.608
IN-04-0186,wheat,1997,3.32
IN-04-0186,wheat,1998,3.759
IN-04-0186,wheat,1999,3.946
IN-04-0186,wheat,2000,3.839
IN-04-0186,wheat,2001,3.845
IN-04-0186,wheat,2002,3.98
IN-04-0186,wheat,2003,3.812
IN-04-0186,wheat,2004,3.662
IN-04-0186,wheat,2005,3.447
IN-04-0186,wheat,2006,3.97
IN-04-0186,wheat,2007,3.516
IN-04-0186,wheat,2008,4.341
IN-04-0186,wheat,2009,4.069
IN-04-0186,wheat,2010,4.567
IN-04-0186,wheat,2011,4.995
IN-04-0186,wheat,2012,3.739
IN-04-0186,wheat,2013,3.922
IN-04-0187,wheat,1990,3.304
IN-04-0187,wheat,1991,3.49
IN-04-0187,wheat,1992,3.574
IN-04-0187,wheat,1993,3.693
IN-04-0187,wheat,1994,3.704
IN-04-0187,wheat,1995,3.804
IN-04-0187,wheat,1996,3.831
IN-04-0187,wheat,1997,3.309
IN-04-0187,wheat,1998,3.692
IN-04-0187,wheat,1999,4.252
IN-04-0187,wheat,2000,4.0
IN-04-0187,wheat,2001,4.371
IN-04-0187,wheat,2002,4.33
IN-04-0187,wheat,2003,3.798
IN-04-0187,wheat,2004,3.986
IN-04-0187,wheat,2005,4.021
IN-04-0187,wheat,2006,4.556
IN-04-0187,wheat,2007,4.288
IN-04-0187,wheat,2008,4.826
IN-04-0187,wheat,2009,4.314
IN-04-0187,wheat,2010,4.656
IN-04-0187,wheat,2011,5.508
IN-04-0187,wheat,2012,4.527
IN-04-0187,wheat,2013,4.65
IN-04-0188,wheat,1990,2.922
IN-04-0188,wheat,1991,3.433
IN-04-0188,wheat,1992,3.474
IN-04-0188,wheat,1993,3.503
IN-04-0188,wheat,1994,3.663
IN-04-0188,wheat,1995,3.655
IN-04-0188,wheat,1996,3.89
IN-04-0188,wheat,1997,3.754
IN-04-0188,wheat,1998,3.558
IN-04-0188,wheat,1999,4.163
IN-04-0188,wheat,2000,4.028
IN-04-0188,wheat,2001,3.93
IN-04-0188,wheat,2002,4.093
IN-04-0188,wheat,2003,3.957
IN-04-0188,wheat,2004,3.874
IN-04-0188,wheat,2005,3.665
IN-04-0188,wheat,2006,3.712
IN-04-0188,wheat,2007,4.668
IN-04-0188,wheat,2008,4.718
IN-04-0188,wheat,2009,4.012
IN-04-0188,wheat,2010,4.574
IN-04-0188,wheat,2011,4.918
IN-04-0188,wheat,2012,4.54
IN-04-0188,wheat,2013,4.667
IN-12-0189,wheat,1990,2.305
IN-12-0189,wheat,1991,2.848
IN-12-0189,wheat,1992,2.467
IN-12-0189,wheat,1993,2.598
IN-12-0189,wheat,1994,2.672
IN-12-0189,wheat,1995,2.712
IN-12-0189,wheat,1996,2.925
IN-12-0189,wheat,1997,2.81
IN-12-0189,wheat,1998,2.811
IN-12-0189,wheat,1999,3.04
IN-12-0189,wheat,2000,2.945
IN-12-0189,wheat,2001,2.981
IN-12-0189,wheat,2002,2.875
IN-12-0189,wheat,2003,2.901
IN-12-0189,wheat,2004,2.665
IN-12-0189,wheat,2005,2.703
IN-12-0189,wheat,2006,2.939
IN-12-0189,wheat,2007,2.887
IN-12-0189,wheat,2008,2.971
IN-12-0189,wheat,2009,3.031
IN-12-0189,wheat,2010,3.004
IN-12-0189,wheat,2011,3.493
IN-12-0189,wheat,2012,3.389
IN-12-0189,wheat,2013,3.465
IN-12-0190,wheat,1990,2.921
IN-12-0190,wheat,1991,3.064
IN-12-0190,wheat,1992,2.967
IN-12-0190,wheat,1993,3.111
IN-12-0190,wheat,1994,3.065
IN-12-0190,wheat,1995,3.038
IN-12-0190,wheat,1996,3.241
IN-12-0190,wheat,1997,3.28
IN-12-0190,wheat,1998,3.023
IN-12-0190,wheat,1999,3.504
IN-12-0190,wheat,2000,3.49
IN-12-0190,wheat,2001,3.714
IN-12-0190,wheat,2002,3.351
IN-12-0190,wheat,2003,3.466
IN-12-0190,wheat,2004,3.298
IN-12-0190,wheat,2005,3.363
IN-12-0190,wheat,2006,3.237
IN-12-0190,wheat,2007,3.294
IN-12-0190,wheat,2008,3.279
IN-12-0190,wheat,2009,3.441
IN-12-0190,wheat,2010,3.377
IN-12-0190,wheat,2011,3.901
IN-12-0190,wheat,2012,3.648
IN-12-0190,wheat,2013,3.71
IN-12-0191,wheat,1990,3.366
IN-12-0191,wheat,1991,3.328
IN-12-0191,wheat,1992,3.224
IN-12-0191,wheat,1993,3.52
IN-12-0191,wheat,1994,3.449
IN-12-0191,wheat,1995,3.435
IN-12-0191,wheat,1996,3.576
IN-12-0191,wheat,1997,3.535
IN-12-0191,wheat,1998,3.518
IN-12-0191,wheat,1999,3.864
IN-12-0191,wheat,2000,3.617
IN-12-0191,wheat,2001,3.708
IN-12-0191,wheat,2002,3.662
IN-12-0191,wheat,2003,3.768
IN-12-0191,wheat,2004,3.618
IN-12-0191,wheat,2005,3.609
IN-12-0191,wheat,2006,3.721
IN-12-0191,wheat,2007,3.703
IN-12-0191,wheat,2008,3.584
IN-12-0191,wheat,2009,3.667
IN-12-0191,wheat,2010,4.073
IN-12-0191,wheat,2011,4.277
IN-12-0191,wheat,2012,4.446
IN-12-0191,wheat,2013,4.292
IN-12-0192,wheat,1990,3.057
IN-12-0192,wheat,1991,3.206
IN-12-0192,wheat,1992,3.607
IN-12-0192,wheat,1993,3.358
IN-12-0192,wheat,1994,3.515
IN-12-0192,wheat,1995,3.434
IN-12-0192,wheat,1996,3.259
IN-12-0192,wheat,1997,3.573
IN-12-0192,wheat,1998,3.637
IN-12-0192,wheat,1999,3.794
IN-12-0192,wheat,2000,3.786
IN-12-0192,wheat,2001,3.865
IN-12-0192,wheat,2002,3.953
IN-12-0192,wheat,2003,3.56
IN-12-0192,wheat,2004,3.443
IN-12-0192,wheat,2005,3.444
IN-12-0192,wheat,2006,3.771
IN-12-0192,wheat,2007,3.573
IN-12-0192,wheat,2008,3.959
IN-12-0192,wheat,2009,3.71
IN-12-0192,wheat,2010,3.946
IN-12-0192,wheat,2011,4.219
IN-12-0192,wheat,2012,4.377
IN-12-0192,wheat,2013,4.121
IN-12-0193,wheat,1990,2.999
IN-12-0193,wheat,1991,3.215
IN-12-0193,wheat,1992,3.138
IN-12-0193,wheat,1993,3.365
IN-12-0193,wheat,1994,3.682
IN-12-0193,wheat,1995,3.515
IN-12-0193,wheat,1996,3.464
IN-12-0193,wheat,1997,3.415
IN-12-0193,wheat,1998,3.302
IN-12-0193,wheat,1999,3.709
IN-12-0193,wheat,2000,3.452
IN-12-0193,wheat,2001,3.496
IN-12-0193,wheat,2002,3.63
IN-12-0193,wheat,2003,3.536
IN-12-0193,wheat,2004,3.431
IN-12-0193,wheat,2005,3.509
IN-12-0193,wheat,2006,4.004
IN-12-0193,wheat,2007,3.592
IN-12-0193,wheat,2008,4.021
IN-12-0193,wheat,2009,3.52
IN-12-0193,wheat,2010,4.159
IN-12-0193,wheat,2011,4.164
IN-12-0193,wheat,2012,4.377
IN-12-0193,wheat,2013,4.11
IN-12-0194,wheat,1990,2.715
IN-12-0194,wheat,1991,2.809
IN-12-0194,wheat,1992,2.717
IN-12-0194,wheat,1993,2.428
IN-12-0194,wheat,1994,3.059
IN-12-0194,wheat,1995,2.957
IN-12-0194,wheat,1996,3.208
IN-12-0194,wheat,1997,3.236
IN-12-0194,wheat,1998,3.231
IN-12-0194,wheat,1999,3.042
IN-12-0194,wheat,2000,3.354
IN-12-0194,wheat,2001,3.274
IN-12-0194,wheat,2002,3.38
IN-12-0194,wheat,2003,3.291
IN-12-0194,wheat,2004,2.893
IN-12-0194,wheat,2005,3.021
IN-12-0194,wheat,2006,2.857
IN-12-0194,wheat,2007,3.225
IN-12-0194,wheat,2008,3.388
IN-12-0194,wheat,2009,3.195
IN-12-0194,wheat,2010,3.543
IN-12-0194,wheat,2011,3.761
IN-12-0194,wheat,2012,3.586
IN-12-0194,wheat,2013,3.601
IN-12-0195,wheat,1990,2.633
IN-12-0195,wheat,1991,2.967
IN-12-0195,wheat,1992,2.978
IN-12-0195,wheat,1993,2.64
IN-12-0195,wheat,1994,3.167
IN-12-0195,wheat,1995,3.149
IN-12-0195,wheat,1996,3.232
IN-12-0195,wheat,1997,3.325
IN-12-0195,wheat,1998,3.003
IN-12-0195,wheat,1999,3.377
IN-12-0195,wheat,2000,3.411
IN-12-0195,wheat,2001,3.127
IN-12-0195,wheat,2002,3.513
IN-12-0195,wheat,2003,3.304
IN-12-0195,wheat,2004,3.121
IN-12-0195,wheat,2005,3.298
IN-12-0195,wheat,2006,2.814
IN-12-0195,wheat,2007,3.658
IN-12-0195,wheat,2008,3.821
IN-12-0195,wheat,2009,3.226
IN-12-0195,wheat,2010,3.749
IN-12-0195,wheat,2011,3.688
IN-12-0195,wheat,2012,3.707
IN-12-0195,wheat,2013,3.486
IN-12-0196,wheat,1990,2.733
IN-12-0196,wheat,1991,3.076
IN-12-0196,wheat,1992,3.072
IN-12-0196,wheat,1993,2.643
IN-12-0196,wheat,1994,3.179
IN-12-0196,wheat,1995,3.173
IN-12-0196,wheat,1996,3.425
IN-12-0196,wheat,1997,3.164
IN-12-0196,wheat,1998,3.647
IN-12-0196,wheat,1999,3.883
IN-12-0196,wheat,2000,3.054
IN-12-0196,wheat,2001,3.056
IN-12-0196,wheat,2002,3.299
IN-12-0196,wheat,2003,3.257
IN-12-0196,wheat,2004,3.234
IN-12-0196,wheat,2005,3.315
IN-12-0196,wheat,2006,2.758
IN-12-0196,wheat,2007,3.152
IN-12-0196,wheat,2008,3.292
IN-12-0196,wheat,2009,3.181
IN-12-0196,wheat,2010,3.703
IN-12-0196,wheat,2011,3.96
IN-12-0196,wheat,2012,3.855
IN-12-0196,wheat,2013,3.706
IN-12-0197,wheat,1990,2.599
IN-12-0197,wheat,1991,2.752
IN-12-0197,wheat,1992,2.544
IN-12-0197,wheat,1993,2.618
IN-12-0197,wheat,1994,2.92
IN-12-0197,wheat,1995,2.929
IN-12-0197,wheat,1996,2.679
IN-12-0197,wheat,1997,2.795
IN-12-0197,wheat,1998,2.956
IN-12-0197,wheat,1999,3.003
IN-12-0197,wheat,2000,3.26
IN-12-0197,wheat,2001,3.191
IN-12-0197,wheat,2002,3.06
IN-12-0197,wheat,2003,3.086
IN-12-0197,wheat,2004,2.691
IN-12-0197,wheat,2005,3.216
IN-12-0197,wheat,2006,2.973
IN-12-0197,wheat,2007,3.144
IN-12-0197,wheat,2008,3.352
IN-12-0197,wheat,2009,3.259
IN-12-0197,wheat,2010,3.486
IN-12-0197,wheat,2011,3.729
IN-12-0197,wheat,2012,3.597
IN-12-0197,wheat,2013,3.788
IN-12-0198,wheat,1990,2.591
IN-12-0198,wheat,1991,2.392
IN-12-0198,wheat,1992,2.402
IN-12-0198,wheat,1993,2.482
IN-12-0198,wheat,1994,2.569
IN-12-0198,wheat,1995,2.599
IN-12-0198,wheat,1996,2.791
IN-12-0198,wheat,1997,2.95
IN-12-0198,wheat,1998,2.783
IN-12-0198,wheat,1999,2.986
IN-12-0198,wheat,2000,3.243
IN-12-0198,wheat,2001,2.963
IN-12-0198,wheat,2002,2.769
IN-12-0198,wheat,2003,3.105
IN-12-0198,wheat,2004,2.519
IN-12-0198,wheat,2005,2.765
IN-12-0198,wheat,2006,2.834
IN-12-0198,wheat,2007,2.813
IN-12-0198,wheat,2008,3.197
IN-12-0198,wheat,2009,3.036
IN-12-0198,wheat,2010,3.239
IN-12-0198,wheat,2011,3.511
IN-12-0198,wheat,2012,3.4
IN-12-0198,wheat,2013,3.616
IN-12-0199,wheat,1990,2.235
IN-12-0199,wheat,1991,2.198
IN-12-0199,wheat,1992,2.043
IN-12-0199,wheat,1993,2.257
IN-12-0199,wheat,1994,2.435
IN-12-0199,wheat,1995,2.394
IN-12-0199,wheat,1996,2.714
IN-12-0199,wheat,1997,2.46
IN-12-0199,wheat,1998,2.596
IN-12-0199,wheat,1999,2.78
IN-12-0199,wheat,2000,2.69
IN-12-0199,wheat,2001,2.723
IN-12-0199,wheat,2002,2.642
IN-12-0199,wheat,2003,2.763
IN-12-0199,wheat,2004,2.456
IN-12-0199,wheat,2005,2.539
IN-12-0199,wheat,2006,2.844
IN-12-0199,wheat,2007,2.826
IN-12-0199,wheat,2008,2.98
IN-12-0199,wheat,2009,2.79
IN-12-0199,wheat,2010,2.907
IN-12-0199,wheat,2011,3.26
IN-12-0199,wheat,2012,3.324
IN-12-0199,wheat,2013,3.151
IN-12-0200,wheat,1990,2.393
IN-12-0200,wheat,1991,2.32
IN-12-0200,wheat,1992,2.095
IN-12-0200,wheat,1993,2.438
IN-12-0200,wheat,1994,2.587
IN-12-0200,wheat,1995,2.536
IN-12-0200,wheat,1996,2.746
IN-12-0200,wheat,1997,2.688
IN-12-0200,wheat,1998,2.883
IN-12-0200,wheat,1999,2.929
IN-12-0200,wheat,2000,3.051
IN-12-0200,wheat,2001,2.996
IN-12-0200,wheat,2002,2.704
IN-12-0200,wheat,2003,2.941
IN-12-0200,wheat,2004,2.497
IN-12-0200,wheat,2005,2.717
IN-12-0200,wheat,2006,3.005
IN-12-0200,wheat,2007,2.849
IN-12-0200,wheat,2008,3.197
IN-12-0200,wheat,2009,3.468
IN-12-0200,wheat,2010,3.395
IN-12-0200,wheat,2011,3.569
IN-12-0200,wheat,2012,2.231
IN-12-0200,wheat,2013,3.645
IN-12-0201,wheat,1990,2.384
IN-12-0201,wheat,1991,2.692
IN-12-0201,wheat,1992,2.48
IN-12-0201,wheat,1993,2.64
IN-12-0201,wheat,1994,2.729
IN-12-0201,wheat,1995,2.702
IN-12-0201,wheat,1996,3.111
IN-12-0201,wheat,1997,2.834
IN-12-0201,wheat,1998,2.819
IN-12-0201,wheat,1999,3.096
IN-12-0201,wheat,2000,3.166
IN-12-0201,wheat,2001,3.155
IN-12-0201,wheat,2002,2.945
IN-12-0201,wheat,2003,3.168
IN-12-0201,wheat,2004,2.574
IN-12-0201,wheat,2005,2.802
IN-12-0201,wheat,2006,3.03
IN-12-0201,wheat,2007,2.94
IN-12-0201,wheat,2008,3.23
IN-12-0201,wheat,2009,2.998
IN-12-0201,wheat,2010,3.124
IN-12-0201,wheat,2011,3.109
IN-12-0201,wheat,2012,3.066
IN-12-0201,wheat,2013,3.232
IN-12-0202,wheat,1990,2.467
IN-12-0202,wheat,1991,2.633
IN-12-0202,wheat,1992,2.372
IN-12-0202,wheat,1993,2.415
IN-12-0202,wheat,1994,3.14
IN-12-0202,wheat,1995,2.95
IN-12-0202,wheat,1996,3.205
IN-12-0202,wheat,1997,3.081
IN-12-0202,wheat,1998,2.768
IN-12-0202,wheat,1999,3.17
IN-12-0202,wheat,2000,3.277
IN-12-0202,wheat,2001,3.297
IN-12-0202,wheat,2002,3.174
IN-12-0202,wheat,2003,3.204
IN-12-0202,wheat,2004,3.098
IN-12-0202,wheat,2005,3.51
IN-12-0202,wheat,2006,3.458
IN-12-0202,wheat,2007,3.613
IN-12-0202,wheat,2008,3.604
IN-12-0202,wheat,2009,3.58
IN-12-0202,wheat,2010,3.596
IN-12-0202,wheat,2011,3.861
IN-12-0202,wheat,2012,3.611
IN-12-0202,wheat,2013,3.662
IN-12-0203,wheat,1990,2.371
IN-12-0203,wheat,1991,2.618
IN-12-0203,wheat,1992,2.364
IN-12-0203,wheat,1993,2.476
IN-12-0203,wheat,1994,2.784
IN-12-0203,wheat,1995,2.712
IN-12-0203,wheat,1996,3.156
IN-12-0203,wheat,1997,2.428
IN-12-0203,wheat,1998,2.759
IN-12-0203,wheat,1999,3.482
IN-12-0203,wheat,2000,3.236
IN-12-0203,wheat,2001,3.05
IN-12-0203,wheat,2002,3.003
IN-12-0203,wheat,2003,3.065
IN-12-0203,wheat,2004,3.098
IN-12-0203,wheat,2005,3.291
IN-12-0203,wheat,2006,3.337
IN-12-0203,wheat,2007,3.695
IN-12-0203,wheat,2008,3.636
IN-12-0203,wheat,2009,3.381
IN-12-0203,wheat,2010,3.79
IN-12-0203,wheat,2011,3.89
IN-12-0203,wheat,2012,3.193
IN-12-0203,wheat,2013,3.661
IN-12-0204,wheat,1990,2.424
IN-12-0204,wheat,1991,2.784
IN-12-0204,wheat,1992,2.938
IN-12-0204,wheat,1993,3.056
IN-12-0204,wheat,1994,3.391
IN-12-0204,wheat,1995,3.32
IN-12-0204,wheat,1996,3.315
IN-12-0204,wheat,1997,3.13
IN-12-0204,wheat,1998,3.238
IN-12-0204,wheat,1999,3.558
IN-12-0204,wheat,2000,3.658
IN-12-0204,wheat,2001,3.484
IN-12-0204,wheat,2002,3.039
IN-12-0204,wheat,2003,3.499
IN-12-0204,wheat,2004,2.981
IN-12-0204,wheat,2005,3.042
IN-12-0204,wheat,2006,3.226
IN-12-0204,wheat,2007,3.378
IN-12-0204,wheat,2008,3.469
IN-12-0204,wheat,2009,3.269
IN-12-0204,wheat,2010,3.411
IN-12-0204,wheat,2011,3.505
IN-12-0204,wheat,2012,3.472
IN-12-0204,wheat,2013,3.45
IN-12-0205,wheat,1990,2.319
IN-12-0205,wheat,1991,2.473
IN-12-0205,wheat,1992,2.411
IN-12-0205,wheat,1993,2.371
IN-12-0205,wheat,1994,2.573
IN-12-0205,wheat,1995,2.457
IN-12-0205,wheat,1996,2.729
IN-12-0205,wheat,1997,2.726
IN-12-0205,wheat,1998,2.542
IN-12-0205,wheat,1999,2.869
IN-12-0205,wheat,2000,2.665
IN-12-0205,wheat,2001,2.949
IN-12-0205,wheat,2002,2.738
IN-12-0205,wheat,2003,2.759
IN-12-0205,wheat,2004,2.664
IN-12-0205,wheat,2005,2.741
IN-12-0205,wheat,2006,2.952
IN-12-0205,wheat,2007,2.926
IN-12-0205,wheat,2008,2.99
IN-12-0205,wheat,2009,2.866
IN-12-0205,wheat,2010,3.049
IN-12-0205,wheat,2011,3.204
IN-12-0205,wheat,2012,4.13
IN-12-0205,wheat,2013,3.304
IN-12-0206,wheat,1990,2.731
IN-12-0206,wheat,1991,2.778
IN-12-0206,wheat,1992,2.763
IN-12-0206,wheat,1993,2.487
IN-12-0206,wheat,1994,3.052
IN-12-0206,wheat,1995,2.898
IN-12-0206,wheat,1996,3.198
IN-12-0206,wheat,1997,3.097
IN-12-0206,wheat,1998,3.042
IN-12-0206,wheat,1999,3.383
IN-12-0206,wheat,2000,3.346
IN-12-0206,wheat,2001,3.349
IN-12-0206,wheat,2002,3.178
IN-12-0206,wheat,2003,3.301
IN-12-0206,wheat,2004,2.919
IN-12-0206,wheat,2005,3.128
IN-12-0206,wheat,2006,3.261
IN-12-0206,wheat,2007,3.169
IN-12-0206,wheat,2008,3.436
IN-12-0206,wheat,2009,3.459
IN-12-0206,wheat,2010,3.59
IN-12-0206,wheat,2011,3.792
IN-12-0206,wheat,2012,3.614
IN-12-0206,wheat,2013,3.483
IN-12-0207,wheat,1990,2.559
IN-12-0207,wheat,1991,2.947
IN-12-0207,wheat,1992,2.957
IN-12-0207,wheat,1993,2.664
IN-12-0207,wheat,1994,2.885
IN-12-0207,wheat,1995,2.703
IN-12-0207,wheat,1996,3.174
IN-12-0207,wheat,1997,2.382
IN-12-0207,wheat,1998,3.169
IN-12-0207,wheat,1999,3.092
IN-12-0207,wheat,2000,2.742
IN-12-0207,wheat,2001,2.983
IN-12-0207,wheat,2002,3.115
IN-12-0207,wheat,2003,3.124
IN-12-0207,wheat,2004,2.826
IN-12-0207,wheat,2005,3.048
IN-12-0207,wheat,2006,3.277
IN-12-0207,wheat,2007,2.773
IN-12-0207,wheat,2008,3.581
IN-12-0207,wheat,2009,2.912
IN-12-0207,wheat,2010,3.509
IN-12-0207,wheat,2011,3.732
IN-12-0207,wheat,2012,3.913
IN-12-0207,wheat,2013,3.734
IN-12-0209,wheat,1990,2.126
IN-12-0209,wheat,1991,2.255
IN-12-0209,wheat,1992,2.081
IN-12-0209,wheat,1993,2.122
IN-12-0209,wheat,1994,2.179
IN-12-0209,wheat,1995,2.329
IN-12-0209,wheat,1996,2.689
IN-12-0209,wheat,1997,2.381
IN-12-0209,wheat,1998,2.344
IN-12-0209,wheat,1999,2.551
IN-12-0209,wheat,2000,2.316
IN-12-0209,wheat,2001,2.514
IN-12-0209,wheat,2002,2.453
IN-12-0209,wheat,2003,2.626
IN-12-0209,wheat,2004,2.392
IN-12-0209,wheat,2005,2.154
IN-12-0209,wheat,2006,2.497
IN-12-0209,wheat,2007,2.59
IN-12-0209,wheat,2008,2.916
IN-12-0209,wheat,2009,2.736
IN-12-0209,wheat,2010,3.275
IN-12-0209,wheat,2011,3.275
IN-12-0209,wheat,2012,3.284
IN-12-0209,wheat,2013,3.416
IN-12-0210,wheat,1990,1.778
IN-12-0210,wheat,1991,2.117
IN-12-0210,wheat,1992,1.85
IN-12-0210,wheat,1993,1.97
IN-12-0210,wheat,1994,2.218
IN-12-0210,wheat,1995,2.156
IN-12-0210,wheat,1996,2.167
IN-12-0210,wheat,1997,2.089
IN-12-0210,wheat,1998,1.924
IN-12-0210,wheat,1999,2.341
IN-12-0210,wheat,2000,2.27
IN-12-0210,wheat,2001,2.107
IN-12-0210,wheat,2002,1.902
IN-12-0210,wheat,2003,2.523
IN-12-0210,wheat,2004,1.795
IN-12-0210,wheat,2005,1.941
IN-12-0210,wheat,2006,2.332
IN-12-0210,wheat,2007,2.219
IN-12-0210,wheat,2008,2.472
IN-12-0210,wheat,2009,2.147
IN-12-0210,wheat,2010,2.449
IN-12-0210,wheat,2011,2.628
IN-12-0210,wheat,2012,2.492
IN-12-0210,wheat,2013,2.436
IN-12-0211,wheat,1990,1.813
IN-12-0211,wheat,1991,1.976
IN-12-0211,wheat,1992,2.035
IN-12-0211,wheat,1993,2.03
IN-12-0211,wheat,1994,1.942
IN-12-0211,wheat,1995,2.09
IN-12-0211,wheat,1996,2.373
IN-12-0211,wheat,1997,2.246
IN-12-0211,wheat,1998,2.197
IN-12-0211,wheat,1999,2.622
IN-12-0211,wheat,2000,2.317
IN-12-0211,wheat,2001,2.78
IN-12-0211,wheat,2002,2.562
IN-12-0211,wheat,2003,2.629
IN-12-0211,wheat,2004,2.279
IN-12-0211,wheat,2005,2.156
IN-12-0211,wheat,2006,2.369
IN-12-0211,wheat,2007,1.933
IN-12-0211,wheat,2008,2.713
IN-12-0211,wheat,2009,2.519
IN-12-0211,wheat,2010,2.75
IN-12-0211,wheat,2011,3.13
IN-12-0211,wheat,2012,2.784
IN-12-0211,wheat,2013,1.535
IN-12-0212,wheat,1990,1.722
IN-12-0212,wheat,1991,1.601
IN-12-0212,wheat,1992,1.91
IN-12-0212,wheat,1993,1.784
IN-12-0212,wheat,1994,2.045
IN-12-0212,wheat,1995,1.978
IN-12-0212,wheat,1996,1.841
IN-12-0212,wheat,1997,1.845
IN-12-0212,wheat,1998,1.908
IN-12-0212,wheat,1999,2.027
IN-12-0212,wheat,2000,1.608
IN-12-0212,wheat,2001,1.819
IN-12-0212,wheat,2002,1.645
IN-12-0212,wheat,2003,2.02
IN-12-0212,wheat,2004,1.993
IN-12-0212,wheat,2005,1.624
IN-12-0212,wheat,2006,1.858
IN-12-0212,wheat,2007,1.562
IN-12-0212,wheat,2008,2.149
IN-12-0212,wheat,2009,2.374
IN-12-0212,wheat,2010,2.359
IN-12-0212,wheat,2011,2.648
IN-12-0212,wheat,2012,2.681
IN-12-0212,wheat,2013,2.088
IN-12-0213,wheat,1990,2.025
IN-12-0213,wheat,1991,2.205
IN-12-0213,wheat,1992,2.179
IN-12-0213,wheat,1993,2.29
IN-12-0213,wheat,1994,2.054
IN-12-0213,wheat,1995,2.383
IN-12-0213,wheat,1996,2.776
IN-12-0213,wheat,1997,2.29
IN-12-0213,wheat,1998,2.851
IN-12-0213,wheat,1999,3.259
IN-12-0213,wheat,2000,2.882
IN-12-0213,wheat,2001,3.295
IN-12-0213,wheat,2002,3.054
IN-12-0213,wheat,2003,2.983
IN-12-0213,wheat,2004,3.179
IN-12-0213,wheat,2005,3.073
IN-12-0213,wheat,2006,2.82
IN-12-0213,wheat,2007,1.777
IN-12-0213,wheat,2008,3.127
IN-12-0213,wheat,2009,2.76
IN-12-0213,wheat,2010,3.197
IN-12-0213,wheat,2011,3.362
IN-12-0213,wheat,2012,3.212
IN-12-0213,wheat,2013,2.98
IN-12-0214,wheat,1990,1.588
IN-12-0214,wheat,1991,1.514
IN-12-0214,wheat,1992,1.668
IN-12-0214,wheat,1993,1.662
IN-12-0214,wheat,1994,1.753
IN-12-0214,wheat,1995,1.607
IN-12-0214,wheat,1996,1.932
IN-12-0214,wheat,1997,1.818
IN-12-0214,wheat,1998,2.131
IN-12-0214,wheat,1999,2.389
IN-12-0214,wheat,2000,2.002
IN-12-0214,wheat,2001,2.201
IN-12-0214,wheat,2002,2.149
IN-12-0214,wheat,2003,2.313
IN-12-0214,wheat,2004,1.734
IN-12-0214,wheat,2005,2.298
IN-12-0214,wheat,2006,2.044
IN-12-0214,wheat,2007,1.929
IN-12-0214,wheat,2008,2.472
IN-12-0214,wheat,2009,2.522
IN-12-0214,wheat,2010,2.665
IN-12-0214,wheat,2011,2.921
IN-12-0214,wheat,2012,2.848
IN-12-0214,wheat,2013,2.683
IN-12-0215,wheat,1990,1.2
IN-12-0215,wheat,1991,1.133
IN-12-0215,wheat,1992,1.324
IN-12-0215,wheat,1993,1.444
IN-12-0215,wheat,1994,1.477
IN-12-0215,wheat,1995,1.499
IN-12-0215,wheat,1996,1.492
IN-12-0215,wheat,1997,1.276
IN-12-0215,wheat,1998,1.588
IN-12-0215,wheat,1999,1.551
IN-12-0215,wheat,2000,1.382
IN-12-0215,wheat,2001,1.836
IN-12-0215,wheat,2002,1.486
IN-12-0215,wheat,2003,1.807
IN-12-0215,wheat,2004,1.555
IN-12-0215,wheat,2005,1.411
IN-12-0215,wheat,2006,1.465
IN-12-0215,wheat,2007,1.357
IN-12-0215,wheat,2008,1.82
IN-12-0215,wheat,2009,1.677
IN-12-0215,wheat,2010,1.804
IN-12-0215,wheat,2011,2.1
IN-12-0215,wheat,2012,2.231
IN-12-0215,wheat,2013,1.901
IN-12-0216,wheat,1990,2.021
IN-12-0216,wheat,1991,2.575
IN-12-0216,wheat,1992,2.297
IN-12-0216,wheat,1993,2.555
IN-12-0216,wheat,1994,2.344
IN-12-0216,wheat,1995,2.266
IN-12-0216,wheat,1996,2.74
IN-12-0216,wheat,1997,2.884
IN-12-0216,wheat,1998,2.256
IN-12-0216,wheat,1999,2.707
IN-12-0216,wheat,2000,2.528
IN-12-0216,wheat,2001,2.55
IN-12-0216,wheat,2002,2.126
IN-12-0216,wheat,2003,2.6
IN-12-0216,wheat,2004,1.901
IN-12-0216,wheat,2005,2.146
IN-12-0216,wheat,2006,2.533
IN-12-0216,wheat,2007,2.541
IN-12-0216,wheat,2008,2.823
IN-12-0216,wheat,2009,2.511
IN-12-0216,wheat,2010,2.781
IN-12-0216,wheat,2011,3.019
IN-12-0216,wheat,2012,3.079
IN-12-0216,wheat,2013,2.723
IN-12-0217,wheat,1990,1.403
IN-12-0217,wheat,1991,1.607
IN-12-0217,wheat,1992,1.67
IN-12-0217,wheat,1993,1.976
IN-12-0217,wheat,1994,2.222
IN-12-0217,wheat,1995,2.136
IN-12-0217,wheat,1996,1.981
IN-12-0217,wheat,1997,1.758
IN-12-0217,wheat,1998,1.968
IN-12-0217,wheat,1999,2.152
IN-12-0217,wheat,2000,1.977
IN-12-0217,wheat,2001,1.951
IN-12-0217,wheat,2002,1.901
IN-12-0217,wheat,2003,2.13
IN-12-0217,wheat,2004,1.449
IN-12-0217,wheat,2005,1.61
IN-12-0217,wheat,2006,2.034
IN-12-0217,wheat,2007,1.883
IN-12-0217,wheat,2008,1.911
IN-12-0217,wheat,2009,1.984
IN-12-0217,wheat,2010,2.315
IN-12-0217,wheat,2011,2.461
IN-12-0217,wheat,2012,2.624
IN-12-0217,wheat,2013,2.547
IN-12-0218,wheat,1990,2.115
IN-12-0218,wheat,1991,2.34
IN-12-0218,wheat,1992,2.225
IN-12-0218,wheat,1993,2.251
IN-12-0218,wheat,1994,2.452
IN-12-0218,wheat,1995,2.539
IN-12-0218,wheat,1996,2.449
IN-12-0218,wheat,1997,2.351
IN-12-0218,wheat,1998,2.272
IN-12-0218,wheat,1999,2.354
IN-12-0218,wheat,2000,2.576
IN-12-0218,wheat,2001,2.421
IN-12-0218,wheat,2002,2.321
IN-12-0218,wheat,2003,2.359
IN-12-0218,wheat,2004,2.091
IN-12-0218,wheat,2005,2.384
IN-12-0218,wheat,2006,2.673
IN-12-0218,wheat,2007,2.651
IN-12-0218,wheat,2008,2.852
IN-12-0218,wheat,2009,2.72
IN-12-0218,wheat,2010,2.857
IN-12-0218,wheat,2011,3.188
IN-12-0218,wheat,2012,3.113
IN-12-0218,wheat,2013,2.862
IN-12-0219,wheat,1990,2.261
IN-12-0219,wheat,1991,2.509
IN-12-0219,wheat,1992,2.135
IN-12-0219,wheat,1993,2.307
IN-12-0219,wheat,1994,2.283
IN-12-0219,wheat,1995,2.21
IN-12-0219,wheat,1996,2.448
IN-12-0219,wheat,1997,2.17
IN-12-0219,wheat,1998,2.058
IN-12-0219,wheat,1999,2.271
IN-12-0219,wheat,2000,2.327
IN-12-0219,wheat,2001,2.254
IN-12-0219,wheat,2002,1.815
IN-12-0219,wheat,2003,2.268
IN-12-0219,wheat,2004,1.814
IN-12-0219,wheat,2005,2.192
IN-12-0219,wheat,2006,2.422
IN-12-0219,wheat,2007,2.422
IN-12-0219,wheat,2008,2.658
IN-12-0219,wheat,2009,2.762
IN-12-0219,wheat,2010,2.701
IN-12-0219,wheat,2011,2.811
IN-12-0219,wheat,2012,2.873
IN-12-0219,wheat,2013,2.626
IN-12-0220,wheat,1990,1.853
IN-12-0220,wheat,1991,2.132
IN-12-0220,wheat,1992,2.051
IN-12-0220,wheat,1993,2.401
IN-12-0220,wheat,1994,2.179
IN-12-0220,wheat,1995,2.251
IN-12-0220,wheat,1996,2.597
IN-12-0220,wheat,1997,2.483
IN-12-0220,wheat,1998,2.274
IN-12-0220,wheat,1999,2.66
IN-12-0220,wheat,2000,2.373
IN-12-0220,wheat,2001,2.405
IN-12-0220,wheat,2002,2.038
IN-12-0220,wheat,2003,2.348
IN-12-0220,wheat,2004,1.826
IN-12-0220,wheat,2005,2.112
IN-12-0220,wheat,2006,2.473
IN-12-0220,wheat,2007,2.602
IN-12-0220,wheat,2008,2.695
IN-12-0220,wheat,2009,2.542
IN-12-0220,wheat,2010,2.935
IN-12-0220,wheat,2011,3.25
IN-12-0220,wheat,2012,3.378
IN-12-0220,wheat,2013,2.872
IN-12-0221,wheat,1990,1.819
IN-12-0221,wheat,1991,2.305
IN-12-0221,wheat,1992,2.155
IN-12-0221,wheat,1993,2.201
IN-12-0221,wheat,1994,2.37
IN-12-0221,wheat,1995,2.266
IN-12-0221,wheat,1996,2.523
IN-12-0221,wheat,1997,2.246
IN-12-0221,wheat,1998,2.312
IN-12-0221,wheat,1999,2.428
IN-12-0221,wheat,2000,2.386
IN-12-0221,wheat,2001,2.64
IN-12-0221,wheat,2002,2.101
IN-12-0221,wheat,2003,2.365
IN-12-0221,wheat,2004,2.397
IN-12-0221,wheat,2005,2.194
IN-12-0221,wheat,2006,2.528
IN-12-0221,wheat,2007,2.867
IN-12-0221,wheat,2008,2.712
IN-12-0221,wheat,2009,2.643
IN-12-0221,wheat,2010,2.934
IN-12-0221,wheat,2011,3.059
IN-12-0221,wheat,2012,3.114
IN-12-0221,wheat,2013,3.247
IN-12-0222,wheat,1990,2.031
IN-12-0222,wheat,1991,2.4
IN-12-0222,wheat,1992,2.26
IN-12-0222,wheat,1993,2.325
IN-12-0222,wheat,1994,2.366
IN-12-0222,wheat,1995,2.322
IN-12-0222,wheat,1996,2.664
IN-12-0222,wheat,1997,2.304
IN-12-0222,wheat,1998,2.37
IN-12-0222,wheat,1999,2.667
IN-12-0222,wheat,2000,2.776
IN-12-0222,wheat,2001,2.625
IN-12-0222,wheat,2002,2.176
IN-12-0222,wheat,2003,2.564
IN-12-0222,wheat,2004,2.368
IN-12-0222,wheat,2005,2.185
IN-12-0222,wheat,2006,2.51
IN-12-0222,wheat,2007,2.75
IN-12-0222,wheat,2008,2.711
IN-12-0222,wheat,2009,2.537
IN-12-0222,wheat,2010,2.964
IN-12-0222,wheat,2011,3.098
IN-12-0222,wheat,2012,3.107
IN-12-0222,wheat,2013,3.024
IN-12-0223,wheat,1990,1.92
IN-12-0223,wheat,1991,1.96
IN-12-0223,wheat,1992,1.905
IN-12-0223,wheat,1993,2.165
IN-12-0223,wheat,1994,2.461
IN-12-0223,wheat,1995,2.304
IN-12-0223,wheat,1996,2.537
IN-12-0223,wheat,1997,2.43
IN-12-0223,wheat,1998,2.26
IN-12-0223,wheat,1999,2.69
IN-12-0223,wheat,2000,2.538
IN-12-0223,wheat,2001,2.399
IN-12-0223,wheat,2002,2.075
IN-12-0223,wheat,2003,2.368
IN-12-0223,wheat,2004,2.345
IN-12-0223,wheat,2005,2.285
IN-12-0223,wheat,2006,2.376
IN-12-0223,wheat,2007,2.403
IN-12-0223,wheat,2008,2.774
IN-12-0223,wheat,2009,2.464
IN-12-0223,wheat,2010,2.77
IN-12-0223,wheat,2011,3.149
IN-12-0223,wheat,2012,2.913
IN-12-0223,wheat,2013,3.218
IN-12-0224,wheat,1990,2.236
IN-12-0224,wheat,1991,2.165
IN-12-0224,wheat,1992,2.203
IN-12-0224,wheat,1993,2.127
IN-12-0224,wheat,1994,2.247
IN-12-0224,wheat,1995,2.164
IN-12-0224,wheat,1996,2.52
IN-12-0224,wheat,1997,2.339
IN-12-0224,wheat,1998,2.451
IN-12-0224,wheat,1999,2.47
IN-12-0224,wheat,2000,2.236
IN-12-0224,wheat,2001,2.386
IN-12-0224,wheat,2002,2.003
IN-12-0224,wheat,2003,2.489
IN-12-0224,wheat,2004,2.118
IN-12-0224,wheat,2005,2.398
IN-12-0224,wheat,2006,2.456
IN-12-0224,wheat,2007,2.594
IN-12-0224,wheat,2008,2.724
IN-12-0224,wheat,2009,2.584
IN-12-0224,wheat,2010,2.801
IN-12-0224,wheat,2011,2.89
IN-12-0224,wheat,2012,2.943
IN-12-0224,wheat,2013,3.095
IN-12-0225,wheat,1990,2.071
IN-12-0225,wheat,1991,2.318
IN-12-0225,wheat,1992,1.945
IN-12-0225,wheat,1993,1.852
IN-12-0225,wheat,1994,2.268
IN-12-0225,wheat,1995,2.224
IN-12-0225,wheat,1996,2.486
IN-12-0225,wheat,1997,2.204
IN-12-0225,wheat,1998,1.971
IN-12-0225,wheat,1999,2.535
IN-12-0225,wheat,2000,2.605
IN-12-0225,wheat,2001,2.488
IN-12-0225,wheat,2002,2.412
IN-12-0225,wheat,2003,2.325
IN-12-0225,wheat,2004,2.42
IN-12-0225,wheat,2005,2.367
IN-12-0225,wheat,2006,2.677
IN-12-0225,wheat,2007,2.574
IN-12-0225,wheat,2008,2.729
IN-12-0225,wheat,2009,2.731
IN-12-0225,wheat,2010,2.83
IN-12-0225,wheat,2011,2.717
IN-12-0225,wheat,2012,2.872
IN-12-0225,wheat,2013,2.972
IN-12-0226,wheat,1990,1.815
IN-12-0226,wheat,1991,2.154
IN-12-0226,wheat,1992,1.929
IN-12-0226,wheat,1993,1.864
IN-12-0226,wheat,1994,2.257
IN-12-0226,wheat,1995,2.245
IN-12-0226,wheat,1996,2.277
IN-12-0226,wheat,1997,2.255
IN-12-0226,wheat,1998,2.18
IN-12-0226,wheat,1999,2.497
IN-12-0226,wheat,2000,2.277
IN-12-0226,wheat,2001,2.456
IN-12-0226,wheat,2002,2.522
IN-12-0226,wheat,2003,2.587
IN-12-0226,wheat,2004,2.425
IN-12-0226,wheat,2005,2.376
IN-12-0226,wheat,2006,2.862
IN-12-0226,wheat,2007,2.647
IN-12-0226,wheat,2008,2.955
IN-12-0226,wheat,2009,2.756
IN-12-0226,wheat,2010,2.964
IN-12-0226,wheat,2011,3.02
IN-12-0226,wheat,2012,2.857
IN-12-0226,wheat,2013,3.048
IN-12-0227,wheat,1990,1.65
IN-12-0227,wheat,1991,1.839
IN-12-0227,wheat,1992,1.866
IN-12-0227,wheat,1993,1.848
IN-12-0227,wheat,1994,2.056
IN-12-0227,wheat,1995,1.98
IN-12-0227,wheat,1996,2.192
IN-12-0227,wheat,1997,1.921
IN-12-0227,wheat,1998,2.035
IN-12-0227,wheat,1999,2.325
IN-12-0227,wheat,2000,2.188
IN-12-0227,wheat,2001,2.217
IN-12-0227,wheat,2002,2.038
IN-12-0227,wheat,2003,2.297
IN-12-0227,wheat,2004,2.15
IN-12-0227,wheat,2005,2.058
IN-12-0227,wheat,2006,2.341
IN-12-0227,wheat,2007,2.33
IN-12-0227,wheat,2008,2.547
IN-12-0227,wheat,2009,2.505
IN-12-0227,wheat,2010,2.699
IN-12-0227,wheat,2011,2.872
IN-12-0227,wheat,2012,2.836
IN-12-0227,wheat,2013,2.971
IN-12-0228,wheat,1990,1.987
IN-12-0228,wheat,1991,2.063
IN-12-0228,wheat,1992,1.783
IN-12-0228,wheat,1993,1.985
IN-12-0228,wheat,1994,2.187
IN-12-0228,wheat,1995,2.163
IN-12-0228,wheat,1996,2.464
IN-12-0228,wheat,1997,2.198
IN-12-0228,wheat,1998,2.228
IN-12-0228,wheat,1999,2.422
IN-12-0228,wheat,2000,2.23
IN-12-0228,wheat,2001,2.454
IN-12-0228,wheat,2002,2.442
IN-12-0228,wheat,2003,2.514
IN-12-0228,wheat,2004,2.27
IN-12-0228,wheat,2005,2.393
IN-12-0228,wheat,2006,2.736
IN-12-0228,wheat,2007,2.77
IN-12-0228,wheat,2008,2.927
IN-12-0228,wheat,2009,2.648
IN-12-0228,wheat,2010,3.063
IN-12-0228,wheat,2011,3.16
IN-12-0228,wheat,2012,3.182
IN-12-0228,wheat,2013,3.089
IN-12-0229,wheat,1990,2.306
IN-12-0229,wheat,1991,2.501
IN-12-0229,wheat,1992,2.291
IN-12-0229,wheat,1993,2.33
IN-12-0229,wheat,1994,2.767
IN-12-0229,wheat,1995,2.534
IN-12-0229,wheat,1996,2.855
IN-12-0229,wheat,1997,2.469
IN-12-0229,wheat,1998,2.531
IN-12-0229,wheat,1999,2.787
IN-12-0229,wheat,2000,2.713
IN-12-0229,wheat,2001,2.603
IN-12-0229,wheat,2002,2.862
IN-12-0229,wheat,2003,2.829
IN-12-0229,wheat,2004,2.626
IN-12-0229,wheat,2005,2.664
IN-12-0229,wheat,2006,3.004
IN-12-0229,wheat,2007,2.982
IN-12-0229,wheat,2008,3.099
IN-12-0229,wheat,2009,3.096
IN-12-0229,wheat,2010,3.336
IN-12-0229,wheat,2011,3.649
IN-12-0229,wheat,2012,3.178
IN-12-0229,wheat,2013,3.553
IN-12-0230,wheat,1990,2.335
IN-12-0230,wheat,1991,2.33
IN-12-0230,wheat,1992,1.812
IN-12-0230,wheat,1993,2.262
IN-12-0230,wheat,1994,2.622
IN-12-0230,wheat,1995,2.292
IN-12-0230,wheat,1996,2.46
IN-12-0230,wheat,1997,2.271
IN-12-0230,wheat,1998,2.426
IN-12-0230,wheat,1999,2.774
IN-12-0230,wheat,2000,2.668
IN-12-0230,wheat,2001,2.988
IN-12-0230,wheat,2002,2.701
IN-12-0230,wheat,2003,2.855
IN-12-0230,wheat,2004,2.787
IN-12-0230,wheat,2005,2.766
IN-12-0230,wheat,2006,3.012
IN-12-0230,wheat,2007,3.177
IN-12-0230,wheat,2008,3.369
IN-12-0230,wheat,2009,2.963
IN-12-0230,wheat,2010,3.416
IN-12-0230,wheat,2011,3.46
IN-12-0230,wheat,2012,3.482
IN-12-0230,wheat,2013,3.607
IN-12-0231,wheat,1990,2.142
IN-12-0231,wheat,1991,2.3
IN-12-0231,wheat,1992,2.089
IN-12-0231,wheat,1993,2.344
IN-12-0231,wheat,1994,2.53
IN-12-0231,wheat,1995,2.502
IN-12-0231,wheat,1996,2.676
IN-12-0231,wheat,1997,2.397
IN-12-0231,wheat,1998,2.23
IN-12-0231,wheat,1999,2.626
IN-12-0231,wheat,2000,2.358
IN-12-0231,wheat,2001,2.392
IN-12-0231,wheat,2002,2.179
IN-12-0231,wheat,2003,2.638
IN-12-0231,wheat,2004,2.377
IN-12-0231,wheat,2005,2.607
IN-12-0231,wheat,2006,2.683
IN-12-0231,wheat,2007,2.757
IN-12-0231,wheat,2008,2.811
IN-12-0231,wheat,2009,2.605
IN-12-0231,wheat,2010,2.814
IN-12-0231,wheat,2011,2.956
IN-12-0231,wheat,2012,2.959
IN-12-0231,wheat,2013,2.467
IN-12-0232,wheat,1990,1.909
IN-12-0232,wheat,1991,2.085
IN-12-0232,wheat,1992,1.857
IN-12-0232,wheat,1993,2.112
IN-12-0232,wheat,1994,2.334
IN-12-0232,wheat,1995,2.253
IN-12-0232,wheat,1996,2.544
IN-12-0232,wheat,1997,2.423
IN-12-0232,wheat,1998,2.577
IN-12-0232,wheat,1999,2.55
IN-12-0232,wheat,2000,2.601
IN-12-0232,wheat,2001,2.697
IN-12-0232,wheat,2002,2.49
IN-12-0232,wheat,2003,2.725
IN-12-0232,wheat,2004,2.363
IN-12-0232,wheat,2005,2.486
IN-12-0232,wheat,2006,2.738
IN-12-0232,wheat,2007,2.778
IN-12-0232,wheat,2008,2.912
IN-12-0232,wheat,2009,2.714
IN-12-0232,wheat,2010,2.931
IN-12-0232,wheat,2011,3.01
IN-12-0232,wheat,2012,2.914
IN-12-0232,wheat,2013,2.981
IN-12-0233,wheat,1990,1.965
IN-12-0233,wheat,1991,1.715
IN-12-0233,wheat,1992,1.724
IN-12-0233,wheat,1993,2.038
IN-12-0233,wheat,1994,1.95
IN-12-0233,wheat,1995,1.946
IN-12-0233,wheat,1996,2.231
IN-12-0233,wheat,1997,2.165
IN-12-0233,wheat,1998,2.136
IN-12-0233,wheat,1999,2.481
IN-12-0233,wheat,2000,2.287
IN-12-0233,wheat,2001,2.482
IN-12-0233,wheat,2002,2.467
IN-12-0233,wheat,2003,2.726
IN-12-0233,wheat,2004,2.457
IN-12-0233,wheat,2005,2.41
IN-12-0233,wheat,2006,2.644
IN-12-0233,wheat,2007,2.747
IN-12-0233,wheat,2008,2.835
IN-12-0233,wheat,2009,2.599
IN-12-0233,wheat,2010,2.904
IN-12-0233,wheat,2011,3.069
IN-12-0233,wheat,2012,2.845
IN-12-0233,wheat,2013,3.234
IN-12-0234,wheat,1990,1.836
IN-12-0234,wheat,1991,2.141
IN-12-0234,wheat,1992,2.035
IN-12-0234,wheat,1993,2.034
IN-12-0234,wheat,1994,2.203
IN-12-0234,wheat,1995,2.085
IN-12-0234,wheat,1996,2.699
IN-12-0234,wheat,1997,2.638
IN-12-0234,wheat,1998,2.407
IN-12-0234,wheat,1999,2.704
IN-12-0234,wheat,2000,2.535
IN-12-0234,wheat,2001,2.637
IN-12-0234,wheat,2002,2.566
IN-12-0234,wheat,2003,2.767
IN-12-0234,wheat,2004,2.529
IN-12-0234,wheat,2005,2.581
IN-12-0234,wheat,2006,2.726
IN-12-0234,wheat,2007,2.794
IN-12-0234,wheat,2008,2.824
IN-12-0234,wheat,2009,2.732
IN-12-0234,wheat,2010,3.164
IN-12-0234,wheat,2011,3.188
IN-12-0234,wheat,2012,3.114
IN-12-0234,wheat,2013,2.458
IN-12-0235,wheat,1990,1.819
IN-12-0235,wheat,1991,1.854
IN-12-0235,wheat,1992,1.704
IN-12-0235,wheat,1993,1.883
IN-12-0235,wheat,1994,2.119
IN-12-0235,wheat,1995,2.176
IN-12-0235,wheat,1996,2.257
IN-12-0235,wheat,1997,2.223
IN-12-0235,wheat,1998,1.964
IN-12-0235,wheat,1999,2.305
IN-12-0235,wheat,2000,2.333
IN-12-0235,wheat,2001,2.141
IN-12-0235,wheat,2002,2.041
IN-12-0235,wheat,2003,2.673
IN-12-0235,wheat,2004,2.071
IN-12-0235,wheat,2005,2.049
IN-12-0235,wheat,2006,2.444
IN-12-0235,wheat,2007,2.317
IN-12-0235,wheat,2008,2.719
IN-12-0235,wheat,2009,2.382
IN-12-0235,wheat,2010,2.813
IN-12-0235,wheat,2011,2.933
IN-12-0235,wheat,2012,2.816
IN-12-0235,wheat,2013,2.812
IN-12-0236,wheat,1990,2.056
IN-12-0236,wheat,1991,2.22
IN-12-0236,wheat,1992,2.109
IN-12-0236,wheat,1993,2.302
IN-12-0236,wheat,1994,2.21
IN-12-0236,wheat,1995,2.182
IN-12-0236,wheat,1996,2.77
IN-12-0236,wheat,1997,2.32
IN-12-0236,wheat,1998,2.507
IN-12-0236,wheat,1999,2.675
IN-12-0236,wheat,2000,2.815
IN-12-0236,wheat,2001,2.937
IN-12-0236,wheat,2002,2.76
IN-12-0236,wheat,2003,3.029
IN-12-0236,wheat,2004,2.635
IN-12-0236,wheat,2005,2.899
IN-12-0236,wheat,2006,2.991
IN-12-0236,wheat,2007,2.985
IN-12-0236,wheat,2008,3.069
IN-12-0236,wheat,2009,3.074
IN-12-0236,wheat,2010,3.243
IN-12-0236,wheat,2011,3.504
IN-12-0236,wheat,2012,3.716
IN-12-0236,wheat,2013,3.547
IN-16-0237,wheat,1990,2.48
IN-16-0237,wheat,1991,2.967
IN-16-0237,wheat,1992,2.444
IN-16-0237,wheat,1993,2.704
IN-16-0237,wheat,1994,2.96
IN-16-0237,wheat,1995,2.648
IN-16-0237,wheat,1996,2.374
IN-16-0237,wheat,1997,2.039
IN-16-0237,wheat,1998,2.246
IN-16-0237,wheat,1999,2.667
IN-16-0237,wheat,2000,2.369
IN-16-0237,wheat,2001,2.206
IN-16-0237,wheat,2002,2.526
IN-16-0237,wheat,2003,2.451
IN-16-0237,wheat,2004,2.487
IN-16-0237,wheat,2005,2.443
IN-16-0237,wheat,2006,2.279
IN-16-0237,wheat,2007,2.401
IN-16-0237,wheat,2008,2.482
IN-16-0237,wheat,2009,2.519
IN-16-0237,wheat,2010,2.804
IN-16-0237,wheat,2011,2.724
IN-16-0237,wheat,2012,3.135
IN-16-0237,wheat,2013,2.946
IN-16-0238,wheat,1990,1.031
IN-16-0238,wheat,1991,0.982
IN-16-0238,wheat,1992,0.989
IN-16-0238,wheat,1993,1.151
IN-16-0238,wheat,1994,1.057
IN-16-0238,wheat,1995,1.165
IN-16-0238,wheat,1996,1.076
IN-16-0238,wheat,1997,1.066
IN-16-0238,wheat,1998,0.886
IN-16-0238,wheat,1999,1.088
IN-16-0238,wheat,2000,1.04
IN-16-0238,wheat,2001,0.806
IN-16-0238,wheat,2002,0.939
IN-16-0238,wheat,2003,0.968
IN-16-0238,wheat,2004,0.675
IN-16-0238,wheat,2005,1.188
IN-16-0238,wheat,2006,0.6
IN-16-0238,wheat,2007,0.716
IN-16-0238,wheat,2008,0.739
IN-16-0238,wheat,2009,0.937
IN-16-0238,wheat,2010,1.285
IN-16-0238,wheat,2011,1.016
IN-16-0238,wheat,2012,1.315
IN-16-0238,wheat,2013,1.294
IN-16-0239,wheat,1990,1.306
IN-16-0239,wheat,1991,1.444
IN-16-0239,wheat,1992,1.522
IN-16-0239,wheat,1993,1.494
IN-16-0239,wheat,1994,1.535
IN-16-0239,wheat,1995,1.552
IN-16-0239,wheat,1996,1.461
IN-16-0239,wheat,1997,1.492
IN-16-0239,wheat,1998,1.121
IN-16-0239,wheat,1999,1.392
IN-16-0239,wheat,2000,1.344
IN-16-0239,wheat,2001,1.502
IN-16-0239,wheat,2002,1.342
IN-16-0239,wheat,2003,1.23
IN-16-0239,wheat,2004,1.231
IN-16-0239,wheat,2005,1.664
IN-16-0239,wheat,2006,1.216
IN-16-0239,wheat,2007,1.448
IN-16-0239,wheat,2008,1.053
IN-16-0239,wheat,2009,1.34
IN-16-0239,wheat,2010,1.374
IN-16-0239,wheat,2011,1.373
IN-16-0239,wheat,2012,1.553
IN-16-0239,wheat,2013,1.595
IN-16-0240,wheat,1990,1.125
IN-16-0240,wheat,1991,1.421
IN-16-0240,wheat,1992,1.167
IN-16-0240,wheat,1993,1.483
IN-16-0240,wheat,1994,1.413
IN-16-0240,wheat,1995,1.4
IN-16-0240,wheat,1996,1.163
IN-16-0240,wheat,1997,1.326
IN-16-0240,wheat,1998,1.154
IN-16-0240,wheat,1999,1.338
IN-16-0240,wheat,2000,1.181
IN-16-0240,wheat,2001,1.317
IN-16-0240,wheat,2002,1.353
IN-16-0240,wheat,2003,1.322
IN-16-0240,wheat,2004,0.954
IN-16-0240,wheat,2005,1.277
IN-16-0240,wheat,2006,0.851
IN-16-0240,wheat,2007,1.283
IN-16-0240,wheat,2008,0.888
IN-16-0240,wheat,2009,1.297
IN-16-0240,wheat,2010,1.434
IN-16-0240,wheat,2011,1.469
IN-16-0240,wheat,2012,1.435
IN-16-0240,wheat,2013,1.387
IN-16-0241,wheat,1990,1.586
IN-16-0241,wheat,1991,1.618
IN-16-0241,wheat,1992,1.327
IN-16-0241,wheat,1993,1.316
IN-16-0241,wheat,1994,1.369
IN-16-0241,wheat,1995,1.835
IN-16-0241,wheat,1996,1.573
IN-16-0241,wheat,1997,1.452
IN-16-0241,wheat,1998,1.07
IN-16-0241,wheat,1999,1.476
IN-16-0241,wheat,2000,1.291
IN-16-0241,wheat,2001,1.548
IN-16-0241,wheat,2002,1.564
IN-16-0241,wheat,2003,1.575
IN-16-0241,wheat,2004,1.176
IN-16-0241,wheat,2005,1.537
IN-16-0241,wheat,2006,1.124
IN-16-0241,wheat,2007,1.722
IN-16-0241,wheat,2008,1.038
IN-16-0241,wheat,2009,1.4
IN-16-0241,wheat,2010,1.689
IN-16-0241,wheat,2011,1.644
IN-16-0241,wheat,2012,1.738
IN-16-0241,wheat,2013,1.783
IN-16-0242,wheat,1990,1.372
IN-16-0242,wheat,1991,1.476
IN-16-0242,wheat,1992,1.516
IN-16-0242,wheat,1993,1.145
IN-16-0242,wheat,1994,1.323
IN-16-0242,wheat,1995,1.432
IN-16-0242,wheat,1996,1.323
IN-16-0242,wheat,1997,1.42
IN-16-0242,wheat,1998,0.909
IN-16-0242,wheat,1999,1.23
IN-16-0242,wheat,2000,0.951
IN-16-0242,wheat,2001,1.202
IN-16-0242,wheat,2002,1.324
IN-16-0242,wheat,2003,1.329
IN-16-0242,wheat,2004,1.352
IN-16-0242,wheat,2005,1.625
IN-16-0242,wheat,2006,1.044
IN-16-0242,wheat,2007,1.209
IN-16-0242,wheat,2008,0.8
IN-16-0242,wheat,2009,1.001
IN-16-0242,wheat,2010,1.55
IN-16-0242,wheat,2011,1.39
IN-16-0242,wheat,2012,1.497
IN-16-0242,wheat,2013,1.463
IN-16-0243,wheat,1990,1.278
IN-16-0243,wheat,1991,1.275
IN-16-0243,wheat,1992,1.148
IN-16-0243,wheat,1993,0.961
IN-16-0243,wheat,1994,1.101
IN-16-0243,wheat,1995,1.271
IN-16-0243,wheat,1996,0.942
IN-16-0243,wheat,1997,1.299
IN-16-0243,wheat,1998,1.014
IN-16-0243,wheat,1999,1.17
IN-16-0243,wheat,2000,0.872
IN-16-0243,wheat,2001,1.006
IN-16-0243,wheat,2002,1.191
IN-16-0243,wheat,2003,1.223
IN-16-0243,wheat,2004,0.93
IN-16-0243,wheat,2005,1.122
IN-16-0243,wheat,2006,0.377
IN-16-0243,wheat,2007,0.94
IN-16-0243,wheat,2008,0.714
IN-16-0243,wheat,2009,0.915
IN-16-0243,wheat,2010,1.165
IN-16-0243,wheat,2011,1.279
IN-16-0243,wheat,2012,1.365
IN-16-0243,wheat,2013,1.368
IN-16-0244,wheat,1990,1.429
IN-16-0244,wheat,1991,1.729
IN-16-0244,wheat,1992,1.757
IN-16-0244,wheat,1993,1.519
IN-16-0244,wheat,1994,1.573
IN-16-0244,wheat,1995,1.775
IN-16-0244,wheat,1996,1.661
IN-16-0244,wheat,1997,1.64
IN-16-0244,wheat,1998,1.429
IN-16-0244,wheat,1999,2.045
IN-16-0244,wheat,2000,1.287
IN-16-0244,wheat,2001,1.73
IN-16-0244,wheat,2002,1.779
IN-16-0244,wheat,2003,1.733
IN-16-0244,wheat,2004,1.586
IN-16-0244,wheat,2005,1.967
IN-16-0244,wheat,2006,1.517
IN-16-0244,wheat,2007,2.223
IN-16-0244,wheat,2008,1.933
IN-16-0244,wheat,2009,2.116
IN-16-0244,wheat,2010,2.323
IN-16-0244,wheat,2011,2.44
IN-16-0244,wheat,2012,2.272
IN-16-0244,wheat,2013,2.476
IN-14-0501,wheat,1990,0.633
IN-14-0501,wheat,1991,0.594
IN-14-0501,wheat,1992,0.251
IN-14-0501,wheat,1993,0.696
IN-14-0501,wheat,1994,0.8
IN-14-0501,wheat,1995,0.729
IN-14-0501,wheat,1996,0.809
IN-14-0501,wheat,1997,0.631
IN-14-0501,wheat,1998,0.596
IN-14-0501,wheat,2000,0.532
IN-14-0501,wheat,2001,0.682
IN-14-0501,wheat,2002,0.675
IN-14-0501,wheat,2003,0.786
IN-14-0501,wheat,2004,0.67
IN-14-0501,wheat,2005,0.67
IN-14-0501,wheat,2006,0.703
IN-14-0501,wheat,2007,0.884
IN-14-0501,wheat,2008,0.72
IN-14-0501,wheat,2009,0.829
IN-14-0501,wheat,2010,0.986
IN-14-0501,wheat,2011,1.134
IN-14-0501,wheat,2012,1.169
IN-14-0501,wheat,2013,1.128
IN-06-0502,wheat,1990,1.445
IN-06-0502,wheat,1991,1.285
IN-06-0502,wheat,1992,1.392
IN-06-0502,wheat,1993,1.663
IN-06-0502,wheat,1994,1.466
IN-06-0502,wheat,1995,1.631
IN-06-0502,wheat,1996,1.77
IN-06-0502,wheat,1997,1.643
IN-06-0502,wheat,1998,1.68
IN-06-0502,wheat,1999,1.879
IN-06-0502,wheat,2000,1.641
IN-06-0502,wheat,2001,1.701
IN-06-0502,wheat,2002,1.516
IN-06-0502,wheat,2003,1.649
IN-06-0502,wheat,2004,2.013
IN-06-0502,wheat,2005,1.769
IN-06-0502,wheat,2006,1.809
IN-06-0502,wheat,2007,1.761
IN-06-0502,wheat,2008,1.88
IN-06-0502,wheat,2009,2.043
IN-06-0502,wheat,2010,1.693
IN-06-0502,wheat,2011,4.045
IN-06-0502,wheat,2012,3.012
IN-06-0502,wheat,2013,3.736
IN-01-0504,wheat,2001,0.5
IN-11-0509,wheat,1990,0.4
IN-11-0509,wheat,1991,0.375
IN-07-0514,wheat,1990,0.896
IN-07-0514,wheat,1991,0.705
IN-07-0514,wheat,1992,1.062
IN-07-0514,wheat,1993,1.29
IN-07-0514,wheat,1994,1.113
IN-07-0514,wheat,1995,1.22
IN-07-0514,wheat,1996,1.364
IN-07-0514,wheat,1997,0.686
IN-07-0514,wheat,1998,1.421
IN-07-0514,wheat,1999,1.397
IN-07-0514,wheat,2000,2.477
IN-07-0514,wheat,2001,1.465
IN-07-0514,wheat,2002,1.594
IN-07-0514,wheat,2003,1.304
IN-07-0514,wheat,2004,1.405
IN-07-0514,wheat,2005,1.431
IN-07-0514,wheat,2006,1.607
IN-07-0514,wheat,2007,1.9
IN-07-0514,wheat,2008,1.665
IN-07-0514,wheat,2009,1.863
IN-07-0514,wheat,2010,1.671
IN-07-0514,wheat,2011,1.401
IN-07-0514,wheat,2012,0.449
IN-07-0514,wheat,2013,1.398
IN-07-0515,wheat,1990,0.992
IN-07-0515,wheat,1991,0.515
IN-07-0515,wheat,1992,0.934
IN-07-0515,wheat,1993,1.337
IN-07-0515,wheat,1994,0.923
IN-07-0515,wheat,1995,1.163
IN-07-0515,wheat,1996,1.208
IN-07-0515,wheat,1997,0.436
IN-07-0515,wheat,1998,1.095
IN-07-0515,wheat,1999,0.943
IN-07-0515,wheat,2000,1.024
IN-07-0515,wheat,2001,0.894
IN-07-0515,wheat,2002,1.04
IN-07-0515,wheat,2003,0.691
IN-07-0515,wheat,2004,1.019
IN-07-0515,wheat,2005,1.175
IN-07-0515,wheat,2006,1.051
IN-07-0515,wheat,2007,1.484
IN-07-0515,wheat,2008,1.171
IN-07-0515,wheat,2009,1.077
IN-07-0515,wheat,2010,1.374
IN-07-0515,wheat,2011,1.488
IN-07-0515,wheat,2012,1.525
IN-07-0515,wheat,2013,1.276
IN-07-0516,wheat,1990,0.714
IN-07-0516,wheat,1991,0.3
IN-07-0516,wheat,1992,0.8
IN-07-0516,wheat,1993,0.947
IN-07-0516,wheat,1994,0.857
IN-07-0516,wheat,1995,0.556
IN-07-0516,wheat,1996,0.75
IN-07-0516,wheat,1997,0.667
IN-07-0516,wheat,1998,0.923
IN-07-0516,wheat,1999,0.6
IN-07-0516,wheat,2000,0.6
IN-07-0516,wheat,2001,0.8
IN-07-0516,wheat,2002,0.8
IN-07-0516,wheat,2003,0.667
IN-07-0516,wheat,2004,0.5
IN-07-0516,wheat,2005,0.8
IN-07-0516,wheat,2006,1.0
IN-07-0516,wheat,2007,0.857
IN-07-0516,wheat,2008,0.889
IN-07-0516,wheat,2009,0.818
IN-07-0516,wheat,2010,0.945
IN-07-0516,wheat,2011,1.071
IN-07-0516,wheat,2012,1.22
IN-07-0516,wheat,2013,1.4
IN-03-0518,wheat,1990,2.598
IN-03-0518,wheat,1991,3.221
IN-03-0518,wheat,1992,2.588
IN-03-0518,wheat,1993,2.481
IN-03-0518,wheat,1994,3.0
IN-03-0518,wheat,1995,2.602
IN-03-0518,wheat,1996,3.146
IN-03-0518,wheat,1997,2.921
IN-03-0518,wheat,1998,3.179
IN-03-0518,wheat,1999,3.93
IN-03-0518,wheat,2000,3.118
IN-03-0518,wheat,2001,3.394
IN-03-0518,wheat,2002,2.656
IN-03-0518,wheat,2003,3.035
IN-03-0518,wheat,2004,2.977
IN-03-0518,wheat,2005,3.079
IN-03-0518,wheat,2006,2.942
IN-03-0518,wheat,2007,3.235
IN-03-0518,wheat,2008,2.537
IN-03-0518,wheat,2009,2.986
IN-03-0518,wheat,2010,3.265
IN-03-0518,wheat,2011,3.311
IN-03-0518,wheat,2012,3.248
IN-03-0518,wheat,2013,3.447
IN-10-0519,wheat,1990,3.166
IN-10-0519,wheat,1991,2.41
IN-10-0519,wheat,1992,2.901
IN-10-0519,wheat,1993,1.494
IN-10-0519,wheat,1994,3.033
IN-10-0519,wheat,1995,3.37
IN-10-0519,wheat,1996,3.848
IN-10-0519,wheat,1997,3.444
IN-10-0519,wheat,1998,3.621
IN-10-0519,wheat,1999,2.684
IN-10-0519,wheat,2000,3.674
IN-10-0519,wheat,2001,3.968
IN-10-0519,wheat,2002,3.275
IN-10-0519,wheat,2003,3.476
IN-10-0519,wheat,2004,3.393
IN-10-0519,wheat,2005,3.182
IN-10-0519,wheat,2006,3.339
IN-10-0519,wheat,2007,2.944
IN-10-0519,wheat,2008,3.647
IN-10-0519,wheat,2009,3.911
IN-10-0519,wheat,2010,3.487
IN-10-0519,wheat,2011,4.21
IN-10-0519,wheat,2012,4.096
IN-10-0519,wheat,2013,3.953
IN-20-0520,wheat,1990,0.66949
IN-20-0520,wheat,1991,0.65138
IN-20-0520,wheat,1992,0.5407000000000001
IN-20-0520,wheat,1993,0.5
IN-20-0520,wheat,1994,0.5
IN-20-0520,wheat,1995,0.5
IN-20-0520,wheat,1996,1.0
IN-20-0520,wheat,1997,0.5
IN-20-0520,wheat,1998,0.5
IN-20-0520,wheat,1999,0.72512
IN-20-0520,wheat,2000,0.6805599999999999
IN-20-0520,wheat,2001,0.69302
IN-20-0520,wheat,2002,1.0
IN-20-0520,wheat,2003,0.6529400000000001
IN-20-0520,wheat,2004,0.5352100000000001
IN-20-0520,wheat,2005,0.60993
IN-20-0520,wheat,2006,0.59524
IN-20-0520,wheat,2007,0.65812
IN-20-0520,wheat,2008,0.63462
IN-20-0520,wheat,2009,0.8585900000000001
IN-20-0520,wheat,2010,1.3037999999999998
IN-20-0520,wheat,2011,1.32353
IN-20-0520,wheat,2012,1.12903
IN-20-0520,wheat,2013,0.63158
IN-11-0521,wheat,1990,0.333
IN-11-0521,wheat,1991,0.333
IN-04-0523,wheat,1990,3.137
IN-04-0523,wheat,1991,3.064
IN-04-0523,wheat,1992,3.027
IN-04-0523,wheat,1993,2.871
IN-04-0523,wheat,1994,3.048
IN-04-0523,wheat,1995,3.316
IN-04-0523,wheat,1996,3.413
IN-04-0523,wheat,1997,3.238
IN-04-0523,wheat,1998,3.938
IN-04-0523,wheat,1999,4.123
IN-04-0523,wheat,2000,3.722
IN-04-0523,wheat,2001,3.713
IN-04-0523,wheat,2002,3.672
IN-04-0523,wheat,2003,3.394
IN-04-0523,wheat,2004,3.391
IN-04-0523,wheat,2005,3.665
IN-04-0523,wheat,2006,4.137
IN-04-0523,wheat,2007,3.745
IN-04-0523,wheat,2008,4.068
IN-04-0523,wheat,2009,4.138
IN-04-0523,wheat,2010,4.532
IN-04-0523,wheat,2011,5.377
IN-04-0523,wheat,2012,4.336
IN-04-0523,wheat,2013,4.529
IN-04-0524,wheat,1990,3.898
IN-04-0524,wheat,1991,3.905
IN-04-0524,wheat,1992,3.752
IN-04-0524,wheat,1993,3.745
IN-04-0524,wheat,1994,3.711
IN-04-0524,wheat,1995,3.612
IN-04-0524,wheat,1996,3.907
IN-04-0524,wheat,1997,3.558
IN-04-0524,wheat,1998,4.176
IN-04-0524,wheat,1999,4.391
IN-04-0524,wheat,2000,4.485
IN-04-0524,wheat,2001,4.558
IN-04-0524,wheat,2002,4.387
IN-04-0524,wheat,2003,4.159
IN-04-0524,wheat,2004,4.109
IN-04-0524,wheat,2005,4.199
IN-04-0524,wheat,2006,4.38
IN-04-0524,wheat,2007,4.437
IN-04-0524,wheat,2008,4.84
IN-04-0524,wheat,2009,4.496
IN-04-0524,wheat,2010,4.702
IN-04-0524,wheat,2011,5.448
IN-04-0524,wheat,2012,4.678
IN-04-0524,wheat,2013,4.816
IN-04-0525,wheat,1990,3.777
IN-04-0525,wheat,1991,3.879
IN-04-0525,wheat,1992,3.753
IN-04-0525,wheat,1993,3.675
IN-04-0525,wheat,1994,3.748
IN-04-0525,wheat,1995,3.727
IN-04-0525,wheat,1996,3.978
IN-04-0525,wheat,1997,3.32
IN-04-0525,wheat,1998,3.976
IN-04-0525,wheat,1999,4.347
IN-04-0525,wheat,2000,4.734
IN-04-0525,wheat,2001,4.37
IN-04-0525,wheat,2002,4.377
IN-04-0525,wheat,2003,4.219
IN-04-0525,wheat,2004,4.318
IN-04-0525,wheat,2005,4.392
IN-04-0525,wheat,2006,4.503
IN-04-0525,wheat,2007,4.386
IN-04-0525,wheat,2008,4.852
IN-04-0525,wheat,2009,4.464
IN-04-0525,wheat,2010,4.607
IN-04-0525,wheat,2011,5.565
IN-04-0525,wheat,2012,4.598
IN-04-0525,wheat,2013,4.895
IN-04-0526,wheat,1990,3.664
IN-04-0526,wheat,1991,3.652
IN-04-0526,wheat,1992,3.758
IN-04-0526,wheat,1993,3.793
IN-04-0526,wheat,1994,3.954
IN-04-0526,wheat,1995,3.905
IN-04-0526,wheat,1996,3.957
IN-04-0526,wheat,1997,3.8
IN-04-0526,wheat,1998,3.962
IN-04-0526,wheat,1999,4.007
IN-04-0526,wheat,2000,4.161
IN-04-0526,wheat,2001,4.102
IN-04-0526,wheat,2002,3.879
IN-04-0526,wheat,2003,3.988
IN-04-0526,wheat,2004,4.147
IN-04-0526,wheat,2005,4.195
IN-04-0526,wheat,2006,4.004
IN-04-0526,wheat,2007,4.028
IN-04-0526,wheat,2008,4.541
IN-04-0526,wheat,2009,4.527
IN-04-0526,wheat,2010,4.812
IN-04-0526,wheat,2011,4.969
IN-04-0526,wheat,2012,4.972
IN-04-0526,wheat,2013,4.933
IN-16-0527,wheat,1990,2.279
IN-16-0527,wheat,1991,2.587
IN-16-0527,wheat,1992,2.057
IN-16-0527,wheat,1993,1.928
IN-16-0527,wheat,1994,2.59
IN-16-0527,wheat,1995,2.46
IN-16-0527,wheat,1996,2.67
IN-16-0527,wheat,1997,2.607
IN-16-0527,wheat,1998,2.457
IN-16-0527,wheat,1999,2.83
IN-16-0527,wheat,2000,2.475
IN-16-0527,wheat,2001,2.533
IN-16-0527,wheat,2002,2.348
IN-16-0527,wheat,2003,2.334
IN-16-0527,wheat,2004,2.275
IN-16-0527,wheat,2005,2.142
IN-16-0527,wheat,2006,2.414
IN-16-0527,wheat,2007,2.595
IN-16-0527,wheat,2008,2.772
IN-16-0527,wheat,2009,2.733
IN-16-0527,wheat,2010,2.556
IN-16-0527,wheat,2011,2.791
IN-16-0527,wheat,2012,2.897
IN-16-0527,wheat,2013,2.703
IN-12-0528,wheat,1990,2.721
IN-12-0528,wheat,1991,2.794
IN-12-0528,wheat,1992,2.901
IN-12-0528,wheat,1993,2.305
IN-12-0528,wheat,1994,2.961
IN-12-0528,wheat,1995,2.877
IN-12-0528,wheat,1996,3.166
IN-12-0528,wheat,1997,2.672
IN-12-0528,wheat,1998,2.883
IN-12-0528,wheat,1999,3.186
IN-12-0528,wheat,2000,2.792
IN-12-0528,wheat,2001,2.914
IN-12-0528,wheat,2002,2.843
IN-12-0528,wheat,2003,3.16
IN-12-0528,wheat,2004,2.806
IN-12-0528,wheat,2005,3.097
IN-12-0528,wheat,2006,2.932
IN-12-0528,wheat,2007,3.285
IN-12-0528,wheat,2008,3.443
IN-12-0528,wheat,2009,3.364
IN-12-0528,wheat,2010,3.652
IN-12-0528,wheat,2011,3.616
IN-12-0528,wheat,2012,3.707
IN-12-0528,wheat,2013,3.61
IN-12-0529,wheat,1990,0.81
IN-12-0529,wheat,1991,0.979
IN-12-0529,wheat,1992,0.815
IN-12-0529,wheat,1993,1.217
IN-12-0529,wheat,1994,1.306
IN-12-0529,wheat,1995,1.18
IN-12-0529,wheat,1996,1.004
IN-12-0529,wheat,1997,1.028
IN-12-0529,wheat,1998,1.068
IN-12-0529,wheat,1999,1.364
IN-12-0529,wheat,2000,1.21
IN-12-0529,wheat,2001,1.63
IN-12-0529,wheat,2002,1.669
IN-12-0529,wheat,2003,1.437
IN-12-0529,wheat,2004,1.024
IN-12-0529,wheat,2005,0.99
IN-12-0529,wheat,2006,1.343
IN-12-0529,wheat,2007,1.594
IN-12-0529,wheat,2008,1.485
IN-12-0529,wheat,2009,1.882
IN-12-0529,wheat,2010,1.729
IN-12-0529,wheat,2011,1.893
IN-12-0529,wheat,2012,2.139
IN-12-0529,wheat,2013,2.349
IN-12-0530,wheat,1990,1.851
IN-12-0530,wheat,1991,2.188
IN-12-0530,wheat,1992,2.113
IN-12-0530,wheat,1993,1.992
IN-12-0530,wheat,1994,2.314
IN-12-0530,wheat,1995,2.216
IN-12-0530,wheat,1996,2.581
IN-12-0530,wheat,1997,2.348
IN-12-0530,wheat,1998,2.312
IN-12-0530,wheat,1999,2.294
IN-12-0530,wheat,2000,2.312
IN-12-0530,wheat,2001,2.478
IN-12-0530,wheat,2002,2.151
IN-12-0530,wheat,2003,2.524
IN-12-0530,wheat,2004,2.153
IN-12-0530,wheat,2005,2.377
IN-12-0530,wheat,2006,2.431
IN-12-0530,wheat,2007,2.571
IN-12-0530,wheat,2008,2.741
IN-12-0530,wheat,2009,2.4
IN-12-0530,wheat,2010,2.814
IN-12-0530,wheat,2011,2.991
IN-12-0530,wheat,2012,3.322
IN-12-0530,wheat,2013,3.053
IN-12-0531,wheat,1990,1.794
IN-12-0531,wheat,1991,2.144
IN-12-0531,wheat,1992,1.699
IN-12-0531,wheat,1993,2.353
IN-12-0531,wheat,1994,2.402
IN-12-0531,wheat,1995,2.385
IN-12-0531,wheat,1996,2.881
IN-12-0531,wheat,1997,2.212
IN-12-0531,wheat,1998,2.264
IN-12-0531,wheat,1999,2.85
IN-12-0531,wheat,2000,2.882
IN-12-0531,wheat,2001,2.663
IN-12-0531,wheat,2002,2.196
IN-12-0531,wheat,2003,2.546
IN-12-0531,wheat,2004,2.499
IN-12-0531,wheat,2005,1.414
IN-12-0531,wheat,2006,2.78
IN-12-0531,wheat,2007,2.964
IN-12-0531,wheat,2008,2.814
IN-12-0531,wheat,2009,2.882
IN-12-0531,wheat,2010,3.171
IN-12-0531,wheat,2011,3.003
IN-12-0531,wheat,2012,3.31
IN-12-0531,wheat,2013,3.36
IN-12-0532,wheat,1990,1.616
IN-12-0532,wheat,1991,1.806
IN-12-0532,wheat,1992,1.727
IN-12-0532,wheat,1993,1.836
IN-12-0532,wheat,1994,2.232
IN-12-0532,wheat,1995,2.02
IN-12-0532,wheat,1996,2.666
IN-12-0532,wheat,1997,2.123
IN-12-0532,wheat,1998,2.313
IN-12-0532,wheat,1999,2.936
IN-12-0532,wheat,2000,2.745
IN-12-0532,wheat,2001,2.425
IN-12-0532,wheat,2002,2.044
IN-12-0532,wheat,2003,2.451
IN-12-0532,wheat,2004,1.742
IN-12-0532,wheat,2005,2.654
IN-12-0532,wheat,2006,2.505
IN-12-0532,wheat,2007,2.246
IN-12-0532,wheat,2008,2.501
IN-12-0532,wheat,2009,2.333
IN-12-0532,wheat,2010,3.15
IN-12-0532,wheat,2011,3.41
IN-12-0532,wheat,2012,3.547
IN-12-0532,wheat,2013,3.779
IN-12-0533,wheat,1996,1.998
IN-12-0533,wheat,1997,1.707
IN-12-0533,wheat,1998,1.932
IN-12-0533,wheat,1999,2.194
IN-12-0533,wheat,2000,1.395
IN-12-0533,wheat,2001,1.767
IN-12-0533,wheat,2002,1.233
IN-12-0533,wheat,2003,1.433
IN-12-0533,wheat,2004,1.678
IN-12-0533,wheat,2005,1.161
IN-12-0533,wheat,2006,1.315
IN-12-0533,wheat,2008,2.045
IN-12-0533,wheat,2009,1.582
IN-12-0533,wheat,2010,1.202
IN-12-0533,wheat,2011,1.855
IN-12-0533,wheat,2012,1.978
IN-12-0533,wheat,2013,1.725
IN-10-0536,wheat,1991,2.011
IN-10-0536,wheat,1992,1.978
IN-10-0536,wheat,1993,1.356
IN-10-0536,wheat,1994,1.96
IN-10-0536,wheat,1995,2.369
IN-10-0536,wheat,1996,2.926
IN-10-0536,wheat,1997,1.656
IN-10-0536,wheat,1998,1.707
IN-10-0536,wheat,1999,2.721
IN-10-0536,wheat,2000,2.092
IN-10-0536,wheat,2001,3.124
IN-10-0536,wheat,2002,3.1
IN-10-0536,wheat,2003,2.395
IN-10-0536,wheat,2004,2.831
IN-10-0536,wheat,2005,3.067
IN-10-0536,wheat,2006,3.621
IN-10-0536,wheat,2007,3.281
IN-10-0536,wheat,2008,3.613
IN-10-0536,wheat,2009,3.761
IN-10-0536,wheat,2010,3.475
IN-10-0536,wheat,2011,3.81
IN-10-0536,wheat,2012,4.373
IN-10-0536,wheat,2013,3.386
IN-10-0537,wheat,1991,2.758
IN-10-0537,wheat,1992,2.121
IN-10-0537,wheat,1993,2.365
IN-10-0537,wheat,1994,2.721
IN-10-0537,wheat,1995,3.719
IN-10-0537,wheat,1996,3.823
IN-10-0537,wheat,1997,2.723
IN-10-0537,wheat,1998,3.195
IN-10-0537,wheat,1999,3.164
IN-10-0537,wheat,2000,2.844
IN-10-0537,wheat,2001,3.336
IN-10-0537,wheat,2002,3.203
IN-10-0537,wheat,2003,3.163
IN-10-0537,wheat,2004,2.493
IN-10-0537,wheat,2005,3.418
IN-10-0537,wheat,2006,2.586
IN-10-0537,wheat,2007,2.891
IN-10-0537,wheat,2008,3.177
IN-10-0537,wheat,2009,3.475
IN-10-0537,wheat,2010,3.548
IN-10-0537,wheat,2011,3.77
IN-10-0537,wheat,2012,3.711
IN-10-0537,wheat,2013,3.714
IN-10-0538,wheat,1991,2.019
IN-10-0538,wheat,1992,2.102
IN-10-0538,wheat,1993,1.946
IN-10-0538,wheat,1994,1.979
IN-10-0538,wheat,1995,2.127
IN-10-0538,wheat,1996,2.267
IN-10-0538,wheat,1997,2.297
IN-10-0538,wheat,1998,2.051
IN-10-0538,wheat,1999,1.443
IN-10-0538,wheat,2000,2.159
IN-10-0538,wheat,2001,2.739
IN-10-0538,wheat,2002,2.135
IN-10-0538,wheat,2003,2.792
IN-10-0538,wheat,2004,2.842
IN-10-0538,wheat,2005,2.762
IN-10-0538,wheat,2006,3.188
IN-10-0538,wheat,2007,3.111
IN-10-0538,wheat,2008,2.234
IN-10-0538,wheat,2009,2.602
IN-10-0538,wheat,2010,3.275
IN-10-0538,wheat,2011,3.125
IN-10-0538,wheat,2012,3.294
IN-10-0538,wheat,2013,2.931
IN-10-0539,wheat,1994,2.619
IN-10-0539,wheat,1995,2.933
IN-10-0539,wheat,1996,2.727
IN-10-0539,wheat,1997,2.85
IN-10-0539,wheat,1998,2.683
IN-10-0539,wheat,1999,3.498
IN-10-0539,wheat,2000,2.56
IN-10-0539,wheat,2001,3.14
IN-10-0539,wheat,2002,3.128
IN-10-0539,wheat,2003,2.539
IN-10-0539,wheat,2004,3.341
IN-10-0539,wheat,2005,2.919
IN-10-0539,wheat,2006,3.397
IN-10-0539,wheat,2007,2.799
IN-10-0539,wheat,2008,3.278
IN-10-0539,wheat,2009,3.023
IN-10-0539,wheat,2010,3.822
IN-10-0539,wheat,2011,3.616
IN-10-0539,wheat,2012,3.777
IN-10-0539,wheat,2013,3.574
IN-09-0545,wheat,1992,3.735
IN-09-0545,wheat,1993,3.934
IN-09-0545,wheat,1994,3.896
IN-09-0545,wheat,1995,3.766
IN-09-0545,wheat,1996,4.059
IN-09-0545,wheat,1997,3.554
IN-09-0545,wheat,1998,4.321
IN-09-0545,wheat,1999,4.58
IN-09-0545,wheat,2000,4.589
IN-09-0545,wheat,2001,4.042
IN-09-0545,wheat,2002,4.239
IN-09-0545,wheat,2003,4.163
IN-09-0545,wheat,2004,4.24
IN-09-0545,wheat,2005,3.755
IN-09-0545,wheat,2006,4.352
IN-09-0545,wheat,2007,4.302
IN-09-0545,wheat,2008,4.626
IN-09-0545,wheat,2009,4.294
IN-09-0545,wheat,2010,4.882
IN-09-0545,wheat,2011,4.947
IN-09-0545,wheat,2012,4.439
IN-09-0545,wheat,2013,5.024
IN-09-0546,wheat,1992,4.045
IN-09-0546,wheat,1993,4.19
IN-09-0546,wheat,1994,4.321
IN-09-0546,wheat,1995,4.226
IN-09-0546,wheat,1996,4.75
IN-09-0546,wheat,1997,4.102
IN-09-0546,wheat,1998,4.718
IN-09-0546,wheat,1999,5.151
IN-09-0546,wheat,2000,5.047
IN-09-0546,wheat,2001,4.918
IN-09-0546,wheat,2002,4.459
IN-09-0546,wheat,2003,4.318
IN-09-0546,wheat,2004,4.906
IN-09-0546,wheat,2005,4.393
IN-09-0546,wheat,2006,4.094
IN-09-0546,wheat,2007,5.047
IN-09-0546,wheat,2008,4.424
IN-09-0546,wheat,2009,4.929
IN-09-0546,wheat,2010,4.906
IN-09-0546,wheat,2011,5.282
IN-09-0546,wheat,2012,5.176
IN-09-0546,wheat,2013,5.083
IN-12-0547,wheat,1990,2.125
IN-12-0547,wheat,1991,3.062
IN-12-0547,wheat,1992,2.444
IN-12-0547,wheat,1993,2.49
IN-12-0547,wheat,1994,2.651
IN-12-0547,wheat,1995,2.519
IN-12-0547,wheat,1996,2.634
IN-12-0547,wheat,1997,2.992
IN-12-0547,wheat,1998,3.111
IN-12-0547,wheat,1999,2.992
IN-12-0547,wheat,2000,2.951
IN-12-0547,wheat,2001,3.204
IN-12-0547,wheat,2002,2.937
IN-12-0547,wheat,2003,3.293
IN-12-0547,wheat,2004,2.578
IN-12-0547,wheat,2005,2.791
IN-12-0547,wheat,2006,3.0
IN-12-0547,wheat,2007,2.666
IN-12-0547,wheat,2008,2.955
IN-12-0547,wheat,2009,2.964
IN-12-0547,wheat,2010,3.477
IN-12-0547,wheat,2011,3.464
IN-12-0547,wheat,2012,3.558
IN-12-0547,wheat,2013,3.845
IN-12-0548,wheat,1990,2.768
IN-12-0548,wheat,1991,2.971
IN-12-0548,wheat,1992,2.825
IN-12-0548,wheat,1993,2.705
IN-12-0548,wheat,1994,2.915
IN-12-0548,wheat,1995,2.79
IN-12-0548,wheat,1996,3.0
IN-12-0548,wheat,1997,2.816
IN-12-0548,wheat,1998,3.247
IN-12-0548,wheat,1999,3.553
IN-12-0548,wheat,2000,3.23
IN-12-0548,wheat,2001,3.365
IN-12-0548,wheat,2002,2.957
IN-12-0548,wheat,2003,3.76
IN-12-0548,wheat,2004,3.235
IN-12-0548,wheat,2005,3.087
IN-12-0548,wheat,2006,3.505
IN-12-0548,wheat,2007,3.299
IN-12-0548,wheat,2008,3.697
IN-12-0548,wheat,2009,3.459
IN-12-0548,wheat,2010,3.914
IN-12-0548,wheat,2011,3.98
IN-12-0548,wheat,2012,3.616
IN-12-0548,wheat,2013,3.588
IN-05-0549,wheat,1990,1.0
IN-05-0549,wheat,1991,1.0
IN-05-0549,wheat,1993,1.0
IN-05-0549,wheat,2010,1.0
IN-05-0549,wheat,2011,1.0
IN-05-0550,wheat,1990,1.0
IN-05-0550,wheat,1991,2.0
IN-05-0550,wheat,1992,1.0
IN-05-0550,wheat,1996,2.0
IN-17-0601,wheat,1990,1.2
IN-17-0601,wheat,1991,1.4
IN-17-0601,wheat,1992,1.0
IN-17-0601,wheat,1993,1.25
IN-17-0601,wheat,1994,1.333
IN-17-0601,wheat,1995,1.0
IN-17-0601,wheat,1996,1.333
IN-17-0601,wheat,1997,1.25
IN-17-0601,wheat,1998,1.25
IN-17-0601,wheat,1999,1.25
IN-17-0601,wheat,2000,1.2
IN-17-0601,wheat,2001,1.167
IN-17-0601,wheat,2002,1.167
IN-17-0601,wheat,2003,1.0
IN-17-0601,wheat,2004,1.125
IN-17-0601,wheat,2005,1.0
IN-17-0601,wheat,2006,1.222
IN-17-0601,wheat,2007,1.231
IN-17-0601,wheat,2008,1.083
IN-17-0601,wheat,2009,1.133
IN-17-0601,wheat,2010,1.25
IN-17-0601,wheat,2011,1.286
IN-17-0601,wheat,2012,1.143
IN-17-0601,wheat,2013,1.143
IN-17-0602,wheat,1990,0.979
IN-17-0602,wheat,1991,1.102
IN-17-0602,wheat,1992,0.806
IN-17-0602,wheat,1993,1.187
IN-17-0602,wheat,1994,1.475
IN-17-0602,wheat,1995,1.108
IN-17-0602,wheat,1996,1.096
IN-17-0602,wheat,1997,1.095
IN-17-0602,wheat,1998,1.031
IN-17-0602,wheat,1999,1.198
IN-17-0602,wheat,2000,1.762
IN-17-0602,wheat,2001,1.246
IN-17-0602,wheat,2002,1.191
IN-17-0602,wheat,2003,0.909
IN-17-0602,wheat,2004,0.877
IN-17-0602,wheat,2005,1.444
IN-17-0602,wheat,2006,1.229
IN-17-0602,wheat,2007,1.05
IN-17-0602,wheat,2008,0.859
IN-17-0602,wheat,2009,0.974
IN-17-0602,wheat,2010,1.795
IN-17-0602,wheat,2011,1.183
IN-17-0602,wheat,2012,1.143
IN-17-0602,wheat,2013,1.007
IN-17-0603,wheat,1990,0.876
IN-17-0603,wheat,1991,1.333
IN-17-0603,wheat,1992,1.089
IN-17-0603,wheat,1993,0.981
IN-17-0603,wheat,1994,1.812
IN-17-0603,wheat,1995,1.604
IN-17-0603,wheat,1996,1.015
IN-17-0603,wheat,1997,1.169
IN-17-0603,wheat,1998,0.776
IN-17-0603,wheat,1999,1.346
IN-17-0603,wheat,2000,0.989
IN-17-0603,wheat,2001,1.504
IN-17-0603,wheat,2002,1.263
IN-17-0603,wheat,2003,0.976
IN-17-0603,wheat,2004,0.632
IN-17-0603,wheat,2005,1.0
IN-17-0603,wheat,2006,0.778
IN-17-0603,wheat,2007,1.231
IN-17-0603,wheat,2008,1.063
IN-17-0603,wheat,2009,1.095
IN-17-0603,wheat,2010,1.25
IN-17-0603,wheat,2011,1.0
IN-17-0603,wheat,2012,1.0
IN-17-0603,wheat,2013,1.0
IN-17-0604,wheat,1990,1.365
IN-17-0604,wheat,1991,2.498
IN-17-0604,wheat,1992,0.766
IN-17-0604,wheat,1993,1.792
IN-17-0604,wheat,1994,1.698
IN-17-0604,wheat,1995,1.229
IN-17-0604,wheat,1996,1.4
IN-17-0604,wheat,1997,1.636
IN-17-0604,wheat,1998,1.03
IN-17-0604,wheat,1999,1.441
IN-17-0604,wheat,2000,1.973
IN-17-0604,wheat,2001,1.518
IN-17-0604,wheat,2002,1.456
IN-17-0604,wheat,2003,1.448
IN-17-0604,wheat,2004,1.397
IN-17-0604,wheat,2005,1.33
IN-17-0604,wheat,2006,1.665
IN-17-0604,wheat,2007,1.587
IN-17-0604,wheat,2008,1.701
IN-17-0604,wheat,2009,1.682
IN-17-0604,wheat,2010,1.318
IN-17-0604,wheat,2011,1.502
IN-17-0604,wheat,2012,1.596
IN-17-0604,wheat,2013,1.345
IN-17-0605,wheat,1990,1.505
IN-17-0605,wheat,1991,1.647
IN-17-0605,wheat,1992,1.159
IN-17-0605,wheat,1993,1.4
IN-17-0605,wheat,1994,1.459
IN-17-0605,wheat,1995,1.326
IN-17-0605,wheat,1996,2.096
IN-17-0605,wheat,1997,1.182
IN-17-0605,wheat,1998,1.079
IN-17-0605,wheat,1999,1.238
IN-17-0605,wheat,2000,0.984
IN-17-0605,wheat,2001,1.314
IN-17-0605,wheat,2002,0.911
IN-17-0605,wheat,2003,0.825
IN-17-0605,wheat,2004,1.238
IN-17-0605,wheat,2005,1.14
IN-17-0605,wheat,2006,1.871
IN-17-0605,wheat,2007,1.42
IN-17-0605,wheat,2008,1.066
IN-17-0605,wheat,2009,1.304
IN-17-0605,wheat,2010,1.313
IN-17-0605,wheat,2011,1.021
IN-17-0605,wheat,2012,1.108
IN-17-0605,wheat,2013,1.179
IN-17-0606,wheat,1990,1.241
IN-17-0606,wheat,1991,1.524
IN-17-0606,wheat,1992,2.077
IN-17-0606,wheat,1993,1.697
IN-17-0606,wheat,1994,1.449
IN-17-0606,wheat,1995,1.457
IN-17-0606,wheat,1996,1.459
IN-17-0606,wheat,1997,1.506
IN-17-0606,wheat,1998,1.443
IN-17-0606,wheat,1999,1.493
IN-17-0606,wheat,2000,1.581
IN-17-0606,wheat,2001,1.541
IN-17-0606,wheat,2002,1.39
IN-17-0606,wheat,2003,1.336
IN-17-0606,wheat,2004,1.458
IN-17-0606,wheat,2005,1.283
IN-17-0606,wheat,2006,1.271
IN-17-0606,wheat,2007,1.392
IN-17-0606,wheat,2008,1.35
IN-17-0606,wheat,2009,1.552
IN-17-0606,wheat,2010,1.258
IN-17-0606,wheat,2011,1.472
IN-17-0606,wheat,2012,1.291
IN-17-0606,wheat,2013,1.291
IN-17-0607,wheat,1990,0.824
IN-17-0607,wheat,1991,0.885
IN-17-0607,wheat,1992,0.929
IN-17-0607,wheat,1993,1.063
IN-17-0607,wheat,1994,1.424
IN-17-0607,wheat,1995,0.618
IN-17-0607,wheat,1996,0.881
IN-17-0607,wheat,1997,0.852
IN-17-0607,wheat,1998,0.51
IN-17-0607,wheat,1999,1.022
IN-17-0607,wheat,2000,0.606
IN-17-0607,wheat,2001,0.524
IN-17-0607,wheat,2002,0.757
IN-17-0607,wheat,2003,0.692
IN-17-0607,wheat,2004,0.679
IN-17-0607,wheat,2005,0.905
IN-17-0607,wheat,2006,0.727
IN-17-0607,wheat,2007,0.688
IN-17-0607,wheat,2008,0.761
IN-17-0607,wheat,2009,0.286
IN-17-0607,wheat,2010,0.625
IN-17-0607,wheat,2011,1.0
IN-17-0607,wheat,2012,2.0
IN-17-0607,wheat,2013,1.0
IN-17-0608,wheat,1990,1.4
IN-17-0608,wheat,1991,1.5
IN-17-0608,wheat,1992,1.0
IN-17-0608,wheat,1993,1.4
IN-17-0608,wheat,1994,1.286
IN-17-0608,wheat,1995,1.0
IN-17-0608,wheat,1996,1.286
IN-17-0608,wheat,1997,1.167
IN-17-0608,wheat,1998,1.0
IN-17-0608,wheat,1999,1.167
IN-17-0608,wheat,2000,1.167
IN-17-0608,wheat,2001,1.167
IN-17-0608,wheat,2002,0.167
IN-17-0608,wheat,2003,1.0
IN-17-0608,wheat,2004,1.0
IN-17-0608,wheat,2005,1.0
IN-17-0608,wheat,2006,1.0
IN-17-0608,wheat,2007,1.25
IN-17-0608,wheat,2008,1.0
IN-17-0608,wheat,2009,1.25
IN-17-0608,wheat,2010,1.25
IN-17-0608,wheat,2011,1.0
IN-17-0609,wheat,1990,1.035
IN-17-0609,wheat,1991,1.436
IN-17-0609,wheat,1992,0.929
IN-17-0609,wheat,1993,1.412
IN-17-0609,wheat,1994,1.002
IN-17-0609,wheat,1995,0.779
IN-17-0609,wheat,1996,0.942
IN-17-0609,wheat,1997,0.983
IN-17-0609,wheat,1998,0.764
IN-17-0609,wheat,1999,1.127
IN-17-0609,wheat,2000,0.856
IN-17-0609,wheat,2001,1.046
IN-17-0609,wheat,2002,0.924
IN-17-0609,wheat,2003,0.799
IN-17-0609,wheat,2004,0.851
IN-17-0609,wheat,2005,1.085
IN-17-0609,wheat,2006,1.064
IN-17-0609,wheat,2007,0.926
IN-17-0609,wheat,2008,0.746
IN-17-0609,wheat,2009,0.992
IN-17-0609,wheat,2010,1.031
IN-17-0609,wheat,2011,1.019
IN-17-0609,wheat,2012,1.113
IN-17-0609,wheat,2013,1.119
IN-17-0610,wheat,1990,1.371
IN-17-0610,wheat,1991,0.529
IN-17-0610,wheat,1992,1.0
IN-17-0610,wheat,1993,1.154
IN-17-0610,wheat,1994,1.294
IN-17-0610,wheat,1995,1.121
IN-17-0610,wheat,1996,1.357
IN-17-0610,wheat,1997,1.32
IN-17-0610,wheat,1998,1.0
IN-17-0610,wheat,1999,1.27
IN-17-0610,wheat,2000,1.231
IN-17-0610,wheat,2001,1.189
IN-17-0610,wheat,2002,1.08
IN-17-0610,wheat,2003,0.818
IN-17-0610,wheat,2004,1.067
IN-17-0610,wheat,2005,1.0
IN-17-0610,wheat,2006,0.909
IN-17-0610,wheat,2007,1.25
IN-17-0610,wheat,2008,1.0
IN-17-0610,wheat,2009,1.125
IN-17-0610,wheat,2010,1.143
IN-17-0610,wheat,2011,1.0
IN-17-0610,wheat,2012,1.0
IN-17-0610,wheat,2013,1.0
IN-17-0615,wheat,1990,1.095
IN-17-0615,wheat,1991,1.277
IN-17-0615,wheat,1992,0.827
IN-17-0615,wheat,1993,1.141
IN-17-0615,wheat,1994,1.354
IN-17-0615,wheat,1995,0.895
IN-17-0615,wheat,1996,0.996
IN-17-0615,wheat,1997,1.234
IN-17-0615,wheat,1998,1.018
IN-17-0615,wheat,1999,1.084
IN-17-0615,wheat,2000,1.291
IN-17-0615,wheat,2001,1.03
IN-17-0615,wheat,2002,0.928
IN-17-0615,wheat,2003,0.915
IN-17-0615,wheat,2004,1.142
IN-17-0615,wheat,2005,1.035
IN-17-0615,wheat,2006,1.081
IN-17-0615,wheat,2007,1.288
IN-17-0615,wheat,2008,0.837
IN-17-0615,wheat,2009,0.841
IN-17-0615,wheat,2010,1.51
IN-17-0615,wheat,2011,1.103
IN-17-0615,wheat,2012,1.419
IN-17-0615,wheat,2013,1.482
IN-17-0616,wheat,1990,1.583
IN-17-0616,wheat,1991,1.525
IN-17-0616,wheat,1992,1.16
IN-17-0616,wheat,1993,1.399
IN-17-0616,wheat,1994,1.266
IN-17-0616,wheat,1995,1.347
IN-17-0616,wheat,1996,1.765
IN-17-0616,wheat,1997,1.374
IN-17-0616,wheat,1998,0.869
IN-17-0616,wheat,1999,1.457
IN-17-0616,wheat,2000,1.333
IN-17-0616,wheat,2001,1.163
IN-17-0616,wheat,2002,1.178
IN-17-0616,wheat,2003,1.352
IN-17-0616,wheat,2004,0.847
IN-17-0616,wheat,2005,0.902
IN-17-0616,wheat,2006,1.251
IN-17-0616,wheat,2007,1.365
IN-17-0616,wheat,2008,1.248
IN-17-0616,wheat,2009,1.118
IN-17-0616,wheat,2010,1.073
IN-17-0616,wheat,2011,1.25
IN-17-0616,wheat,2012,1.371
IN-17-0616,wheat,2013,1.173
IN-17-0617,wheat,1990,1.381
IN-17-0617,wheat,1991,1.248
IN-17-0617,wheat,1992,1.507
IN-17-0617,wheat,1993,0.824
IN-17-0617,wheat,1994,1.28
IN-17-0617,wheat,1995,1.08
IN-17-0617,wheat,1996,1.022
IN-17-0617,wheat,1997,0.908
IN-17-0617,wheat,1998,0.825
IN-17-0617,wheat,1999,0.78
IN-17-0617,wheat,2000,0.968
IN-17-0617,wheat,2001,0.755
IN-17-0617,wheat,2002,0.907
IN-17-0617,wheat,2003,1.338
IN-17-0617,wheat,2004,1.02
IN-17-0617,wheat,2005,0.947
IN-17-0617,wheat,2006,1.284
IN-17-0617,wheat,2007,0.869
IN-17-0617,wheat,2008,0.469
IN-17-0617,wheat,2009,0.701
IN-17-0617,wheat,2010,0.695
IN-17-0617,wheat,2011,1.214
IN-17-0617,wheat,2012,0.619
IN-17-0617,wheat,2013,0.875
IN-17-0618,wheat,1990,1.728
IN-17-0618,wheat,1991,1.549
IN-17-0618,wheat,1992,0.81
IN-17-0618,wheat,1993,0.883
IN-17-0618,wheat,1994,1.083
IN-17-0618,wheat,1995,1.18
IN-17-0618,wheat,1996,1.324
IN-17-0618,wheat,1997,1.21
IN-17-0618,wheat,1998,0.91
IN-17-0618,wheat,1999,1.223
IN-17-0618,wheat,2000,1.186
IN-17-0618,wheat,2001,1.29
IN-17-0618,wheat,2002,1.316
IN-17-0618,wheat,2003,1.266
IN-17-0618,wheat,2004,1.173
IN-17-0618,wheat,2005,1.077
IN-17-0618,wheat,2006,1.382
IN-17-0618,wheat,2007,1.382
IN-17-0618,wheat,2008,1.171
IN-17-0618,wheat,2009,1.292
IN-17-0618,wheat,2010,0.833
IN-17-0618,wheat,2011,1.0
IN-17-0618,wheat,2012,1.25
IN-17-0618,wheat,2013,1.25
IN-17-0619,wheat,1990,1.2
IN-17-0619,wheat,1991,1.5
IN-17-0619,wheat,1992,1.0
IN-17-0619,wheat,1993,1.308
IN-17-0619,wheat,1994,1.5
IN-17-0619,wheat,1995,1.0
IN-17-0619,wheat,2001,1.25
IN-17-0619,wheat,2004,1.0
IN-17-0619,wheat,2006,1.167
IN-17-0619,wheat,2007,1.25
IN-17-0619,wheat,2008,1.0
IN-17-0619,wheat,2009,1.0
IN-17-0619,wheat,2010,1.0
IN-17-0619,wheat,2011,1.0
IN-17-0619,wheat,2012,1.0
IN-17-0619,wheat,2013,1.0
IN-17-0620,wheat,1990,1.274
IN-17-0620,wheat,1991,2.105
IN-17-0620,wheat,1992,0.54
IN-17-0620,wheat,1993,0.902
IN-17-0620,wheat,1994,1.585
IN-17-0620,wheat,1995,1.178
IN-17-0620,wheat,1996,1.523
IN-17-0620,wheat,1997,1.439
IN-17-0620,wheat,1998,1.24
IN-17-0620,wheat,1999,1.094
IN-17-0620,wheat,2000,1.099
IN-17-0620,wheat,2001,1.145
IN-17-0620,wheat,2002,1.28
IN-17-0620,wheat,2003,1.288
IN-17-0620,wheat,2004,1.17
IN-17-0620,wheat,2005,1.174
IN-17-0620,wheat,2006,1.28
IN-17-0620,wheat,2007,1.286
IN-17-0620,wheat,2008,1.239
IN-17-0620,wheat,2009,1.192
IN-17-0620,wheat,2010,1.568
IN-17-0620,wheat,2011,1.678
IN-17-0620,wheat,2012,2.709
IN-17-0620,wheat,2013,2.189
IN-17-0621,wheat,1990,1.593
IN-17-0621,wheat,1991,1.119
IN-17-0621,wheat,1992,0.954
IN-17-0621,wheat,1993,1.295
IN-17-0621,wheat,1994,1.257
IN-17-0621,wheat,1995,1.317
IN-17-0621,wheat,1996,1.505
IN-17-0621,wheat,1997,1.598
IN-17-0621,wheat,1998,1.195
IN-17-0621,wheat,1999,1.375
IN-17-0621,wheat,2000,1.165
IN-17-0621,wheat,2001,1.148
IN-17-0621,wheat,2002,1.307
IN-17-0621,wheat,2003,1.339
IN-17-0621,wheat,2004,1.414
IN-17-0621,wheat,2005,1.696
IN-17-0621,wheat,2006,1.042
IN-17-0621,wheat,2007,1.233
IN-17-0621,wheat,2008,0.939
IN-17-0621,wheat,2009,1.1
IN-17-0621,wheat,2010,1.224
IN-17-0621,wheat,2011,0.93
IN-17-0621,wheat,2012,0.789
IN-17-0621,wheat,2013,0.914
IN-17-0622,wheat,1990,1.085
IN-17-0622,wheat,1991,1.447
IN-17-0622,wheat,1992,1.147
IN-17-0622,wheat,1993,1.829
IN-17-0622,wheat,1994,1.428
IN-17-0622,wheat,1995,1.052
IN-17-0622,wheat,1996,1.309
IN-17-0622,wheat,1997,1.042
IN-17-0622,wheat,1998,0.911
IN-17-0622,wheat,1999,1.637
IN-17-0622,wheat,2000,1.108
IN-17-0622,wheat,2001,1.354
IN-17-0622,wheat,2002,1.311
IN-17-0622,wheat,2003,1.059
IN-17-0622,wheat,2004,0.855
IN-17-0622,wheat,2005,0.95
IN-17-0622,wheat,2006,0.915
IN-17-0622,wheat,2007,1.402
IN-17-0622,wheat,2008,1.315
IN-17-0622,wheat,2009,1.131
IN-17-0622,wheat,2010,0.99
IN-17-0622,wheat,2011,1.027
IN-17-0622,wheat,2012,1.181
IN-17-0622,wheat,2013,1.404
IN-18-0626,wheat,1990,1.6171099999999998
IN-18-0626,wheat,1991,1.58295
IN-18-0626,wheat,1992,1.28395
IN-18-0626,wheat,1993,0.66603
IN-18-0626,wheat,1994,1.15264
IN-18-0626,wheat,1995,1.2751400000000002
IN-18-0626,wheat,1996,1.62867
IN-18-0626,wheat,1997,2.32404
IN-18-0626,wheat,1998,1.2098
IN-18-0626,wheat,1999,1.73823
IN-18-0626,wheat,2000,1.73614
IN-18-0626,wheat,2001,1.83871
IN-18-0626,wheat,2002,1.2763399999999998
IN-18-0626,wheat,2003,1.20149
IN-18-0626,wheat,2004,2.39488
IN-18-0626,wheat,2005,0.53237
IN-18-0626,wheat,2006,1.96015
IN-18-0626,wheat,2007,1.54989
IN-18-0626,wheat,2008,0.65988
IN-18-0626,wheat,2009,0.59084
IN-18-0626,wheat,2010,1.04906
IN-18-0626,wheat,2011,1.53128
IN-18-0626,wheat,2012,1.1976300000000002
IN-18-0626,wheat,2013,0.645
IN-18-0627,wheat,1990,1.47196
IN-18-0627,wheat,1991,1.35811
IN-18-0627,wheat,1992,1.3723299999999998
IN-18-0627,wheat,1993,1.279
IN-18-0627,wheat,1994,1.35868
IN-18-0627,wheat,1995,1.9034
IN-18-0627,wheat,1996,1.58179
IN-18-0627,wheat,1997,1.43125
IN-18-0627,wheat,1998,1.0344
IN-18-0627,wheat,1999,1.5378
IN-18-0627,wheat,2000,0.7041499999999999
IN-18-0627,wheat,2001,1.70538
IN-18-0627,wheat,2002,1.16709
IN-18-0627,wheat,2003,1.05877
IN-18-0627,wheat,2004,1.53713
IN-18-0627,wheat,2005,0.93168
IN-18-0627,wheat,2006,1.5
IN-18-0627,wheat,2007,0.94879
IN-18-0627,wheat,2008,1.34978
IN-18-0627,wheat,2009,1.22647
IN-18-0627,wheat,2010,2.17844
IN-18-0627,wheat,2011,1.50179
IN-18-0627,wheat,2012,2.48665
IN-18-0627,wheat,2013,0.67634
IN-18-0628,wheat,1990,1.23803
IN-18-0628,wheat,1991,1.7033
IN-18-0628,wheat,1992,1.0379500000000002
IN-18-0628,wheat,1993,0.93019
IN-18-0628,wheat,1994,1.59057
IN-18-0628,wheat,1995,0.87687
IN-18-0628,wheat,1996,1.36293
IN-18-0628,wheat,1997,1.63736
IN-18-0628,wheat,1998,1.30822
IN-18-0628,wheat,1999,1.20806
IN-18-0628,wheat,2000,1.17808
IN-18-0628,wheat,2001,1.57197
IN-18-0628,wheat,2002,1.16802
IN-18-0628,wheat,2003,1.34655
IN-18-0628,wheat,2004,2.05938
IN-18-0628,wheat,2005,0.83353
IN-18-0628,wheat,2006,1.68398
IN-18-0628,wheat,2007,1.11411
IN-18-0628,wheat,2008,0.5895
IN-18-0628,wheat,2009,0.52726
IN-18-0628,wheat,2010,0.93637
IN-18-0628,wheat,2011,1.19434
IN-18-0628,wheat,2012,1.06881
IN-18-0628,wheat,2013,0.5731900000000001
IN-18-0629,wheat,1990,1.645
IN-18-0629,wheat,1991,1.74255
IN-18-0629,wheat,1992,1.38095
IN-18-0629,wheat,1993,1.05696
IN-18-0629,wheat,1994,1.68786
IN-18-0629,wheat,1995,1.47903
IN-18-0629,wheat,1996,1.4026500000000002
IN-18-0629,wheat,1997,1.42061
IN-18-0629,wheat,1998,1.23217
IN-18-0629,wheat,1999,1.52721
IN-18-0629,wheat,2000,0.5935
IN-18-0629,wheat,2001,1.63216
IN-18-0629,wheat,2002,1.3345
IN-18-0629,wheat,2003,1.50951
IN-18-0629,wheat,2004,1.80343
IN-18-0629,wheat,2005,1.08418
IN-18-0629,wheat,2006,1.5652
IN-18-0629,wheat,2007,1.36706
IN-18-0629,wheat,2008,1.25655
IN-18-0629,wheat,2009,1.01407
IN-18-0629,wheat,2010,1.80087
IN-18-0629,wheat,2011,1.45076
IN-18-0629,wheat,2012,2.05548
IN-18-0629,wheat,2013,0.8206
IN-18-0630,wheat,1990,1.15
IN-18-0630,wheat,1991,1.15152
IN-18-0630,wheat,1992,1.36923
IN-18-0630,wheat,1993,1.11765
IN-18-0630,wheat,1994,0.98333
IN-18-0630,wheat,1995,1.64
IN-18-0630,wheat,1996,1.52
IN-18-0630,wheat,1997,1.79245
IN-18-0630,wheat,1998,2.12766
IN-18-0630,wheat,1999,1.6216199999999998
IN-18-0630,wheat,2000,1.375
IN-18-0630,wheat,2001,1.75
IN-18-0630,wheat,2002,1.68571
IN-18-0630,wheat,2003,1.8
IN-18-0630,wheat,2004,1.75
IN-18-0630,wheat,2005,1.65625
IN-18-0630,wheat,2006,1.5
IN-18-0630,wheat,2007,1.0
IN-18-0630,wheat,2008,1.30435
IN-18-0630,wheat,2009,0.9
IN-18-0630,wheat,2010,1.6
IN-18-0630,wheat,2011,1.0
IN-18-0630,wheat,2012,1.8
IN-18-0630,wheat,2013,1.0
IN-18-0631,wheat,1990,2.23263
IN-18-0631,wheat,1991,1.77822
IN-18-0631,wheat,1992,1.80594
IN-18-0631,wheat,1993,1.8965
IN-18-0631,wheat,1994,2.16337
IN-18-0631,wheat,1995,1.85396
IN-18-0631,wheat,1996,1.69513
IN-18-0631,wheat,1997,1.94331
IN-18-0631,wheat,1998,1.66853
IN-18-0631,wheat,1999,1.67359
IN-18-0631,wheat,2000,1.60607
IN-18-0631,wheat,2001,1.93155
IN-18-0631,wheat,2002,1.52311
IN-18-0631,wheat,2003,1.62906
IN-18-0631,wheat,2004,1.8093
IN-18-0631,wheat,2005,1.48767
IN-18-0631,wheat,2006,1.76319
IN-18-0631,wheat,2007,1.69984
IN-18-0631,wheat,2008,1.2947
IN-18-0631,wheat,2009,1.18503
IN-18-0631,wheat,2010,2.1043000000000003
IN-18-0631,wheat,2011,1.47706
IN-18-0631,wheat,2012,2.40181
IN-18-0631,wheat,2013,0.76451
IN-18-0632,wheat,1990,1.57143
IN-18-0632,wheat,1991,1.59259
IN-18-0632,wheat,1992,1.34783
IN-18-0632,wheat,1993,1.09524
IN-18-0632,wheat,1994,1.57143
IN-18-0632,wheat,1995,1.3888900000000002
IN-18-0632,wheat,1996,1.5
IN-18-0632,wheat,1997,1.70588
IN-18-0632,wheat,1998,1.21053
IN-18-0632,wheat,1999,1.55556
IN-18-0632,wheat,2000,0.71429
IN-18-0632,wheat,2001,1.75
IN-18-0632,wheat,2002,1.33333
IN-18-0632,wheat,2003,1.3636400000000002
IN-18-0632,wheat,2004,1.875
IN-18-0632,wheat,2005,1.0
IN-18-0632,wheat,2006,1.71429
IN-18-0632,wheat,2007,2.0
IN-18-0632,wheat,2008,1.0
IN-18-0632,wheat,2009,0.83333
IN-18-0632,wheat,2010,1.33333
IN-18-0632,wheat,2011,1.4
IN-18-0632,wheat,2012,1.5
IN-18-0632,wheat,2013,1.0
IN-18-0633,wheat,1990,1.91002
IN-18-0633,wheat,1991,1.3332
IN-18-0633,wheat,1992,1.02298
IN-18-0633,wheat,1993,1.04219
IN-18-0633,wheat,1994,1.86968
IN-18-0633,wheat,1995,0.8607899999999999
IN-18-0633,wheat,1996,1.2665799999999998
IN-18-0633,wheat,1997,1.7609
IN-18-0633,wheat,1998,1.5625
IN-18-0633,wheat,1999,1.67896
IN-18-0633,wheat,2000,0.7990499999999999
IN-18-0633,wheat,2001,1.78932
IN-18-0633,wheat,2002,1.43557
IN-18-0633,wheat,2003,1.52549
IN-18-0633,wheat,2004,1.92305
IN-18-0633,wheat,2005,1.57765
IN-18-0633,wheat,2006,1.87813
IN-18-0633,wheat,2007,0.89432
IN-18-0633,wheat,2008,1.4426
IN-18-0633,wheat,2009,1.28812
IN-18-0633,wheat,2010,0.85772
IN-18-0633,wheat,2011,1.61874
IN-18-0633,wheat,2012,2.61044
IN-18-0633,wheat,2013,0.83066
IN-18-0634,wheat,1990,1.336
IN-18-0634,wheat,1991,1.51585
IN-18-0634,wheat,1992,1.32406
IN-18-0634,wheat,1993,1.13602
IN-18-0634,wheat,1994,1.53985
IN-18-0634,wheat,1995,1.61324
IN-18-0634,wheat,1996,1.62076
IN-18-0634,wheat,1997,1.71914
IN-18-0634,wheat,1998,1.01228
IN-18-0634,wheat,1999,1.60806
IN-18-0634,wheat,2000,0.6769
IN-18-0634,wheat,2001,2.05014
IN-18-0634,wheat,2002,1.40093
IN-18-0634,wheat,2003,1.25609
IN-18-0634,wheat,2004,1.82584
IN-18-0634,wheat,2005,0.98709
IN-18-0634,wheat,2006,1.50569
IN-18-0634,wheat,2007,1.56204
IN-18-0634,wheat,2008,0.73451
IN-18-0634,wheat,2009,0.66184
IN-18-0634,wheat,2010,1.17545
IN-18-0634,wheat,2011,1.49773
IN-18-0634,wheat,2012,1.34155
IN-18-0634,wheat,2013,0.81597
IN-18-0635,wheat,1990,1.6291099999999998
IN-18-0635,wheat,1991,1.35209
IN-18-0635,wheat,1992,1.09777
IN-18-0635,wheat,1993,0.8499800000000001
IN-18-0635,wheat,1994,1.31187
IN-18-0635,wheat,1995,1.34652
IN-18-0635,wheat,1996,1.33765
IN-18-0635,wheat,1997,1.2613
IN-18-0635,wheat,1998,0.90284
IN-18-0635,wheat,1999,1.13866
IN-18-0635,wheat,2000,0.51391
IN-18-0635,wheat,2001,1.24278
IN-18-0635,wheat,2002,1.06965
IN-18-0635,wheat,2003,0.99811
IN-18-0635,wheat,2004,1.34305
IN-18-0635,wheat,2005,1.21173
IN-18-0635,wheat,2006,1.1311300000000002
IN-18-0635,wheat,2007,1.98908
IN-18-0635,wheat,2008,0.7878
IN-18-0635,wheat,2009,0.69801
IN-18-0635,wheat,2010,1.23873
IN-18-0635,wheat,2011,1.4416600000000002
IN-18-0635,wheat,2012,1.41445
IN-18-0635,wheat,2013,0.7665700000000001
IN-18-0636,wheat,1990,1.7845799999999998
IN-18-0636,wheat,1991,1.41992
IN-18-0636,wheat,1992,1.89496
IN-18-0636,wheat,1993,1.0890799999999998
IN-18-0636,wheat,1994,1.72578
IN-18-0636,wheat,1995,1.23268
IN-18-0636,wheat,1996,1.26693
IN-18-0636,wheat,1997,1.7973599999999998
IN-18-0636,wheat,1998,1.2836800000000002
IN-18-0636,wheat,1999,1.65007
IN-18-0636,wheat,2000,0.87985
IN-18-0636,wheat,2001,1.78841
IN-18-0636,wheat,2002,1.34573
IN-18-0636,wheat,2003,1.223
IN-18-0636,wheat,2004,1.86019
IN-18-0636,wheat,2005,0.74414
IN-18-0636,wheat,2006,1.56465
IN-18-0636,wheat,2007,1.12217
IN-18-0636,wheat,2008,1.3329300000000002
IN-18-0636,wheat,2009,1.19821
IN-18-0636,wheat,2010,2.12844
IN-18-0636,wheat,2011,1.60577
IN-18-0636,wheat,2012,2.42886
IN-18-0636,wheat,2013,0.79476
IN-18-0637,wheat,1990,1.6421199999999998
IN-18-0637,wheat,1991,1.36845
IN-18-0637,wheat,1992,1.1211099999999998
IN-18-0637,wheat,1993,1.35497
IN-18-0637,wheat,1994,1.16117
IN-18-0637,wheat,1995,1.41042
IN-18-0637,wheat,1996,1.90621
IN-18-0637,wheat,1997,2.22839
IN-18-0637,wheat,1998,1.77781
IN-18-0637,wheat,1999,1.981
IN-18-0637,wheat,2000,1.28307
IN-18-0637,wheat,2001,1.60052
IN-18-0637,wheat,2002,1.87466
IN-18-0637,wheat,2003,1.5459
IN-18-0637,wheat,2004,1.95804
IN-18-0637,wheat,2005,0.8679199999999999
IN-18-0637,wheat,2006,1.96648
IN-18-0637,wheat,2007,1.50303
IN-18-0637,wheat,2008,1.18798
IN-18-0637,wheat,2009,1.08673
IN-18-0637,wheat,2010,1.93041
IN-18-0637,wheat,2011,1.4519300000000002
IN-18-0637,wheat,2012,2.203
IN-18-0637,wheat,2013,0.87118
IN-08-0701,wheat,1990,1.111
IN-08-0701,wheat,1991,1.816
IN-08-0701,wheat,1992,1.899
IN-08-0701,wheat,1993,1.534
IN-08-0701,wheat,1994,1.777
IN-08-0701,wheat,1995,1.942
IN-08-0701,wheat,1996,1.348
IN-08-0701,wheat,1997,1.081
IN-08-0701,wheat,1998,1.216
IN-08-0701,wheat,1999,1.173
IN-08-0701,wheat,2000,1.315
IN-08-0701,wheat,2001,2.509
IN-08-0701,wheat,2002,2.509
IN-08-0701,wheat,2003,1.121
IN-08-0701,wheat,2004,1.196
IN-08-0701,wheat,2005,1.244
IN-08-0701,wheat,2006,1.288
IN-08-0701,wheat,2007,1.297
IN-08-0701,wheat,2008,1.35
IN-08-0701,wheat,2009,0.817
IN-08-0701,wheat,2010,1.026
IN-08-0701,wheat,2011,1.205
IN-08-0701,wheat,2012,1.917
IN-08-0701,wheat,2013,1.892
IN-08-0702,wheat,1990,1.461
IN-08-0702,wheat,1991,1.517
IN-08-0702,wheat,1992,1.506
IN-08-0702,wheat,1993,1.555
IN-08-0702,wheat,1994,1.563
IN-08-0702,wheat,1995,1.429
IN-08-0702,wheat,1996,1.132
IN-08-0702,wheat,1997,1.424
IN-08-0702,wheat,1998,1.019
IN-08-0702,wheat,1999,1.103
IN-08-0702,wheat,2000,1.241
IN-08-0702,wheat,2001,1.207
IN-08-0702,wheat,2002,1.367
IN-08-0702,wheat,2003,1.302
IN-08-0702,wheat,2004,1.299
IN-08-0702,wheat,2005,1.519
IN-08-0702,wheat,2006,1.524
IN-08-0702,wheat,2007,1.549
IN-08-0702,wheat,2008,1.577
IN-08-0702,wheat,2009,1.594
IN-08-0702,wheat,2010,1.503
IN-08-0702,wheat,2011,1.541
IN-08-0702,wheat,2012,1.8
IN-08-0702,wheat,2013,1.827
IN-08-0703,wheat,1990,2.067
IN-08-0703,wheat,1991,2.011
IN-08-0703,wheat,1992,1.992
IN-08-0703,wheat,1993,1.885
IN-08-0703,wheat,1994,1.797
IN-08-0703,wheat,1995,1.797
IN-08-0703,wheat,1996,1.298
IN-08-0703,wheat,1997,1.286
IN-08-0703,wheat,1998,2.058
IN-08-0703,wheat,1999,1.671
IN-08-0703,wheat,2000,1.521
IN-08-0703,wheat,2001,0.941
IN-08-0703,wheat,2002,1.419
IN-08-0703,wheat,2003,1.452
IN-08-0703,wheat,2004,1.425
IN-08-0703,wheat,2005,1.531
IN-08-0703,wheat,2006,1.611
IN-08-0703,wheat,2007,1.632
IN-08-0703,wheat,2008,1.65
IN-08-0703,wheat,2009,1.824
IN-08-0703,wheat,2010,1.857
IN-08-0703,wheat,2011,1.733
IN-08-0703,wheat,2012,1.727
IN-08-0703,wheat,2013,1.688
IN-08-0704,wheat,1990,2.0
IN-08-0704,wheat,1991,2.0
IN-08-0704,wheat,1992,1.976
IN-08-0704,wheat,1993,1.902
IN-08-0704,wheat,1994,1.584
IN-08-0704,wheat,1995,1.568
IN-08-0704,wheat,1996,1.763
IN-08-0704,wheat,1997,1.083
IN-08-0704,wheat,1998,1.537
IN-08-0704,wheat,1999,1.317
IN-08-0704,wheat,2000,1.121
IN-08-0704,wheat,2001,2.213
IN-08-0704,wheat,2002,1.575
IN-08-0704,wheat,2003,1.861
IN-08-0704,wheat,2004,1.613
IN-08-0704,wheat,2005,1.611
IN-08-0704,wheat,2006,1.647
IN-08-0704,wheat,2007,1.667
IN-08-0704,wheat,2008,1.647
IN-08-0704,wheat,2009,1.722
IN-08-0704,wheat,2010,1.643
IN-08-0704,wheat,2011,1.75
IN-08-0704,wheat,2012,1.75
IN-08-0704,wheat,2013,1.733
IN-08-0705,wheat,1990,2.0
IN-08-0705,wheat,1991,1.676
IN-08-0705,wheat,1992,4.263
IN-08-0705,wheat,1993,1.625
IN-08-0705,wheat,1994,1.875
IN-08-0705,wheat,1995,1.833
IN-08-0705,wheat,1996,1.571
IN-08-0705,wheat,1997,1.833
IN-08-0705,wheat,1998,1.917
IN-08-0705,wheat,1999,1.944
IN-08-0705,wheat,2000,1.8
IN-08-0705,wheat,2001,1.833
IN-08-0705,wheat,2002,1.875
IN-08-0705,wheat,2003,1.692
IN-08-0705,wheat,2004,1.846
IN-08-0705,wheat,2005,1.9
IN-08-0705,wheat,2006,1.667
IN-08-0705,wheat,2007,1.714
IN-08-0705,wheat,2008,1.667
IN-08-0705,wheat,2009,1.882
IN-08-0705,wheat,2010,1.857
IN-08-0705,wheat,2011,1.75
IN-08-0705,wheat,2012,1.7
IN-08-0705,wheat,2013,1.667
IN-08-0706,wheat,1990,1.5
IN-08-0706,wheat,1991,1.685
IN-08-0706,wheat,1992,1.41
IN-08-0706,wheat,1993,1.262
IN-08-0706,wheat,1994,1.035
IN-08-0706,wheat,1995,1.221
IN-08-0706,wheat,1996,1.0
IN-08-0706,wheat,1997,1.0
IN-08-0706,wheat,1998,0.888
IN-08-0706,wheat,1999,0.887
IN-08-0706,wheat,2000,0.506
IN-08-0706,wheat,2001,1.038
IN-08-0706,wheat,2002,1.055
IN-08-0706,wheat,2003,1.047
IN-08-0706,wheat,2004,1.252
IN-08-0706,wheat,2005,1.263
IN-08-0706,wheat,2006,1.284
IN-08-0706,wheat,2007,1.467
IN-08-0706,wheat,2008,1.483
IN-08-0706,wheat,2009,1.555
IN-08-0706,wheat,2010,1.579
IN-08-0706,wheat,2011,1.432
IN-08-0706,wheat,2012,1.706
IN-08-0706,wheat,2013,1.794
IN-08-0707,wheat,1990,1.514
IN-08-0707,wheat,1991,1.6
IN-08-0707,wheat,1992,1.478
IN-08-0707,wheat,1993,1.581
IN-08-0707,wheat,1994,1.979
IN-08-0707,wheat,1995,1.988
IN-08-0707,wheat,1996,1.859
IN-08-0707,wheat,1997,2.0
IN-08-0707,wheat,1998,0.956
IN-08-0707,wheat,1999,1.193
IN-08-0707,wheat,2000,1.241
IN-08-0707,wheat,2001,1.275
IN-08-0707,wheat,2002,1.15
IN-08-0707,wheat,2003,1.326
IN-08-0707,wheat,2004,1.22
IN-08-0707,wheat,2005,1.234
IN-08-0707,wheat,2006,1.271
IN-08-0707,wheat,2007,1.308
IN-08-0707,wheat,2008,1.345
IN-08-0707,wheat,2009,1.496
IN-08-0707,wheat,2010,1.603
IN-08-0707,wheat,2011,1.69
IN-08-0707,wheat,2012,1.69
IN-08-0707,wheat,2013,1.728
IN-08-0708,wheat,1990,1.353
IN-08-0708,wheat,1991,1.683
IN-08-0708,wheat,1992,1.667
IN-08-0708,wheat,1993,1.585
IN-08-0708,wheat,1994,1.369
IN-08-0708,wheat,1995,1.308
IN-08-0708,wheat,1996,1.16
IN-08-0708,wheat,1997,1.118
IN-08-0708,wheat,1998,0.81
IN-08-0708,wheat,1999,1.0
IN-08-0708,wheat,2000,0.81
IN-08-0708,wheat,2001,0.636
IN-08-0708,wheat,2002,1.0
IN-08-0708,wheat,2003,0.963
IN-08-0708,wheat,2004,1.793
IN-08-0708,wheat,2005,1.808
IN-08-0708,wheat,2006,1.862
IN-08-0708,wheat,2007,1.848
IN-08-0708,wheat,2008,1.875
IN-08-0708,wheat,2009,1.714
IN-08-0708,wheat,2010,1.706
IN-08-0708,wheat,2011,1.645
IN-08-0708,wheat,2012,1.818
IN-08-0708,wheat,2013,1.771
IN-08-0709,wheat,1990,1.737
IN-08-0709,wheat,1991,1.899
IN-08-0709,wheat,1992,1.824
IN-08-0709,wheat,1993,1.852
IN-08-0709,wheat,1994,1.635
IN-08-0709,wheat,1995,1.866
IN-08-0709,wheat,1996,1.506
IN-08-0709,wheat,1997,1.481
IN-08-0709,wheat,1998,0.927
IN-08-0709,wheat,1999,1.128
IN-08-0709,wheat,2000,1.43
IN-08-0709,wheat,2001,1.281
IN-08-0709,wheat,2002,1.076
IN-08-0709,wheat,2003,1.4
IN-08-0709,wheat,2004,1.449
IN-08-0709,wheat,2005,1.5
IN-08-0709,wheat,2006,1.51
IN-08-0709,wheat,2007,1.662
IN-08-0709,wheat,2008,1.875
IN-08-0709,wheat,2009,1.681
IN-08-0709,wheat,2010,1.681
IN-08-0709,wheat,2011,1.555
IN-08-0709,wheat,2012,1.893
IN-08-0709,wheat,2013,1.856
IN-08-0710,wheat,1990,1.474
IN-08-0710,wheat,1991,1.82
IN-08-0710,wheat,1992,1.492
IN-08-0710,wheat,1993,1.588
IN-08-0710,wheat,1994,1.385
IN-08-0710,wheat,1995,1.5
IN-08-0710,wheat,1996,1.667
IN-08-0710,wheat,1997,1.2
IN-08-0710,wheat,1998,1.5
IN-08-0710,wheat,1999,1.0
IN-08-0710,wheat,2000,0.833
IN-08-0710,wheat,2001,0.875
IN-08-0710,wheat,2002,0.875
IN-08-0710,wheat,2003,0.917
IN-08-0710,wheat,2004,1.182
IN-08-0710,wheat,2005,1.0
IN-08-0710,wheat,2006,1.091
IN-08-0710,wheat,2007,1.133
IN-08-0710,wheat,2008,1.143
IN-08-0710,wheat,2009,1.214
IN-08-0710,wheat,2010,1.214
IN-08-0710,wheat,2011,1.059
IN-08-0710,wheat,2012,1.286
IN-08-0710,wheat,2013,1.4
IN-08-0711,wheat,1990,1.542
IN-08-0711,wheat,1991,1.786
IN-08-0711,wheat,1992,1.463
IN-08-0711,wheat,1993,1.525
IN-08-0711,wheat,1994,1.571
IN-08-0711,wheat,1995,1.571
IN-08-0711,wheat,1996,1.619
IN-08-0711,wheat,1997,1.545
IN-08-0711,wheat,1998,1.154
IN-08-0711,wheat,1999,1.231
IN-08-0711,wheat,2000,0.786
IN-08-0711,wheat,2001,0.76
IN-08-0711,wheat,2002,0.778
IN-08-0711,wheat,2003,0.818
IN-08-0711,wheat,2004,0.75
IN-08-0711,wheat,2005,0.75
IN-08-0711,wheat,2006,0.667
IN-08-0711,wheat,2007,0.667
IN-08-0711,wheat,2008,0.667
IN-08-0711,wheat,2009,0.909
IN-08-0711,wheat,2010,0.917
IN-08-0711,wheat,2011,1.471
IN-08-0711,wheat,2012,1.526
IN-08-0711,wheat,2013,1.5
IN-08-0712,wheat,1990,1.717
IN-08-0712,wheat,1991,1.836
IN-08-0712,wheat,1992,1.784
IN-08-0712,wheat,1993,1.832
IN-08-0712,wheat,1994,1.904
IN-08-0712,wheat,1995,2.044
IN-08-0712,wheat,1996,2.03
IN-08-0712,wheat,1997,1.512
IN-08-0712,wheat,1998,1.349
IN-08-0712,wheat,1999,1.68
IN-08-0712,wheat,2000,1.254
IN-08-0712,wheat,2001,1.349
IN-08-0712,wheat,2002,1.191
IN-08-0712,wheat,2003,1.565
IN-08-0712,wheat,2004,1.25
IN-08-0712,wheat,2005,1.292
IN-08-0712,wheat,2006,1.343
IN-08-0712,wheat,2007,1.368
IN-08-0712,wheat,2008,1.362
IN-08-0712,wheat,2009,1.347
IN-08-0712,wheat,2010,1.472
IN-08-0712,wheat,2011,1.947
IN-08-0712,wheat,2012,1.613
IN-08-0712,wheat,2013,1.632
IN-08-0713,wheat,1990,1.846
IN-08-0713,wheat,1991,1.847
IN-08-0713,wheat,1992,1.834
IN-08-0713,wheat,1993,1.836
IN-08-0713,wheat,1994,2.031
IN-08-0713,wheat,1995,1.878
IN-08-0713,wheat,1996,1.812
IN-08-0713,wheat,1997,1.147
IN-08-0713,wheat,1998,1.336
IN-08-0713,wheat,1999,1.732
IN-08-0713,wheat,2000,1.565
IN-08-0713,wheat,2001,1.58
IN-08-0713,wheat,2002,1.514
IN-08-0713,wheat,2003,1.566
IN-08-0713,wheat,2004,1.449
IN-08-0713,wheat,2005,1.554
IN-08-0713,wheat,2006,1.583
IN-08-0713,wheat,2007,1.628
IN-08-0713,wheat,2008,1.635
IN-08-0713,wheat,2009,2.072
IN-08-0713,wheat,2010,2.097
IN-08-0713,wheat,2011,2.102
IN-08-0713,wheat,2012,1.821
IN-08-0713,wheat,2013,1.777
IN-08-0714,wheat,1995,1.933
IN-08-0714,wheat,1996,1.9
IN-08-0714,wheat,1997,1.912
IN-08-0714,wheat,1998,1.053
IN-08-0714,wheat,1999,1.032
IN-08-0714,wheat,2000,1.0
IN-08-0714,wheat,2001,1.51
IN-08-0714,wheat,2002,1.344
IN-08-0714,wheat,2003,1.306
IN-08-0714,wheat,2004,1.45
IN-08-0714,wheat,2005,1.536
IN-08-0714,wheat,2006,1.563
IN-08-0714,wheat,2007,1.574
IN-08-0714,wheat,2008,1.529
IN-08-0714,wheat,2009,1.609
IN-08-0714,wheat,2010,1.544
IN-08-0714,wheat,2011,1.896
IN-08-0714,wheat,2012,1.613
IN-08-0714,wheat,2013,1.632
IN-08-0716,wheat,1995,1.333
IN-08-0716,wheat,1996,1.267
IN-08-0716,wheat,1997,1.923
IN-08-0716,wheat,1998,1.0
IN-08-0716,wheat,1999,1.0
IN-08-0716,wheat,2000,1.063
IN-08-0716,wheat,2001,1.467
IN-08-0716,wheat,2002,1.5
IN-08-0716,wheat,2003,1.909
IN-08-0716,wheat,2004,1.846
IN-08-0716,wheat,2005,1.9
IN-08-0716,wheat,2006,1.875
IN-08-0716,wheat,2007,1.9
IN-08-0716,wheat,2008,1.929
IN-08-0716,wheat,2009,1.818
IN-08-0716,wheat,2010,1.833
IN-08-0716,wheat,2011,1.5
IN-08-0716,wheat,2012,1.667
IN-08-0716,wheat,2013,1.667
IN-08-0717,wheat,1995,1.1
IN-08-0717,wheat,1996,1.216
IN-08-0717,wheat,1997,1.441
IN-08-0717,wheat,1998,2.056
IN-08-0717,wheat,1999,1.194
IN-08-0717,wheat,2000,0.939
IN-08-0717,wheat,2001,1.227
IN-08-0717,wheat,2002,1.028
IN-08-0717,wheat,2003,1.86
IN-08-0717,wheat,2004,1.415
IN-08-0717,wheat,2005,1.476
IN-08-0717,wheat,2006,1.5
IN-08-0717,wheat,2007,1.514
IN-08-0717,wheat,2008,1.65
IN-08-0717,wheat,2009,1.309
IN-08-0717,wheat,2010,1.385
IN-08-0717,wheat,2011,1.55
IN-08-0717,wheat,2012,1.714
IN-08-0717,wheat,2013,1.732
IN-08-0718,wheat,1995,2.095
IN-08-0718,wheat,1996,1.5
IN-08-0718,wheat,1997,2.357
IN-08-0718,wheat,1998,2.0
IN-08-0718,wheat,1999,1.288
IN-08-0718,wheat,2000,1.423
IN-08-0718,wheat,2001,1.341
IN-08-0718,wheat,2002,1.138
IN-08-0718,wheat,2003,1.196
IN-08-0718,wheat,2004,1.136
IN-08-0718,wheat,2005,1.474
IN-08-0718,wheat,2006,1.471
IN-08-0718,wheat,2007,1.49
IN-08-0718,wheat,2008,1.604
IN-08-0718,wheat,2009,1.714
IN-08-0718,wheat,2010,1.708
IN-08-0718,wheat,2011,0.844
IN-08-0718,wheat,2012,1.591
IN-08-0718,wheat,2013,1.652
IN-08-0719,wheat,1995,1.475
IN-08-0719,wheat,1996,1.347
IN-08-0719,wheat,1997,1.274
IN-08-0719,wheat,1998,1.223
IN-08-0719,wheat,1999,1.213
IN-08-0719,wheat,2000,1.324
IN-08-0719,wheat,2001,1.645
IN-08-0719,wheat,2002,1.538
IN-08-0719,wheat,2003,1.404
IN-08-0719,wheat,2004,1.463
IN-08-0719,wheat,2005,1.633
IN-08-0719,wheat,2006,1.679
IN-08-0719,wheat,2007,1.69
IN-08-0719,wheat,2008,1.688
IN-08-0719,wheat,2009,1.676
IN-08-0719,wheat,2010,1.879
IN-08-0719,wheat,2011,1.889
IN-08-0719,wheat,2012,1.7
IN-08-0719,wheat,2013,1.688
IN-08-0720,wheat,1995,2.0
IN-08-0720,wheat,1996,2.0
IN-08-0720,wheat,1997,2.0
IN-08-0720,wheat,1998,2.0
IN-08-0720,wheat,1999,2.0
IN-08-0720,wheat,2000,2.0
IN-08-0720,wheat,2001,2.0
IN-08-0720,wheat,2002,2.0
IN-08-0720,wheat,2003,2.0
IN-08-0720,wheat,2004,2.0
IN-08-0720,wheat,2005,2.0
IN-08-0720,wheat,2006,1.75
IN-08-0720,wheat,2007,2.0
IN-08-0720,wheat,2008,2.0
IN-08-0720,wheat,2009,2.0
IN-08-0720,wheat,2010,2.0
IN-08-0720,wheat,2013,2.0
IN-08-0721,wheat,1995,1.538
IN-08-0721,wheat,1996,0.667
IN-08-0721,wheat,1997,0.847
IN-08-0721,wheat,1998,0.903
IN-08-0721,wheat,1999,0.823
IN-08-0721,wheat,2000,0.897
IN-08-0721,wheat,2001,0.831
IN-08-0721,wheat,2002,1.154
IN-08-0721,wheat,2003,1.315
IN-08-0721,wheat,2004,0.977
IN-08-0721,wheat,2005,1.154
IN-08-0721,wheat,2006,1.217
IN-08-0721,wheat,2007,1.316
IN-08-0721,wheat,2008,1.306
IN-08-0721,wheat,2009,1.302
IN-08-0721,wheat,2010,0.886
IN-08-0721,wheat,2011,1.324
IN-08-0721,wheat,2012,1.615
IN-08-0721,wheat,2013,1.71
IN-08-0722,wheat,1995,1.0
IN-08-0722,wheat,1996,1.0
IN-08-0722,wheat,1997,0.75
IN-08-0722,wheat,1998,1.0
IN-08-0722,wheat,1999,1.0
IN-08-0722,wheat,2002,2.0
IN-08-0722,wheat,2003,2.0
IN-08-0722,wheat,2004,1.0
IN-08-0722,wheat,2007,1.0
IN-08-0722,wheat,2008,1.0
IN-08-0722,wheat,2009,1.0
IN-08-0722,wheat,2010,1.0
IN-08-0722,wheat,2011,1.0
IN-08-0722,wheat,2012,1.0
IN-08-0722,wheat,2013,1.0
IN-08-0723,wheat,1995,1.733
IN-08-0723,wheat,1996,1.231
IN-08-0723,wheat,1997,1.0
IN-08-0723,wheat,1998,1.059
IN-08-0723,wheat,1999,1.333
IN-08-0723,wheat,2000,1.333
IN-08-0723,wheat,2001,1.313
IN-08-0723,wheat,2002,2.188
IN-08-0723,wheat,2003,1.3
IN-08-0723,wheat,2004,1.563
IN-08-0723,wheat,2005,1.636
IN-08-0723,wheat,2006,1.706
IN-08-0723,wheat,2007,1.7
IN-08-0723,wheat,2008,1.723
IN-08-0723,wheat,2009,1.722
IN-08-0723,wheat,2010,1.553
IN-08-0723,wheat,2011,1.417
IN-08-0723,wheat,2012,1.737
IN-08-0723,wheat,2013,1.737
IN-08-0724,wheat,1995,1.875
IN-08-0724,wheat,1996,1.625
IN-08-0724,wheat,1997,1.0
IN-08-0724,wheat,1998,1.0
IN-08-0724,wheat,1999,1.167
IN-08-0724,wheat,2000,1.0
IN-08-0724,wheat,2001,1.2
IN-08-0724,wheat,2003,1.1
IN-08-0724,wheat,2004,1.333
IN-08-0724,wheat,2005,1.3
IN-08-0724,wheat,2006,1.4
IN-08-0724,wheat,2007,1.4
IN-08-0724,wheat,2008,1.375
IN-08-0724,wheat,2009,1.375
IN-08-0724,wheat,2010,1.375
IN-08-0724,wheat,2011,1.944
IN-08-0724,wheat,2012,1.286
IN-08-0724,wheat,2013,1.308
IN-08-0725,wheat,1995,1.2
IN-08-0725,wheat,1996,0.6
IN-08-0725,wheat,1997,0.5
IN-08-0725,wheat,1998,1.5
IN-08-0725,wheat,1999,1.545
IN-08-0725,wheat,2000,1.0
IN-08-0725,wheat,2001,1.538
IN-08-0725,wheat,2002,1.125
IN-08-0725,wheat,2003,1.0
IN-08-0725,wheat,2004,0.833
IN-08-0725,wheat,2005,1.25
IN-08-0725,wheat,2006,1.0
IN-08-0725,wheat,2007,1.0
IN-08-0725,wheat,2008,1.0
IN-08-0725,wheat,2009,1.0
IN-08-0725,wheat,2010,1.2
IN-08-0725,wheat,2011,1.2
IN-08-0725,wheat,2012,1.333
IN-08-0725,wheat,2013,1.0
IN-08-0726,wheat,1995,1.556
IN-08-0726,wheat,1996,1.583
IN-08-0726,wheat,1997,1.625
IN-08-0726,wheat,1998,1.667
IN-08-0726,wheat,1999,1.588
IN-08-0726,wheat,2000,1.778
IN-08-0726,wheat,2001,1.667
IN-08-0726,wheat,2002,0.833
IN-08-0726,wheat,2003,0.846
IN-08-0726,wheat,2004,1.125
IN-08-0726,wheat,2005,1.857
IN-08-0726,wheat,2006,1.0
IN-08-0726,wheat,2007,1.1
IN-08-0726,wheat,2008,1.091
IN-08-0726,wheat,2009,1.056
IN-08-0726,wheat,2010,1.211
IN-08-0726,wheat,2011,1.133
IN-08-0726,wheat,2012,1.389
IN-08-0726,wheat,2013,1.471
IN-08-0728,wheat,1995,1.375
IN-08-0728,wheat,1996,1.333
IN-08-0728,wheat,1997,1.455
IN-08-0728,wheat,1998,1.5
IN-08-0728,wheat,1999,1.538
IN-08-0728,wheat,2000,1.231
IN-08-0728,wheat,2001,1.5
IN-08-0728,wheat,2002,1.474
IN-08-0728,wheat,2003,1.196
IN-08-0728,wheat,2004,1.235
IN-08-0728,wheat,2005,1.25
IN-08-0728,wheat,2006,1.275
IN-08-0728,wheat,2007,1.3
IN-08-0728,wheat,2008,1.295
IN-08-0728,wheat,2009,1.274
IN-08-0728,wheat,2010,1.3
IN-08-0728,wheat,2011,2.242
IN-08-0728,wheat,2012,1.816
IN-08-0728,wheat,2013,1.741
IN-08-0729,wheat,1995,1.863
IN-08-0729,wheat,1996,1.867
IN-08-0729,wheat,1997,1.615
IN-08-0729,wheat,1998,1.396
IN-08-0729,wheat,1999,1.937
IN-08-0729,wheat,2000,1.355
IN-08-0729,wheat,2001,1.509
IN-08-0729,wheat,2002,1.549
IN-08-0729,wheat,2003,1.485
IN-08-0729,wheat,2004,1.415
IN-08-0729,wheat,2005,1.429
IN-08-0729,wheat,2006,1.432
IN-08-0729,wheat,2007,1.457
IN-08-0729,wheat,2008,1.463
IN-08-0729,wheat,2009,1.4
IN-08-0729,wheat,2010,1.455
IN-08-0729,wheat,2011,1.617
IN-08-0729,wheat,2012,1.81
IN-08-0729,wheat,2013,1.707
IN-08-0730,wheat,1995,1.921
IN-08-0730,wheat,1996,1.869
IN-08-0730,wheat,1997,1.279
IN-08-0730,wheat,1998,1.322
IN-08-0730,wheat,1999,1.907
IN-08-0730,wheat,2000,1.0
IN-08-0730,wheat,2001,1.188
IN-08-0730,wheat,2002,1.5
IN-08-0730,wheat,2003,0.978
IN-08-0730,wheat,2004,1.185
IN-08-0730,wheat,2005,1.252
IN-08-0730,wheat,2006,1.257
IN-08-0730,wheat,2007,1.277
IN-08-0730,wheat,2008,1.286
IN-08-0730,wheat,2009,1.068
IN-08-0730,wheat,2010,1.571
IN-08-0730,wheat,2011,1.6
IN-08-0730,wheat,2012,1.711
IN-08-0730,wheat,2013,1.714
IN-08-0731,wheat,1995,1.85
IN-08-0731,wheat,1996,1.862
IN-08-0731,wheat,1997,1.361
IN-08-0731,wheat,1998,1.289
IN-08-0731,wheat,1999,1.787
IN-08-0731,wheat,2000,1.125
IN-08-0731,wheat,2001,1.091
IN-08-0731,wheat,2002,1.6
IN-08-0731,wheat,2003,1.131
IN-08-0731,wheat,2004,0.991
IN-08-0731,wheat,2005,1.01
IN-08-0731,wheat,2006,1.077
IN-08-0731,wheat,2007,1.105
IN-08-0731,wheat,2008,1.124
IN-08-0731,wheat,2009,1.13
IN-08-0731,wheat,2010,1.391
IN-08-0731,wheat,2011,1.327
IN-08-0731,wheat,2012,1.75
IN-08-0731,wheat,2013,1.667
IN-08-0732,wheat,1995,1.548
IN-08-0732,wheat,1996,1.262
IN-08-0732,wheat,1997,1.305
IN-08-0732,wheat,1998,1.076
IN-08-0732,wheat,1999,1.13
IN-08-0732,wheat,2000,1.093
IN-08-0732,wheat,2001,0.959
IN-08-0732,wheat,2002,0.978
IN-08-0732,wheat,2003,1.939
IN-08-0732,wheat,2004,1.967
IN-08-0732,wheat,2005,1.971
IN-08-0732,wheat,2006,1.97
IN-08-0732,wheat,2007,1.971
IN-08-0732,wheat,2008,1.971
IN-08-0732,wheat,2009,2.0
IN-08-0732,wheat,2010,2.064
IN-08-0732,wheat,2011,2.063
IN-08-0732,wheat,2012,1.971
IN-08-0732,wheat,2013,1.75
IN-13-0801,wheat,1990,1.857
IN-13-0801,wheat,1991,2.278
IN-13-0801,wheat,1992,2.4
IN-13-0801,wheat,1993,1.667
IN-13-0801,wheat,1994,1.667
IN-13-0801,wheat,1995,1.381
IN-13-0801,wheat,1996,2.067
IN-13-0801,wheat,1997,1.418
IN-13-0801,wheat,1998,1.775
IN-13-0801,wheat,1999,1.359
IN-13-0801,wheat,2000,1.744
IN-13-0801,wheat,2001,2.0
IN-13-0801,wheat,2002,1.95
IN-13-0801,wheat,2003,2.117
IN-13-0801,wheat,2004,1.931
IN-13-0801,wheat,2005,1.545
IN-13-0801,wheat,2006,2.063
IN-13-0801,wheat,2007,2.0
IN-13-0801,wheat,2008,1.5
IN-13-0801,wheat,2009,2.095
IN-13-0801,wheat,2010,2.557
IN-13-0801,wheat,2011,3.061
IN-13-0801,wheat,2012,2.917
IN-13-0801,wheat,2013,2.839
IN-13-0802,wheat,1990,2.1
IN-13-0802,wheat,1991,2.236
IN-13-0802,wheat,1992,2.412
IN-13-0802,wheat,1993,2.51
IN-13-0802,wheat,1994,2.309
IN-13-0802,wheat,1995,1.536
IN-13-0802,wheat,1996,2.142
IN-13-0802,wheat,1997,1.76
IN-13-0802,wheat,1998,2.092
IN-13-0802,wheat,1999,2.123
IN-13-0802,wheat,2000,2.496
IN-13-0802,wheat,2001,2.057
IN-13-0802,wheat,2002,2.223
IN-13-0802,wheat,2003,2.355
IN-13-0802,wheat,2004,2.148
IN-13-0802,wheat,2005,2.189
IN-13-0802,wheat,2006,2.414
IN-13-0802,wheat,2007,2.594
IN-13-0802,wheat,2008,2.209
IN-13-0802,wheat,2009,2.824
IN-13-0802,wheat,2010,2.679
IN-13-0802,wheat,2011,2.834
IN-13-0802,wheat,2012,2.755
IN-13-0802,wheat,2013,2.831
IN-13-0803,wheat,1990,1.966
IN-13-0803,wheat,1991,2.382
IN-13-0803,wheat,1992,2.147
IN-13-0803,wheat,1993,1.936
IN-13-0803,wheat,1994,2.346
IN-13-0803,wheat,1995,2.378
IN-13-0803,wheat,1996,2.538
IN-13-0803,wheat,1997,2.256
IN-13-0803,wheat,1998,2.157
IN-13-0803,wheat,1999,2.302
IN-13-0803,wheat,2000,2.458
IN-13-0803,wheat,2001,2.014
IN-13-0803,wheat,2002,2.172
IN-13-0803,wheat,2003,2.292
IN-13-0803,wheat,2004,1.882
IN-13-0803,wheat,2005,2.132
IN-13-0803,wheat,2006,2.188
IN-13-0803,wheat,2007,2.328
IN-13-0803,wheat,2008,2.348
IN-13-0803,wheat,2009,2.548
IN-13-0803,wheat,2010,2.536
IN-13-0803,wheat,2011,3.078
IN-13-0803,wheat,2012,3.32
IN-13-0803,wheat,2013,3.366
IN-13-0804,wheat,1990,1.896
IN-13-0804,wheat,1991,2.177
IN-13-0804,wheat,1992,2.251
IN-13-0804,wheat,1993,2.196
IN-13-0804,wheat,1994,2.548
IN-13-0804,wheat,1995,2.445
IN-13-0804,wheat,1996,2.641
IN-13-0804,wheat,1997,2.296
IN-13-0804,wheat,1998,2.284
IN-13-0804,wheat,1999,2.359
IN-13-0804,wheat,2000,2.756
IN-13-0804,wheat,2001,2.312
IN-13-0804,wheat,2002,2.172
IN-13-0804,wheat,2003,2.572
IN-13-0804,wheat,2004,1.931
IN-13-0804,wheat,2005,2.176
IN-13-0804,wheat,2006,2.154
IN-13-0804,wheat,2007,2.556
IN-13-0804,wheat,2008,2.537
IN-13-0804,wheat,2009,2.843
IN-13-0804,wheat,2010,2.971
IN-13-0804,wheat,2011,2.838
IN-13-0804,wheat,2012,2.875
IN-13-0804,wheat,2013,2.764
IN-13-0805,wheat,1990,2.107
IN-13-0805,wheat,1991,2.088
IN-13-0805,wheat,1992,1.614
IN-13-0805,wheat,1993,1.786
IN-13-0805,wheat,1994,2.133
IN-13-0805,wheat,1995,2.177
IN-13-0805,wheat,1996,2.345
IN-13-0805,wheat,1997,1.948
IN-13-0805,wheat,1998,2.132
IN-13-0805,wheat,1999,2.246
IN-13-0805,wheat,2000,2.422
IN-13-0805,wheat,2001,2.363
IN-13-0805,wheat,2002,2.258
IN-13-0805,wheat,2003,2.446
IN-13-0805,wheat,2004,2.057
IN-13-0805,wheat,2005,2.182
IN-13-0805,wheat,2006,2.231
IN-13-0805,wheat,2007,2.727
IN-13-0805,wheat,2008,2.35
IN-13-0805,wheat,2009,2.438
IN-13-0805,wheat,2010,2.189
IN-13-0805,wheat,2011,2.412
IN-13-0805,wheat,2012,2.861
IN-13-0805,wheat,2013,2.69
IN-13-0806,wheat,1990,1.775
IN-13-0806,wheat,1991,2.196
IN-13-0806,wheat,1992,2.224
IN-13-0806,wheat,1993,2.358
IN-13-0806,wheat,1994,2.391
IN-13-0806,wheat,1995,2.33
IN-13-0806,wheat,1996,2.798
IN-13-0806,wheat,1997,2.819
IN-13-0806,wheat,1998,2.433
IN-13-0806,wheat,1999,2.746
IN-13-0806,wheat,2000,2.891
IN-13-0806,wheat,2001,2.647
IN-13-0806,wheat,2002,2.958
IN-13-0806,wheat,2003,2.63
IN-13-0806,wheat,2004,2.568
IN-13-0806,wheat,2005,2.515
IN-13-0806,wheat,2006,2.644
IN-13-0806,wheat,2007,2.956
IN-13-0806,wheat,2008,2.811
IN-13-0806,wheat,2009,2.647
IN-13-0806,wheat,2010,2.672
IN-13-0806,wheat,2011,2.612
IN-13-0806,wheat,2012,2.832
IN-13-0806,wheat,2013,2.876
IN-13-0807,wheat,1990,1.588
IN-13-0807,wheat,1991,1.733
IN-13-0807,wheat,1992,2.213
IN-13-0807,wheat,1993,1.855
IN-13-0807,wheat,1994,2.579
IN-13-0807,wheat,1995,1.907
IN-13-0807,wheat,1996,2.358
IN-13-0807,wheat,1997,1.702
IN-13-0807,wheat,1998,2.032
IN-13-0807,wheat,1999,2.145
IN-13-0807,wheat,2000,2.397
IN-13-0807,wheat,2001,2.264
IN-13-0807,wheat,2002,1.402
IN-13-0807,wheat,2003,2.072
IN-13-0807,wheat,2004,1.699
IN-13-0807,wheat,2005,1.838
IN-13-0807,wheat,2006,2.133
IN-13-0807,wheat,2007,2.2
IN-13-0807,wheat,2008,2.0
IN-13-0807,wheat,2009,2.415
IN-13-0807,wheat,2010,2.272
IN-13-0807,wheat,2011,2.377
IN-13-0807,wheat,2012,2.271
IN-13-0807,wheat,2013,2.009
IN-13-0810,wheat,1990,1.835
IN-13-0810,wheat,1991,2.243
IN-13-0810,wheat,1992,2.396
IN-13-0810,wheat,1993,1.514
IN-13-0810,wheat,1994,2.283
IN-13-0810,wheat,1995,1.841
IN-13-0810,wheat,1996,1.951
IN-13-0810,wheat,1997,1.466
IN-13-0810,wheat,1998,1.764
IN-13-0810,wheat,1999,1.848
IN-13-0810,wheat,2000,2.35
IN-13-0810,wheat,2001,2.044
IN-13-0810,wheat,2002,1.444
IN-13-0810,wheat,2003,2.458
IN-13-0810,wheat,2004,2.294
IN-13-0810,wheat,2005,1.75
IN-13-0810,wheat,2006,2.25
IN-13-0810,wheat,2007,2.0
IN-13-0810,wheat,2008,2.25
IN-13-0810,wheat,2009,2.5
IN-13-0810,wheat,2010,2.676
IN-13-0810,wheat,2011,2.375
IN-13-0810,wheat,2012,2.5
IN-13-0810,wheat,2013,2.375
IN-13-0811,wheat,1990,1.294
IN-13-0811,wheat,1991,0.9
IN-13-0811,wheat,1992,1.357
IN-13-0811,wheat,1993,1.217
IN-13-0811,wheat,1994,0.895
IN-13-0811,wheat,1995,1.59
IN-13-0811,wheat,1996,1.526
IN-13-0811,wheat,1997,0.829
IN-13-0811,wheat,1998,1.074
IN-13-0811,wheat,1999,1.103
IN-13-0811,wheat,2000,2.141
IN-13-0811,wheat,2001,1.766
IN-13-0811,wheat,2002,1.433
IN-13-0811,wheat,2003,2.459
IN-13-0811,wheat,2004,2.364
IN-13-0811,wheat,2005,3.0
IN-13-0811,wheat,2006,1.4
IN-13-0811,wheat,2007,2.2
IN-13-0811,wheat,2008,2.0
IN-13-0811,wheat,2010,2.04
IN-13-0811,wheat,2011,1.222
IN-13-0811,wheat,2012,2.8
IN-13-0811,wheat,2013,2.5
IN-13-0812,wheat,1990,1.556
IN-13-0812,wheat,1991,1.556
IN-13-0812,wheat,1992,1.742
IN-13-0812,wheat,1993,1.548
IN-13-0812,wheat,1994,1.48
IN-13-0812,wheat,1995,1.202
IN-13-0812,wheat,1996,1.602
IN-13-0812,wheat,1997,1.73
IN-13-0812,wheat,1998,1.523
IN-13-0812,wheat,1999,2.054
IN-13-0812,wheat,2000,1.769
IN-13-0812,wheat,2001,1.766
IN-13-0812,wheat,2002,1.987
IN-13-0812,wheat,2003,1.731
IN-13-0812,wheat,2004,2.113
IN-13-0812,wheat,2005,1.719
IN-13-0812,wheat,2006,2.056
IN-13-0812,wheat,2007,2.333
IN-13-0812,wheat,2008,2.088
IN-13-0812,wheat,2009,2.269
IN-13-0812,wheat,2010,2.3
IN-13-0812,wheat,2011,2.492
IN-13-0812,wheat,2012,2.234
IN-13-0812,wheat,2013,2.314
IN-13-0813,wheat,1990,1.022
IN-13-0813,wheat,1991,2.303
IN-13-0813,wheat,1992,2.073
IN-13-0813,wheat,1993,1.989
IN-13-0813,wheat,1994,1.546
IN-13-0813,wheat,1995,1.085
IN-13-0813,wheat,1996,1.469
IN-13-0813,wheat,1997,1.472
IN-13-0813,wheat,1998,0.808
IN-13-0813,wheat,1999,1.567
IN-13-0813,wheat,2000,1.917
IN-13-0813,wheat,2001,1.546
IN-13-0813,wheat,2002,1.676
IN-13-0813,wheat,2003,1.681
IN-13-0813,wheat,2004,1.65
IN-13-0813,wheat,2005,1.318
IN-13-0813,wheat,2006,1.455
IN-13-0813,wheat,2007,1.727
IN-13-0813,wheat,2008,1.4
IN-13-0813,wheat,2009,1.7
IN-13-0813,wheat,2010,1.735
IN-13-0813,wheat,2011,2.085
IN-13-0813,wheat,2012,1.173
IN-13-0813,wheat,2013,1.425
IN-13-0814,wheat,1990,2.36
IN-13-0814,wheat,1991,2.705
IN-13-0814,wheat,1992,2.172
IN-13-0814,wheat,1993,2.178
IN-13-0814,wheat,1994,2.292
IN-13-0814,wheat,1995,2.156
IN-13-0814,wheat,1996,2.445
IN-13-0814,wheat,1997,2.584
IN-13-0814,wheat,1998,2.373
IN-13-0814,wheat,1999,2.437
IN-13-0814,wheat,2000,2.511
IN-13-0814,wheat,2001,2.617
IN-13-0814,wheat,2002,2.592
IN-13-0814,wheat,2003,2.431
IN-13-0814,wheat,2004,2.439
IN-13-0814,wheat,2005,2.218
IN-13-0814,wheat,2006,2.59
IN-13-0814,wheat,2007,2.94
IN-13-0814,wheat,2008,2.703
IN-13-0814,wheat,2009,2.934
IN-13-0814,wheat,2010,3.027
IN-13-0814,wheat,2011,3.03
IN-13-0814,wheat,2012,2.784
IN-13-0814,wheat,2013,2.944
IN-13-0816,wheat,1990,1.645
IN-13-0816,wheat,1991,2.021
IN-13-0816,wheat,1992,1.56
IN-13-0816,wheat,1993,1.522
IN-13-0816,wheat,1994,1.727
IN-13-0816,wheat,1995,1.636
IN-13-0816,wheat,1996,1.557
IN-13-0816,wheat,1997,1.506
IN-13-0816,wheat,1998,1.63
IN-13-0816,wheat,1999,2.088
IN-13-0816,wheat,2000,1.981
IN-13-0816,wheat,2001,1.832
IN-13-0816,wheat,2002,1.774
IN-13-0816,wheat,2003,1.773
IN-13-0816,wheat,2004,1.9
IN-13-0816,wheat,2005,1.686
IN-13-0816,wheat,2006,1.953
IN-13-0816,wheat,2007,2.187
IN-13-0816,wheat,2008,1.627
IN-13-0816,wheat,2009,1.992
IN-13-0816,wheat,2010,2.034
IN-13-0816,wheat,2011,2.214
IN-13-0816,wheat,2012,2.444
IN-13-0816,wheat,2013,2.06
IN-13-0817,wheat,1990,1.702
IN-13-0817,wheat,1991,2.519
IN-13-0817,wheat,1992,2.057
IN-13-0817,wheat,1993,1.89
IN-13-0817,wheat,1994,2.231
IN-13-0817,wheat,1995,1.762
IN-13-0817,wheat,1996,2.149
IN-13-0817,wheat,1997,1.453
IN-13-0817,wheat,1998,1.479
IN-13-0817,wheat,1999,2.52
IN-13-0817,wheat,2000,2.493
IN-13-0817,wheat,2001,2.161
IN-13-0817,wheat,2002,1.787
IN-13-0817,wheat,2003,2.274
IN-13-0817,wheat,2004,1.988
IN-13-0817,wheat,2005,2.219
IN-13-0817,wheat,2006,2.056
IN-13-0817,wheat,2007,2.375
IN-13-0817,wheat,2008,1.889
IN-13-0817,wheat,2009,1.625
IN-13-0817,wheat,2010,2.562
IN-13-0817,wheat,2011,2.239
IN-13-0817,wheat,2012,2.006
IN-13-0817,wheat,2013,2.252
IN-13-0819,wheat,1996,2.186
IN-13-0819,wheat,1997,2.241
IN-13-0819,wheat,1998,1.999
IN-13-0819,wheat,1999,2.59
IN-13-0819,wheat,2000,2.3
IN-13-0819,wheat,2001,2.031
IN-13-0819,wheat,2002,2.045
IN-13-0819,wheat,2003,2.019
IN-13-0819,wheat,2004,2.295
IN-13-0819,wheat,2005,2.034
IN-13-0819,wheat,2006,2.452
IN-13-0819,wheat,2007,2.69
IN-13-0819,wheat,2008,2.487
IN-13-0819,wheat,2009,2.692
IN-13-0819,wheat,2010,2.731
IN-13-0819,wheat,2011,2.414
IN-13-0819,wheat,2012,2.383
IN-13-0819,wheat,2013,2.546
IN-13-0820,wheat,1996,2.234
IN-13-0820,wheat,1997,2.471
IN-13-0820,wheat,1998,2.046
IN-13-0820,wheat,1999,2.424
IN-13-0820,wheat,2000,2.461
IN-13-0820,wheat,2001,2.54
IN-13-0820,wheat,2002,2.223
IN-13-0820,wheat,2003,2.123
IN-13-0820,wheat,2004,2.359
IN-13-0820,wheat,2005,1.924
IN-13-0820,wheat,2006,2.461
IN-13-0820,wheat,2007,2.96
IN-13-0820,wheat,2008,2.901
IN-13-0820,wheat,2009,2.992
IN-13-0820,wheat,2010,3.02
IN-13-0820,wheat,2011,3.138
IN-13-0820,wheat,2012,3.338
IN-13-0820,wheat,2013,3.105
IN-13-0823,wheat,1990,1.179
IN-13-0823,wheat,1991,1.194
IN-13-0823,wheat,1992,1.596
IN-13-0823,wheat,1993,2.071
IN-13-0823,wheat,1994,1.969
IN-13-0823,wheat,1995,2.447
IN-13-0823,wheat,1996,2.378
IN-13-0823,wheat,1997,2.156
IN-13-0823,wheat,1998,2.163
IN-13-0823,wheat,1999,1.964
IN-13-0823,wheat,2000,2.614
IN-13-0823,wheat,2001,1.937
IN-13-0823,wheat,2002,2.0
IN-13-0823,wheat,2003,2.333
IN-13-0823,wheat,2004,2.22
IN-13-0823,wheat,2005,1.736
IN-13-0823,wheat,2006,2.4
IN-13-0823,wheat,2007,2.8
IN-13-0823,wheat,2008,2.6
IN-13-0823,wheat,2009,2.4
IN-13-0823,wheat,2010,2.544
IN-13-0823,wheat,2011,2.429
IN-13-0823,wheat,2012,2.588
IN-13-0823,wheat,2013,2.627
IN-13-0824,wheat,1990,1.572
IN-13-0824,wheat,1991,1.762
IN-13-0824,wheat,1992,1.87
IN-13-0824,wheat,1993,1.968
IN-13-0824,wheat,1994,2.368
IN-13-0824,wheat,1995,1.955
IN-13-0824,wheat,1996,2.171
IN-13-0824,wheat,1997,1.828
IN-13-0824,wheat,1998,1.888
IN-13-0824,wheat,1999,1.846
IN-13-0824,wheat,2000,2.278
IN-13-0824,wheat,2001,2.065
IN-13-0824,wheat,2002,1.533
IN-13-0824,wheat,2003,1.824
IN-13-0824,wheat,2004,2.105
IN-13-0824,wheat,2005,2.2
IN-13-0824,wheat,2006,2.155
IN-13-0824,wheat,2007,2.554
IN-13-0824,wheat,2008,1.875
IN-13-0824,wheat,2009,1.953
IN-13-0824,wheat,2010,2.395
IN-13-0824,wheat,2011,1.977
IN-13-0824,wheat,2012,1.879
IN-13-0824,wheat,2013,2.358
IN-02-0902,wheat,1990,1.454
IN-02-0902,wheat,1991,1.667
IN-02-0902,wheat,1992,2.117
IN-02-0902,wheat,1993,2.75
IN-02-0902,wheat,1994,2.563
IN-02-0902,wheat,1995,2.17
IN-02-0902,wheat,1996,2.256
IN-02-0902,wheat,1997,1.931
IN-02-0902,wheat,1998,2.386
IN-02-0902,wheat,1999,1.979
IN-02-0902,wheat,2000,2.151
IN-02-0902,wheat,2001,2.116
IN-02-0902,wheat,2002,1.862
IN-02-0902,wheat,2003,1.426
IN-02-0902,wheat,2004,1.552
IN-02-0902,wheat,2005,1.3
IN-02-0902,wheat,2006,1.918
IN-02-0902,wheat,2007,2.572
IN-02-0902,wheat,2008,1.932
IN-02-0902,wheat,2009,1.711
IN-02-0902,wheat,2010,2.461
IN-02-0902,wheat,2011,4.047
IN-02-0902,wheat,2012,3.033
IN-02-0902,wheat,2013,3.563
IN-02-0903,wheat,1990,1.614
IN-02-0903,wheat,1991,1.504
IN-02-0903,wheat,1992,1.54
IN-02-0903,wheat,1993,1.939
IN-02-0903,wheat,1994,1.946
IN-02-0903,wheat,1995,1.112
IN-02-0903,wheat,1996,2.54
IN-02-0903,wheat,1997,1.654
IN-02-0903,wheat,1998,1.753
IN-02-0903,wheat,1999,1.867
IN-02-0903,wheat,2000,1.667
IN-02-0903,wheat,2001,1.085
IN-02-0903,wheat,2002,1.5
IN-02-0903,wheat,2003,1.325
IN-02-0903,wheat,2004,1.724
IN-02-0903,wheat,2005,1.121
IN-02-0903,wheat,2006,1.883
IN-02-0903,wheat,2007,2.656
IN-02-0903,wheat,2008,2.13
IN-02-0903,wheat,2009,2.118
IN-02-0903,wheat,2010,2.335
IN-02-0903,wheat,2011,3.713
IN-02-0903,wheat,2012,2.409
IN-02-0903,wheat,2013,2.63
IN-02-0904,wheat,1990,1.635
IN-02-0904,wheat,1991,2.231
IN-02-0904,wheat,1992,1.328
IN-02-0904,wheat,1993,1.423
IN-02-0904,wheat,1994,1.494
IN-02-0904,wheat,1995,1.362
IN-02-0904,wheat,1996,1.875
IN-02-0904,wheat,1997,1.335
IN-02-0904,wheat,1998,1.652
IN-02-0904,wheat,1999,2.365
IN-02-0904,wheat,2000,2.778
IN-02-0904,wheat,2001,2.22
IN-02-0904,wheat,2002,1.88
IN-02-0904,wheat,2003,1.813
IN-02-0904,wheat,2004,1.626
IN-02-0904,wheat,2005,1.193
IN-02-0904,wheat,2006,1.924
IN-02-0904,wheat,2007,2.501
IN-02-0904,wheat,2008,2.905
IN-02-0904,wheat,2009,2.01
IN-02-0904,wheat,2010,2.302
IN-02-0904,wheat,2011,3.07
IN-02-0904,wheat,2012,2.452
IN-02-0904,wheat,2013,2.741
IN-02-0905,wheat,1990,1.437
IN-02-0905,wheat,1991,1.822
IN-02-0905,wheat,1992,1.535
IN-02-0905,wheat,1993,1.686
IN-02-0905,wheat,1994,1.771
IN-02-0905,wheat,1995,1.583
IN-02-0905,wheat,1996,1.772
IN-02-0905,wheat,1997,1.759
IN-02-0905,wheat,1998,1.892
IN-02-0905,wheat,1999,1.92
IN-02-0905,wheat,2000,1.827
IN-02-0905,wheat,2001,1.627
IN-02-0905,wheat,2002,1.491
IN-02-0905,wheat,2003,1.216
IN-02-0905,wheat,2004,1.15
IN-02-0905,wheat,2005,0.994
IN-02-0905,wheat,2006,1.344
IN-02-0905,wheat,2007,1.692
IN-02-0905,wheat,2008,1.903
IN-02-0905,wheat,2009,2.172
IN-02-0905,wheat,2010,1.965
IN-02-0905,wheat,2011,2.62
IN-02-0905,wheat,2012,2.688
IN-02-0905,wheat,2013,2.65
IN-02-0906,wheat,1990,2.113
IN-02-0906,wheat,1991,1.948
IN-02-0906,wheat,1992,2.241
IN-02-0906,wheat,1993,2.199
IN-02-0906,wheat,1994,2.417
IN-02-0906,wheat,1995,2.03
IN-02-0906,wheat,1996,2.35
IN-02-0906,wheat,1997,2.211
IN-02-0906,wheat,1998,2.481
IN-02-0906,wheat,1999,2.31
IN-02-0906,wheat,2000,2.418
IN-02-0906,wheat,2001,2.233
IN-02-0906,wheat,2002,1.929
IN-02-0906,wheat,2003,2.207
IN-02-0906,wheat,2004,2.134
IN-02-0906,wheat,2005,1.71
IN-02-0906,wheat,2006,2.342
IN-02-0906,wheat,2007,2.569
IN-02-0906,wheat,2008,2.513
IN-02-0906,wheat,2009,2.312
IN-02-0906,wheat,2010,2.781
IN-02-0906,wheat,2011,3.307
IN-02-0906,wheat,2012,2.861
IN-02-0906,wheat,2013,3.144
IN-02-0907,wheat,1990,2.286
IN-02-0907,wheat,1991,2.219
IN-02-0907,wheat,1992,2.202
IN-02-0907,wheat,1993,2.663
IN-02-0907,wheat,1994,2.646
IN-02-0907,wheat,1995,3.777
IN-02-0907,wheat,1996,2.636
IN-02-0907,wheat,1997,2.776
IN-02-0907,wheat,1998,2.514
IN-02-0907,wheat,1999,2.62
IN-02-0907,wheat,2000,2.672
IN-02-0907,wheat,2001,2.644
IN-02-0907,wheat,2002,2.587
IN-02-0907,wheat,2003,2.566
IN-02-0907,wheat,2004,1.859
IN-02-0907,wheat,2005,2.12
IN-02-0907,wheat,2006,2.147
IN-02-0907,wheat,2007,2.372
IN-02-0907,wheat,2008,2.445
IN-02-0907,wheat,2009,1.986
IN-02-0907,wheat,2010,2.335
IN-02-0907,wheat,2011,3.657
IN-02-0907,wheat,2012,3.567
IN-02-0907,wheat,2013,2.813
IN-02-0908,wheat,1990,1.793
IN-02-0908,wheat,1991,1.653
IN-02-0908,wheat,1992,1.636
IN-02-0908,wheat,1993,1.847
IN-02-0908,wheat,1994,1.765
IN-02-0908,wheat,1995,1.451
IN-02-0908,wheat,1996,2.563
IN-02-0908,wheat,1997,1.557
IN-02-0908,wheat,1998,1.509
IN-02-0908,wheat,1999,1.895
IN-02-0908,wheat,2000,1.696
IN-02-0908,wheat,2001,1.619
IN-02-0908,wheat,2002,1.211
IN-02-0908,wheat,2003,1.818
IN-02-0908,wheat,2004,1.883
IN-02-0908,wheat,2005,1.395
IN-02-0908,wheat,2006,1.853
IN-02-0908,wheat,2007,2.333
IN-02-0908,wheat,2008,1.652
IN-02-0908,wheat,2009,1.998
IN-02-0908,wheat,2010,1.809
IN-02-0908,wheat,2011,2.859
IN-02-0908,wheat,2012,2.625
IN-02-0908,wheat,2013,2.486
IN-02-0909,wheat,1990,1.335
IN-02-0909,wheat,1991,1.494
IN-02-0909,wheat,1992,1.529
IN-02-0909,wheat,1993,1.566
IN-02-0909,wheat,1994,1.78
IN-02-0909,wheat,1995,1.786
IN-02-0909,wheat,1996,1.585
IN-02-0909,wheat,1997,1.861
IN-02-0909,wheat,1998,2.143
IN-02-0909,wheat,1999,1.905
IN-02-0909,wheat,2000,2.095
IN-02-0909,wheat,2001,1.739
IN-02-0909,wheat,2002,1.5
IN-02-0909,wheat,2003,1.767
IN-02-0909,wheat,2004,1.293
IN-02-0909,wheat,2005,1.634
IN-02-0909,wheat,2006,1.675
IN-02-0909,wheat,2007,2.098
IN-02-0909,wheat,2008,0.697
IN-02-0909,wheat,2009,2.39
IN-02-0909,wheat,2010,2.576
IN-02-0909,wheat,2011,3.112
IN-02-0909,wheat,2012,2.425
IN-02-0909,wheat,2013,2.713
IN-15-0910,wheat,1990,1.422
IN-15-0910,wheat,1991,1.608
IN-15-0910,wheat,1992,1.937
IN-15-0910,wheat,1993,1.816
IN-15-0910,wheat,1994,1.903
IN-15-0910,wheat,1997,1.874
IN-15-0910,wheat,2000,1.998
IN-15-0910,wheat,2001,2.08
IN-15-0910,wheat,2002,1.801
IN-15-0910,wheat,2003,1.471
IN-15-0910,wheat,2004,1.736
IN-15-0910,wheat,2005,1.364
IN-15-0910,wheat,2006,1.564
IN-15-0910,wheat,2007,1.682
IN-15-0910,wheat,2008,1.636
IN-15-0910,wheat,2009,1.435
IN-15-0910,wheat,2010,1.317
IN-15-0910,wheat,2011,1.603
IN-15-0910,wheat,2012,2.346
IN-15-0910,wheat,2013,1.643
IN-02-0912,wheat,1990,1.661
IN-02-0912,wheat,1991,1.469
IN-02-0912,wheat,1992,0.86
IN-02-0912,wheat,1993,1.727
IN-02-0912,wheat,1994,1.925
IN-02-0912,wheat,1995,1.42
IN-02-0912,wheat,1996,1.733
IN-02-0912,wheat,1997,1.779
IN-02-0912,wheat,1998,2.06
IN-02-0912,wheat,1999,1.846
IN-02-0912,wheat,2000,1.827
IN-02-0912,wheat,2001,1.712
IN-02-0912,wheat,2002,2.0
IN-02-0912,wheat,2003,2.014
IN-02-0912,wheat,2004,1.119
IN-02-0912,wheat,2005,1.192
IN-02-0912,wheat,2006,2.131
IN-02-0912,wheat,2007,2.528
IN-02-0912,wheat,2008,2.133
IN-02-0912,wheat,2009,2.204
IN-02-0912,wheat,2010,2.198
IN-02-0912,wheat,2011,2.783
IN-02-0912,wheat,2012,2.459
IN-02-0912,wheat,2013,1.909
IN-15-0913,wheat,1990,1.321
IN-15-0913,wheat,1991,1.4
IN-15-0913,wheat,1992,1.293
IN-15-0913,wheat,1993,1.444
IN-15-0913,wheat,1994,1.75
IN-15-0913,wheat,1997,1.942
IN-15-0913,wheat,2000,1.978
IN-15-0913,wheat,2001,1.962
IN-15-0913,wheat,2002,1.775
IN-15-0913,wheat,2003,1.643
IN-15-0913,wheat,2004,1.379
IN-15-0913,wheat,2005,1.222
IN-15-0913,wheat,2006,1.386
IN-15-0913,wheat,2007,1.623
IN-15-0913,wheat,2008,1.651
IN-15-0913,wheat,2009,0.952
IN-15-0913,wheat,2010,1.844
IN-15-0913,wheat,2011,1.832
IN-15-0913,wheat,2012,1.75
IN-15-0913,wheat,2013,2.056
IN-15-0914,wheat,1990,1.577
IN-15-0914,wheat,1991,0.968
IN-15-0914,wheat,1992,1.054
IN-15-0914,wheat,1993,2.3
IN-15-0914,wheat,1994,1.639
IN-15-0914,wheat,1997,1.361
IN-15-0914,wheat,2000,1.696
IN-15-0914,wheat,2001,1.576
IN-15-0914,wheat,2002,1.65
IN-15-0914,wheat,2003,1.621
IN-15-0914,wheat,2004,0.917
IN-15-0914,wheat,2005,1.0
IN-15-0914,wheat,2006,1.308
IN-15-0914,wheat,2007,1.75
IN-15-0914,wheat,2008,1.571
IN-15-0914,wheat,2009,1.5
IN-15-0914,wheat,2010,1.5
IN-15-0914,wheat,2011,1.8
IN-15-0914,wheat,2012,1.698
IN-15-0914,wheat,2013,2.08
IN-15-0915,wheat,1990,1.03
IN-15-0915,wheat,1991,0.99
IN-15-0915,wheat,1992,0.179
IN-15-0915,wheat,1993,1.117
IN-15-0915,wheat,1994,1.311
IN-15-0915,wheat,1997,1.276
IN-15-0915,wheat,2001,1.201
IN-15-0915,wheat,2002,1.191
IN-15-0915,wheat,2003,0.965
IN-15-0915,wheat,2004,0.756
IN-15-0915,wheat,2005,0.665
IN-15-0915,wheat,2006,1.34
IN-15-0915,wheat,2007,0.127
IN-15-0915,wheat,2008,0.867
IN-15-0915,wheat,2009,0.725
IN-15-0915,wheat,2010,0.848
IN-15-0915,wheat,2011,1.403
IN-15-0915,wheat,2012,1.903
IN-15-0915,wheat,2013,1.579
IN-15-0916,wheat,1990,1.938
IN-15-0916,wheat,1991,1.564
IN-15-0916,wheat,1992,1.343
IN-15-0916,wheat,1993,1.5
IN-15-0916,wheat,1994,1.922
IN-15-0916,wheat,1997,1.994
IN-15-0916,wheat,2000,1.997
IN-15-0916,wheat,2001,1.9
IN-15-0916,wheat,2002,1.635
IN-15-0916,wheat,2003,1.685
IN-15-0916,wheat,2004,1.472
IN-15-0916,wheat,2005,1.113
IN-15-0916,wheat,2006,0.391
IN-15-0916,wheat,2007,1.692
IN-15-0916,wheat,2008,1.882
IN-15-0916,wheat,2009,1.487
IN-15-0916,wheat,2010,1.477
IN-15-0916,wheat,2011,2.035
IN-15-0916,wheat,2012,2.064
IN-15-0916,wheat,2013,2.308
IN-02-0918,wheat,1990,2.106
IN-02-0918,wheat,1991,1.819
IN-02-0918,wheat,1992,2.009
IN-02-0918,wheat,1993,2.13
IN-02-0918,wheat,1994,2.153
IN-02-0918,wheat,1995,2.143
IN-02-0918,wheat,1996,2.117
IN-02-0918,wheat,1997,1.958
IN-02-0918,wheat,1998,2.485
IN-02-0918,wheat,1999,2.388
IN-02-0918,wheat,2000,2.011
IN-02-0918,wheat,2001,2.099
IN-02-0918,wheat,2002,1.904
IN-02-0918,wheat,2003,1.482
IN-02-0918,wheat,2004,0.823
IN-02-0918,wheat,2005,1.582
IN-02-0918,wheat,2006,1.912
IN-02-0918,wheat,2007,2.004
IN-02-0918,wheat,2008,1.424
IN-02-0918,wheat,2009,1.548
IN-02-0918,wheat,2010,2.093
IN-02-0918,wheat,2011,2.826
IN-02-0918,wheat,2012,2.765
IN-02-0918,wheat,2013,2.801
IN-02-0919,wheat,1990,1.892
IN-02-0919,wheat,1991,1.626
IN-02-0919,wheat,1992,1.896
IN-02-0919,wheat,1993,1.788
IN-02-0919,wheat,1994,1.809
IN-02-0919,wheat,1995,1.652
IN-02-0919,wheat,1996,1.83
IN-02-0919,wheat,1997,2.081
IN-02-0919,wheat,1998,2.102
IN-02-0919,wheat,1999,2.46
IN-02-0919,wheat,2000,1.667
IN-02-0919,wheat,2001,1.913
IN-02-0919,wheat,2002,2.02
IN-02-0919,wheat,2003,1.909
IN-02-0919,wheat,2004,0.931
IN-02-0919,wheat,2005,1.268
IN-02-0919,wheat,2006,2.15
IN-02-0919,wheat,2007,2.52
IN-02-0919,wheat,2008,2.354
IN-02-0919,wheat,2009,1.876
IN-02-0919,wheat,2010,2.025
IN-02-0919,wheat,2011,2.592
IN-02-0919,wheat,2012,2.495
IN-02-0919,wheat,2013,2.439
IN-02-0920,wheat,1990,1.562
IN-02-0920,wheat,1991,1.71
IN-02-0920,wheat,1992,1.738
IN-02-0920,wheat,1993,2.263
IN-02-0920,wheat,1994,2.136
IN-02-0920,wheat,1995,1.851
IN-02-0920,wheat,1996,1.831
IN-02-0920,wheat,1997,1.783
IN-02-0920,wheat,1998,2.308
IN-02-0920,wheat,1999,2.114
IN-02-0920,wheat,2000,2.018
IN-02-0920,wheat,2001,2.069
IN-02-0920,wheat,2002,2.123
IN-02-0920,wheat,2003,2.073
IN-02-0920,wheat,2004,1.419
IN-02-0920,wheat,2005,1.156
IN-02-0920,wheat,2006,2.035
IN-02-0920,wheat,2007,1.925
IN-02-0920,wheat,2008,1.454
IN-02-0920,wheat,2009,1.21
IN-02-0920,wheat,2010,2.013
IN-02-0920,wheat,2011,2.264
IN-02-0920,wheat,2012,2.147
IN-02-0920,wheat,2013,3.01
IN-02-0921,wheat,1990,2.051
IN-02-0921,wheat,1991,2.031
IN-02-0921,wheat,1992,1.825
IN-02-0921,wheat,1993,2.604
IN-02-0921,wheat,1994,2.857
IN-02-0921,wheat,1995,2.454
IN-02-0921,wheat,1996,2.756
IN-02-0921,wheat,1997,2.012
IN-02-0921,wheat,1998,2.269
IN-02-0921,wheat,1999,2.646
IN-02-0921,wheat,2000,2.567
IN-02-0921,wheat,2001,2.366
IN-02-0921,wheat,2002,2.0
IN-02-0921,wheat,2003,2.426
IN-02-0921,wheat,2004,1.835
IN-02-0921,wheat,2005,2.592
IN-02-0921,wheat,2006,2.527
IN-02-0921,wheat,2007,3.108
IN-02-0921,wheat,2008,2.822
IN-02-0921,wheat,2009,3.337
IN-02-0921,wheat,2010,2.598
IN-02-0921,wheat,2011,3.024
IN-02-0921,wheat,2012,2.59
IN-02-0921,wheat,2013,2.834
IN-02-0922,wheat,1990,1.941
IN-02-0922,wheat,1991,1.957
IN-02-0922,wheat,1992,1.834
IN-02-0922,wheat,1993,2.059
IN-02-0922,wheat,1994,2.186
IN-02-0922,wheat,1995,1.914
IN-02-0922,wheat,1996,2.464
IN-02-0922,wheat,1997,1.614
IN-02-0922,wheat,1998,2.201
IN-02-0922,wheat,1999,2.504
IN-02-0922,wheat,2000,2.108
IN-02-0922,wheat,2001,2.977
IN-02-0922,wheat,2002,2.421
IN-02-0922,wheat,2003,2.516
IN-02-0922,wheat,2004,2.057
IN-02-0922,wheat,2005,2.18
IN-02-0922,wheat,2006,2.436
IN-02-0922,wheat,2007,2.605
IN-02-0922,wheat,2008,2.771
IN-02-0922,wheat,2009,2.375
IN-02-0922,wheat,2010,2.94
IN-02-0922,wheat,2011,2.752
IN-02-0922,wheat,2012,3.201
IN-02-0922,wheat,2013,2.917
IN-02-0923,wheat,1990,1.79
IN-02-0923,wheat,1991,1.888
IN-02-0923,wheat,1992,1.713
IN-02-0923,wheat,1993,3.133
IN-02-0923,wheat,1994,2.006
IN-02-0923,wheat,1995,1.999
IN-02-0923,wheat,1996,2.541
IN-02-0923,wheat,1997,2.349
IN-02-0923,wheat,1998,2.074
IN-02-0923,wheat,1999,2.468
IN-02-0923,wheat,2000,2.051
IN-02-0923,wheat,2001,2.34
IN-02-0923,wheat,2002,1.96
IN-02-0923,wheat,2003,2.145
IN-02-0923,wheat,2004,2.094
IN-02-0923,wheat,2005,1.679
IN-02-0923,wheat,2006,2.08
IN-02-0923,wheat,2007,2.536
IN-02-0923,wheat,2008,2.31
IN-02-0923,wheat,2009,2.82
IN-02-0923,wheat,2010,2.012
IN-02-0923,wheat,2011,3.003
IN-02-0923,wheat,2012,3.313
IN-02-0923,wheat,2013,3.069
IN-02-0924,wheat,1990,2.085
IN-02-0924,wheat,1991,2.017
IN-02-0924,wheat,1992,2.312
IN-02-0924,wheat,1993,2.701
IN-02-0924,wheat,1994,2.406
IN-02-0924,wheat,1995,1.088
IN-02-0924,wheat,1996,2.402
IN-02-0924,wheat,1997,2.297
IN-02-0924,wheat,1998,2.32
IN-02-0924,wheat,1999,2.47
IN-02-0924,wheat,2000,2.474
IN-02-0924,wheat,2001,2.081
IN-02-0924,wheat,2002,1.874
IN-02-0924,wheat,2003,2.344
IN-02-0924,wheat,2004,1.372
IN-02-0924,wheat,2005,1.621
IN-02-0924,wheat,2006,2.502
IN-02-0924,wheat,2007,1.878
IN-02-0924,wheat,2008,1.775
IN-02-0924,wheat,2009,1.968
IN-02-0924,wheat,2010,3.389
IN-02-0924,wheat,2011,3.29
IN-02-0924,wheat,2012,3.445
IN-02-0924,wheat,2013,3.193
IN-02-0925,wheat,1990,2.04
IN-02-0925,wheat,1991,1.855
IN-02-0925,wheat,1992,2.242
IN-02-0925,wheat,1993,2.089
IN-02-0925,wheat,1994,2.214
IN-02-0925,wheat,1995,1.818
IN-02-0925,wheat,1996,1.674
IN-02-0925,wheat,1997,2.287
IN-02-0925,wheat,1998,1.958
IN-02-0925,wheat,1999,2.383
IN-02-0925,wheat,2000,2.246
IN-02-0925,wheat,2001,2.05
IN-02-0925,wheat,2002,1.765
IN-02-0925,wheat,2003,1.565
IN-02-0925,wheat,2004,2.131
IN-02-0925,wheat,2005,1.075
IN-02-0925,wheat,2006,2.018
IN-02-0925,wheat,2007,2.884
IN-02-0925,wheat,2008,1.509
IN-02-0925,wheat,2009,0.733
IN-02-0925,wheat,2010,3.028
IN-02-0925,wheat,2011,3.235
IN-02-0925,wheat,2012,2.642
IN-02-0925,wheat,2013,2.729
IN-02-0926,wheat,1990,1.831
IN-02-0926,wheat,1991,1.91
IN-02-0926,wheat,1992,1.538
IN-02-0926,wheat,1993,2.214
IN-02-0926,wheat,1994,2.398
IN-02-0926,wheat,1995,1.513
IN-02-0926,wheat,1996,2.108
IN-02-0926,wheat,1997,2.346
IN-02-0926,wheat,1998,2.353
IN-02-0926,wheat,1999,2.537
IN-02-0926,wheat,2000,2.964
IN-02-0926,wheat,2001,2.65
IN-02-0926,wheat,2002,2.125
IN-02-0926,wheat,2003,1.788
IN-02-0926,wheat,2004,2.217
IN-02-0926,wheat,2005,1.059
IN-02-0926,wheat,2006,1.91
IN-02-0926,wheat,2007,3.15
IN-02-0926,wheat,2008,2.868
IN-02-0926,wheat,2009,2.074
IN-02-0926,wheat,2010,2.685
IN-02-0926,wheat,2011,3.244
IN-02-0926,wheat,2012,2.563
IN-02-0926,wheat,2013,2.873
IN-02-0927,wheat,1990,1.472
IN-02-0927,wheat,1991,1.614
IN-02-0927,wheat,1992,1.113
IN-02-0927,wheat,1993,1.958
IN-02-0927,wheat,1994,1.631
IN-02-0927,wheat,1995,2.122
IN-02-0927,wheat,1996,2.628
IN-02-0927,wheat,1997,1.661
IN-02-0927,wheat,1998,2.538
IN-02-0927,wheat,1999,2.415
IN-02-0927,wheat,2000,2.535
IN-02-0927,wheat,2001,2.298
IN-02-0927,wheat,2002,2.14
IN-02-0927,wheat,2003,0.888
IN-02-0927,wheat,2004,2.162
IN-02-0927,wheat,2005,1.533
IN-02-0927,wheat,2006,2.513
IN-02-0927,wheat,2007,2.79
IN-02-0927,wheat,2008,3.123
IN-02-0927,wheat,2009,2.435
IN-02-0927,wheat,2010,3.32
IN-02-0927,wheat,2011,3.853
IN-02-0927,wheat,2012,2.777
IN-02-0927,wheat,2013,3.366
IN-02-0928,wheat,1990,1.172
IN-02-0928,wheat,1991,1.5
IN-02-0928,wheat,1992,1.552
IN-02-0928,wheat,1993,1.578
IN-02-0928,wheat,1994,1.559
IN-02-0928,wheat,1996,2.265
IN-02-0928,wheat,1997,1.863
IN-02-0928,wheat,1998,1.64
IN-02-0928,wheat,1999,1.738
IN-02-0928,wheat,2000,1.717
IN-02-0928,wheat,2001,1.394
IN-02-0928,wheat,2002,1.676
IN-02-0928,wheat,2003,1.601
IN-02-0928,wheat,2004,1.616
IN-02-0928,wheat,2005,1.15
IN-02-0928,wheat,2006,1.732
IN-02-0928,wheat,2007,1.823
IN-02-0928,wheat,2008,1.904
IN-02-0928,wheat,2009,1.732
IN-02-0928,wheat,2010,1.819
IN-02-0928,wheat,2011,2.863
IN-02-0928,wheat,2012,2.866
IN-02-0928,wheat,2013,2.887
IN-02-0929,wheat,1990,1.46
IN-02-0929,wheat,1991,1.781
IN-02-0929,wheat,1992,1.797
IN-02-0929,wheat,1993,1.755
IN-02-0929,wheat,1994,1.711
IN-02-0929,wheat,1995,1.558
IN-02-0929,wheat,1996,1.741
IN-02-0929,wheat,1997,1.636
IN-02-0929,wheat,1998,1.634
IN-02-0929,wheat,1999,1.838
IN-02-0929,wheat,2000,1.551
IN-02-0929,wheat,2001,1.444
IN-02-0929,wheat,2002,1.322
IN-02-0929,wheat,2003,0.794
IN-02-0929,wheat,2004,0.805
IN-02-0929,wheat,2005,0.684
IN-02-0929,wheat,2006,1.601
IN-02-0929,wheat,2007,1.871
IN-02-0929,wheat,2008,1.599
IN-02-0929,wheat,2009,2.146
IN-02-0929,wheat,2010,2.374
IN-02-0929,wheat,2011,2.17
IN-02-0929,wheat,2012,2.072
IN-02-0929,wheat,2013,2.119
IN-02-0930,wheat,1990,1.97
IN-02-0930,wheat,1991,1.549
IN-02-0930,wheat,1992,1.547
IN-02-0930,wheat,1993,2.048
IN-02-0930,wheat,1994,2.022
IN-02-0930,wheat,1995,1.647
IN-02-0930,wheat,1996,1.624
IN-02-0930,wheat,1997,2.058
IN-02-0930,wheat,1998,2.098
IN-02-0930,wheat,1999,2.0
IN-02-0930,wheat,2000,2.218
IN-02-0930,wheat,2001,1.891
IN-02-0930,wheat,2002,1.692
IN-02-0930,wheat,2003,1.143
IN-02-0930,wheat,2004,1.851
IN-02-0930,wheat,2005,1.764
IN-02-0930,wheat,2006,2.789
IN-02-0930,wheat,2007,2.563
IN-02-0930,wheat,2008,2.768
IN-02-0930,wheat,2009,2.689
IN-02-0930,wheat,2010,2.654
IN-02-0930,wheat,2011,3.84
IN-02-0930,wheat,2012,3.495
IN-02-0930,wheat,2013,3.74
IN-02-0931,wheat,1990,2.144
IN-02-0931,wheat,1991,1.91
IN-02-0931,wheat,1992,1.719
IN-02-0931,wheat,1993,2.621
IN-02-0931,wheat,1994,2.268
IN-02-0931,wheat,1995,2.14
IN-02-0931,wheat,1996,2.336
IN-02-0931,wheat,1997,1.831
IN-02-0931,wheat,1998,2.061
IN-02-0931,wheat,1999,2.097
IN-02-0931,wheat,2000,2.377
IN-02-0931,wheat,2001,1.929
IN-02-0931,wheat,2002,1.839
IN-02-0931,wheat,2003,1.941
IN-02-0931,wheat,2004,1.682
IN-02-0931,wheat,2005,1.735
IN-02-0931,wheat,2006,2.171
IN-02-0931,wheat,2007,2.375
IN-02-0931,wheat,2008,1.711
IN-02-0931,wheat,2009,1.908
IN-02-0931,wheat,2010,2.656
IN-02-0931,wheat,2011,3.755
IN-02-0931,wheat,2012,2.934
IN-02-0931,wheat,2013,3.37
IN-02-0932,wheat,1990,1.766
IN-02-0932,wheat,1991,1.708
IN-02-0932,wheat,1992,1.572
IN-02-0932,wheat,1993,1.625
IN-02-0932,wheat,1994,1.806
IN-02-0932,wheat,1995,1.248
IN-02-0932,wheat,1996,1.906
IN-02-0932,wheat,1997,1.828
IN-02-0932,wheat,1998,2.024
IN-02-0932,wheat,1999,2.0
IN-02-0932,wheat,2000,2.209
IN-02-0932,wheat,2001,1.628
IN-02-0932,wheat,2002,1.628
IN-02-0932,wheat,2003,1.197
IN-02-0932,wheat,2004,1.176
IN-02-0932,wheat,2005,0.633
IN-02-0932,wheat,2006,1.257
IN-02-0932,wheat,2007,1.376
IN-02-0932,wheat,2008,1.249
IN-02-0932,wheat,2009,1.853
IN-02-0932,wheat,2010,3.058
IN-02-0932,wheat,2011,2.918
IN-02-0932,wheat,2012,3.341
IN-02-0932,wheat,2013,3.192
IN-15-0933,wheat,1990,1.53
IN-15-0933,wheat,1991,1.611
IN-15-0933,wheat,1992,1.197
IN-15-0933,wheat,1993,1.379
IN-15-0933,wheat,1994,1.392
IN-15-0933,wheat,1997,1.409
IN-15-0933,wheat,2000,1.604
IN-15-0933,wheat,2001,1.636
IN-15-0933,wheat,2002,1.407
IN-15-0933,wheat,2003,1.367
IN-15-0933,wheat,2004,1.344
IN-15-0933,wheat,2005,1.168
IN-15-0933,wheat,2006,1.261
IN-15-0933,wheat,2007,1.369
IN-15-0933,wheat,2008,1.491
IN-15-0933,wheat,2009,1.02
IN-15-0933,wheat,2010,0.54
IN-15-0933,wheat,2011,1.487
IN-15-0933,wheat,2012,2.018
IN-15-0933,wheat,2013,2.191
IN-02-0934,wheat,1990,1.58
IN-02-0934,wheat,1991,1.825
IN-02-0934,wheat,1992,1.605
IN-02-0934,wheat,1993,2.164
IN-02-0934,wheat,1994,2.122
IN-02-0934,wheat,1995,1.899
IN-02-0934,wheat,1996,1.994
IN-02-0934,wheat,1997,1.805
IN-02-0934,wheat,1998,2.438
IN-02-0934,wheat,1999,2.053
IN-02-0934,wheat,2000,1.833
IN-02-0934,wheat,2001,2.194
IN-02-0934,wheat,2002,2.382
IN-02-0934,wheat,2003,2.471
IN-02-0934,wheat,2004,1.936
IN-02-0934,wheat,2005,1.658
IN-02-0934,wheat,2006,2.199
IN-02-0934,wheat,2007,1.712
IN-02-0934,wheat,2008,0.976
IN-02-0934,wheat,2009,1.93
IN-02-0934,wheat,2010,1.972
IN-02-0934,wheat,2011,3.685
IN-02-0934,wheat,2012,3.387
IN-02-0934,wheat,2013,2.856
IN-02-0935,wheat,1990,1.518
IN-02-0935,wheat,1991,1.819
IN-02-0935,wheat,1992,1.443
IN-02-0935,wheat,1993,1.736
IN-02-0935,wheat,1994,1.686
IN-02-0935,wheat,1995,1.991
IN-02-0935,wheat,1996,2.677
IN-02-0935,wheat,1997,1.592
IN-02-0935,wheat,1998,1.995
IN-02-0935,wheat,1999,2.184
IN-02-0935,wheat,2000,2.327
IN-02-0935,wheat,2001,1.827
IN-02-0935,wheat,2002,1.64
IN-02-0935,wheat,2003,1.044
IN-02-0935,wheat,2004,1.842
IN-02-0935,wheat,2005,0.803
IN-02-0935,wheat,2006,1.452
IN-02-0935,wheat,2007,1.952
IN-02-0935,wheat,2008,1.809
IN-02-0935,wheat,2009,2.253
IN-02-0935,wheat,2010,1.927
IN-02-0935,wheat,2011,3.302
IN-02-0935,wheat,2012,2.531
IN-02-0935,wheat,2013,2.87
IN-02-0936,wheat,1990,2.321
IN-02-0936,wheat,1991,1.74
IN-02-0936,wheat,1992,1.841
IN-02-0936,wheat,1993,2.139
IN-02-0936,wheat,1994,1.974
IN-02-0936,wheat,1995,1.687
IN-02-0936,wheat,1996,1.6
IN-02-0936,wheat,1997,1.79
IN-02-0936,wheat,1998,1.858
IN-02-0936,wheat,1999,2.081
IN-02-0936,wheat,2000,1.778
IN-02-0936,wheat,2001,1.476
IN-02-0936,wheat,2002,1.293
IN-02-0936,wheat,2003,1.506
IN-02-0936,wheat,2004,1.719
IN-02-0936,wheat,2005,1.576
IN-02-0936,wheat,2006,1.479
IN-02-0936,wheat,2007,1.643
IN-02-0936,wheat,2008,1.831
IN-02-0936,wheat,2009,3.345
IN-02-0936,wheat,2010,1.721
IN-02-0936,wheat,2011,3.807
IN-02-0936,wheat,2012,3.015
IN-02-0936,wheat,2013,3.231
IN-15-0937,wheat,1990,1.347
IN-15-0937,wheat,1991,1.334
IN-15-0937,wheat,1992,1.049
IN-15-0937,wheat,1993,1.217
IN-15-0937,wheat,1994,1.07
IN-15-0937,wheat,1997,1.648
IN-15-0937,wheat,2000,2.211
IN-15-0937,wheat,2001,2.486
IN-15-0937,wheat,2002,1.287
IN-15-0937,wheat,2003,1.552
IN-15-0937,wheat,2004,1.976
IN-15-0937,wheat,2005,1.349
IN-15-0937,wheat,2006,1.687
IN-15-0937,wheat,2007,1.581
IN-15-0937,wheat,2008,1.694
IN-15-0937,wheat,2009,1.17
IN-15-0937,wheat,2010,1.364
IN-15-0937,wheat,2011,2.0
IN-15-0937,wheat,2012,2.023
IN-15-0937,wheat,2013,1.372
IN-15-0938,wheat,1990,1.479
IN-15-0938,wheat,1991,1.539
IN-15-0938,wheat,1992,1.261
IN-15-0938,wheat,1993,1.53
IN-15-0938,wheat,1994,1.884
IN-15-0938,wheat,1997,1.963
IN-15-0938,wheat,2000,2.097
IN-15-0938,wheat,2001,2.0
IN-15-0938,wheat,2002,1.554
IN-15-0938,wheat,2003,1.199
IN-15-0938,wheat,2004,1.181
IN-15-0938,wheat,2005,0.866
IN-15-0938,wheat,2006,1.035
IN-15-0938,wheat,2007,1.306
IN-15-0938,wheat,2008,1.042
IN-15-0938,wheat,2009,1.147
IN-15-0938,wheat,2010,1.344
IN-15-0938,wheat,2011,1.333
IN-15-0938,wheat,2012,1.47
IN-15-0938,wheat,2013,1.645
IN-15-0940,wheat,1990,1.854
IN-15-0940,wheat,1991,1.618
IN-15-0940,wheat,1992,1.621
IN-15-0940,wheat,1993,1.579
IN-15-0940,wheat,1994,1.808
IN-15-0940,wheat,1997,1.607
IN-15-0940,wheat,2000,2.021
IN-15-0940,wheat,2001,2.133
IN-15-0940,wheat,2002,1.278
IN-15-0940,wheat,2003,1.823
IN-15-0940,wheat,2004,1.628
IN-15-0940,wheat,2005,1.053
IN-15-0940,wheat,2006,1.523
IN-15-0940,wheat,2007,1.78
IN-15-0940,wheat,2008,1.986
IN-15-0940,wheat,2009,1.724
IN-15-0940,wheat,2010,1.674
IN-15-0940,wheat,2011,1.821
IN-15-0940,wheat,2012,1.782
IN-15-0940,wheat,2013,1.403
IN-15-0941,wheat,1990,0.992
IN-15-0941,wheat,1991,1.17
IN-15-0941,wheat,1992,1.192
IN-15-0941,wheat,1993,1.685
IN-15-0941,wheat,1994,1.655
IN-15-0941,wheat,1997,1.492
IN-15-0941,wheat,2000,1.22
IN-15-0941,wheat,2001,1.434
IN-15-0941,wheat,2002,1.271
IN-15-0941,wheat,2003,1.657
IN-15-0941,wheat,2004,1.335
IN-15-0941,wheat,2005,1.335
IN-15-0941,wheat,2006,1.857
IN-15-0941,wheat,2007,1.923
IN-15-0941,wheat,2008,2.038
IN-15-0941,wheat,2009,1.751
IN-15-0941,wheat,2010,1.024
IN-15-0941,wheat,2011,1.739
IN-15-0941,wheat,2012,1.955
IN-15-0941,wheat,2013,1.932
IN-15-0942,wheat,1990,1.139
IN-15-0942,wheat,1991,1.042
IN-15-0942,wheat,1992,0.708
IN-15-0942,wheat,1993,1.07
IN-15-0942,wheat,1994,1.314
IN-15-0942,wheat,1997,2.068
IN-15-0942,wheat,2000,2.503
IN-15-0942,wheat,2001,2.385
IN-15-0942,wheat,2002,0.959
IN-15-0942,wheat,2003,1.167
IN-15-0942,wheat,2004,0.976
IN-15-0942,wheat,2005,1.21
IN-15-0942,wheat,2006,1.36
IN-15-0942,wheat,2007,1.178
IN-15-0942,wheat,2008,1.323
IN-15-0942,wheat,2009,1.325
IN-15-0942,wheat,2010,1.253
IN-15-0942,wheat,2011,1.506
IN-15-0942,wheat,2012,1.403
IN-15-0942,wheat,2013,1.417
IN-15-0943,wheat,1990,0.933
IN-15-0943,wheat,1991,1.093
IN-15-0943,wheat,1992,1.318
IN-15-0943,wheat,1993,1.324
IN-15-0943,wheat,1994,1.324
IN-15-0943,wheat,1997,1.26
IN-15-0943,wheat,2000,1.442
IN-15-0943,wheat,2001,1.594
IN-15-0943,wheat,2003,1.364
IN-15-0943,wheat,2004,1.233
IN-15-0943,wheat,2005,0.833
IN-15-0943,wheat,2006,1.313
IN-15-0943,wheat,2007,1.344
IN-15-0943,wheat,2008,1.111
IN-15-0943,wheat,2009,1.038
IN-15-0943,wheat,2010,0.652
IN-15-0943,wheat,2011,1.333
IN-15-0943,wheat,2012,1.144
IN-15-0943,wheat,2013,1.14
IN-15-0944,wheat,1990,0.926
IN-15-0944,wheat,1991,1.235
IN-15-0944,wheat,1992,2.238
IN-15-0944,wheat,1993,1.5
IN-15-0944,wheat,1994,1.556
IN-15-0944,wheat,1997,1.583
IN-15-0944,wheat,2000,1.443
IN-15-0944,wheat,2001,1.741
IN-15-0944,wheat,2003,1.313
IN-15-0944,wheat,2004,1.143
IN-15-0944,wheat,2005,1.0
IN-15-0944,wheat,2006,1.143
IN-15-0944,wheat,2007,1.111
IN-15-0944,wheat,2008,1.194
IN-15-0944,wheat,2009,1.063
IN-15-0944,wheat,2010,0.5
IN-15-0944,wheat,2011,1.094
IN-15-0944,wheat,2012,1.245
IN-15-0944,wheat,2013,1.151
IN-02-0945,wheat,1990,1.459
IN-02-0945,wheat,1991,1.554
IN-02-0945,wheat,1992,1.516
IN-02-0945,wheat,1993,1.552
IN-02-0945,wheat,1994,1.85
IN-02-0945,wheat,1995,1.19
IN-02-0945,wheat,1996,1.704
IN-02-0945,wheat,1997,1.681
IN-02-0945,wheat,1998,1.669
IN-02-0945,wheat,1999,2.294
IN-02-0945,wheat,2000,2.089
IN-02-0945,wheat,2001,1.65
IN-02-0945,wheat,2002,1.554
IN-02-0945,wheat,2003,0.971
IN-02-0945,wheat,2004,0.618
IN-02-0945,wheat,2005,0.847
IN-02-0945,wheat,2006,0.698
IN-02-0945,wheat,2007,1.547
IN-02-0945,wheat,2008,1.674
IN-02-0945,wheat,2009,1.858
IN-02-0945,wheat,2010,2.435
IN-02-0945,wheat,2011,2.481
IN-02-0945,wheat,2012,3.726
IN-02-0945,wheat,2013,2.789
IN-02-0946,wheat,1990,1.392
IN-02-0946,wheat,1991,1.721
IN-02-0946,wheat,1992,1.506
IN-02-0946,wheat,1993,1.181
IN-02-0946,wheat,1994,1.532
IN-02-0946,wheat,1995,1.422
IN-02-0946,wheat,1996,1.735
IN-02-0946,wheat,1997,1.262
IN-02-0946,wheat,1998,1.828
IN-02-0946,wheat,1999,2.067
IN-02-0946,wheat,2000,1.577
IN-02-0946,wheat,2001,1.786
IN-02-0946,wheat,2002,1.655
IN-02-0946,wheat,2003,0.817
IN-02-0946,wheat,2004,1.326
IN-02-0946,wheat,2005,0.736
IN-02-0946,wheat,2006,1.287
IN-02-0946,wheat,2007,1.021
IN-02-0946,wheat,2008,1.325
IN-02-0946,wheat,2009,1.122
IN-02-0946,wheat,2010,1.217
IN-02-0946,wheat,2011,1.532
IN-02-0946,wheat,2012,1.872
IN-02-0946,wheat,2013,2.846
IN-02-0947,wheat,1992,1.854
IN-02-0947,wheat,1993,2.602
IN-02-0947,wheat,1994,2.142
IN-02-0947,wheat,1995,2.335
IN-02-0947,wheat,1996,3.115
IN-02-0947,wheat,1997,2.507
IN-02-0947,wheat,1998,2.356
IN-02-0947,wheat,1999,2.515
IN-02-0947,wheat,2000,2.87
IN-02-0947,wheat,2001,2.896
IN-02-0947,wheat,2002,2.702
IN-02-0947,wheat,2003,2.764
IN-02-0947,wheat,2004,1.866
IN-02-0947,wheat,2005,1.96
IN-02-0947,wheat,2006,2.029
IN-02-0947,wheat,2007,2.994
IN-02-0947,wheat,2008,2.905
IN-02-0947,wheat,2009,2.41
IN-02-0947,wheat,2010,2.933
IN-02-0947,wheat,2011,3.039
IN-02-0947,wheat,2012,2.719
IN-02-0947,wheat,2013,2.993
IN-02-0948,wheat,1992,1.76
IN-02-0948,wheat,1993,2.041
IN-02-0948,wheat,1994,2.511
IN-02-0948,wheat,1995,2.057
IN-02-0948,wheat,1996,2.581
IN-02-0948,wheat,1997,2.161
IN-02-0948,wheat,1998,2.378
IN-02-0948,wheat,1999,2.569
IN-02-0948,wheat,2000,2.47
IN-02-0948,wheat,2001,2.928
IN-02-0948,wheat,2002,2.656
IN-02-0948,wheat,2003,2.26
IN-02-0948,wheat,2004,1.634
IN-02-0948,wheat,2005,2.012
IN-02-0948,wheat,2006,2.16
IN-02-0948,wheat,2007,1.843
IN-02-0948,wheat,2008,2.182
IN-02-0948,wheat,2009,2.221
IN-02-0948,wheat,2010,2.415
IN-02-0948,wheat,2011,3.007
IN-02-0948,wheat,2012,2.49
IN-02-0948,wheat,2013,2.053
IN-02-0949,wheat,1992,1.578
IN-02-0949,wheat,1993,1.673
IN-02-0949,wheat,1994,1.42
IN-02-0949,wheat,1995,1.075
IN-02-0949,wheat,1996,1.069
IN-02-0949,wheat,1997,1.501
IN-02-0949,wheat,1998,1.36
IN-02-0949,wheat,1999,1.463
IN-02-0949,wheat,2000,1.306
IN-02-0949,wheat,2001,1.5
IN-02-0949,wheat,2002,1.423
IN-02-0949,wheat,2003,1.547
IN-02-0949,wheat,2004,1.288
IN-02-0949,wheat,2005,1.198
IN-02-0949,wheat,2006,1.846
IN-02-0949,wheat,2007,2.07
IN-02-0949,wheat,2008,2.099
IN-02-0949,wheat,2009,1.94
IN-02-0949,wheat,2010,1.799
IN-02-0949,wheat,2011,3.039
IN-02-0949,wheat,2012,2.55
IN-02-0949,wheat,2013,2.702
IN-02-0950,wheat,1992,1.565
IN-02-0950,wheat,1993,1.737
IN-02-0950,wheat,1994,1.33
IN-02-0950,wheat,1995,1.986
IN-02-0950,wheat,1996,1.852
IN-02-0950,wheat,1997,1.248
IN-02-0950,wheat,1998,1.202
IN-02-0950,wheat,1999,1.278
IN-02-0950,wheat,2000,1.095
IN-02-0950,wheat,2001,1.526
IN-02-0950,wheat,2002,1.176
IN-02-0950,wheat,2003,1.303
IN-02-0950,wheat,2004,1.147
IN-02-0950,wheat,2005,0.982
IN-02-0950,wheat,2006,1.498
IN-02-0950,wheat,2007,2.418
IN-02-0950,wheat,2008,2.165
IN-02-0950,wheat,2009,1.655
IN-02-0950,wheat,2010,1.497
IN-02-0950,wheat,2011,2.725
IN-02-0950,wheat,2012,2.09
IN-02-0950,wheat,2013,2.013
IN-02-0951,wheat,1992,1.335
IN-02-0951,wheat,1993,1.424
IN-02-0951,wheat,1994,1.744
IN-02-0951,wheat,1995,1.828
IN-02-0951,wheat,1996,1.595
IN-02-0951,wheat,1997,1.711
IN-02-0951,wheat,1998,1.453
IN-02-0951,wheat,1999,1.6
IN-02-0951,wheat,2000,1.593
IN-02-0951,wheat,2001,1.679
IN-02-0951,wheat,2002,1.661
IN-02-0951,wheat,2003,1.35
IN-02-0951,wheat,2004,1.65
IN-02-0951,wheat,2005,0.686
IN-02-0951,wheat,2006,1.853
IN-02-0951,wheat,2007,2.037
IN-02-0951,wheat,2008,1.766
IN-02-0951,wheat,2009,1.844
IN-02-0951,wheat,2010,1.542
IN-02-0951,wheat,2011,2.267
IN-02-0951,wheat,2012,1.87
IN-02-0951,wheat,2013,2.293
IN-15-0952,wheat,1992,1.245
IN-15-0952,wheat,1993,1.466
IN-15-0952,wheat,1994,1.602
IN-15-0952,wheat,1997,1.648
IN-15-0952,wheat,2000,1.352
IN-15-0952,wheat,2001,1.848
IN-15-0952,wheat,2002,1.375
IN-15-0952,wheat,2003,1.056
IN-15-0952,wheat,2004,0.914
IN-15-0952,wheat,2005,0.98
IN-15-0952,wheat,2006,1.226
IN-15-0952,wheat,2007,1.406
IN-15-0952,wheat,2008,1.209
IN-15-0952,wheat,2009,1.426
IN-15-0952,wheat,2010,0.842
IN-15-0952,wheat,2011,1.281
IN-15-0952,wheat,2012,2.178
IN-15-0952,wheat,2013,2.455
IN-15-0953,wheat,1992,1.212
IN-15-0953,wheat,1993,1.391
IN-15-0953,wheat,1994,1.413
IN-15-0953,wheat,1997,1.281
IN-15-0953,wheat,2000,1.405
IN-15-0953,wheat,2001,1.402
IN-15-0953,wheat,2002,1.114
IN-15-0953,wheat,2003,0.696
IN-15-0953,wheat,2004,1.171
IN-15-0953,wheat,2005,0.472
IN-15-0953,wheat,2006,0.857
IN-15-0953,wheat,2007,1.043
IN-15-0953,wheat,2008,1.2
IN-15-0953,wheat,2009,1.343
IN-15-0953,wheat,2010,1.213
IN-15-0953,wheat,2011,1.733
IN-15-0953,wheat,2012,2.054
IN-15-0953,wheat,2013,1.943
IN-15-0954,wheat,1992,0.179
IN-15-0954,wheat,1993,1.121
IN-15-0954,wheat,1994,1.297
IN-15-0954,wheat,1997,1.223
IN-15-0954,wheat,2000,1.597
IN-15-0954,wheat,2001,1.397
IN-15-0954,wheat,2002,1.042
IN-15-0954,wheat,2003,1.243
IN-15-0954,wheat,2004,0.756
IN-15-0954,wheat,2005,0.622
IN-15-0954,wheat,2006,0.728
IN-15-0954,wheat,2007,1.131
IN-15-0954,wheat,2008,0.777
IN-15-0954,wheat,2009,0.834
IN-15-0954,wheat,2010,0.888
IN-15-0954,wheat,2011,1.49
IN-15-0954,wheat,2012,1.777
IN-15-0954,wheat,2013,0.161
IN-15-0955,wheat,1997,1.691
IN-15-0955,wheat,2000,1.647
IN-15-0955,wheat,2001,1.678
IN-15-0955,wheat,2002,1.772
IN-15-0955,wheat,2003,1.572
IN-15-0955,wheat,2004,1.409
IN-15-0955,wheat,2005,1.19
IN-15-0955,wheat,2006,1.549
IN-15-0955,wheat,2007,1.691
IN-15-0955,wheat,2008,1.667
IN-15-0955,wheat,2009,1.72
IN-15-0955,wheat,2010,1.089
IN-15-0955,wheat,2011,1.396
IN-15-0955,wheat,2012,1.573
IN-15-0955,wheat,2013,1.607
IN-02-0956,wheat,1996,1.677
IN-02-0956,wheat,1997,1.638
IN-02-0956,wheat,1998,1.358
IN-02-0956,wheat,1999,1.7
IN-02-0956,wheat,2000,2.217
IN-02-0956,wheat,2001,1.6
IN-02-0956,wheat,2002,2.28
IN-02-0956,wheat,2003,2.138
IN-02-0956,wheat,2004,1.289
IN-02-0956,wheat,2005,1.779
IN-02-0956,wheat,2006,2.465
IN-02-0956,wheat,2007,2.939
IN-02-0956,wheat,2008,1.633
IN-02-0956,wheat,2009,1.653
IN-02-0956,wheat,2010,1.763
IN-02-0956,wheat,2011,2.497
IN-02-0956,wheat,2012,2.904
IN-02-0956,wheat,2013,3.277
IN-15-0957,wheat,1997,1.871
IN-15-0957,wheat,2000,1.701
IN-15-0957,wheat,2001,1.701
IN-15-0957,wheat,2002,1.628
IN-15-0957,wheat,2003,1.301
IN-15-0957,wheat,2004,1.361
IN-15-0957,wheat,2005,0.937
IN-15-0957,wheat,2006,1.369
IN-15-0957,wheat,2007,1.52
IN-15-0957,wheat,2008,1.531
IN-15-0957,wheat,2009,1.509
IN-15-0957,wheat,2010,1.259
IN-15-0957,wheat,2011,1.333
IN-15-0957,wheat,2012,1.486
IN-15-0957,wheat,2013,1.624
IN-02-0958,wheat,1996,1.949
IN-02-0958,wheat,1997,2.047
IN-02-0958,wheat,1998,2.065
IN-02-0958,wheat,1999,1.833
IN-02-0958,wheat,2000,1.9
IN-02-0958,wheat,2001,1.947
IN-02-0958,wheat,2002,1.882
IN-02-0958,wheat,2003,1.767
IN-02-0958,wheat,2004,1.475
IN-02-0958,wheat,2005,1.637
IN-02-0958,wheat,2006,2.038
IN-02-0958,wheat,2007,2.092
IN-02-0958,wheat,2008,2.294
IN-02-0958,wheat,2009,2.341
IN-02-0958,wheat,2010,1.624
IN-02-0958,wheat,2011,2.856
IN-02-0958,wheat,2012,2.639
IN-02-0958,wheat,2013,2.888
IN-02-0960,wheat,1997,1.782
IN-02-0960,wheat,1998,1.604
IN-02-0960,wheat,1999,1.917
IN-02-0960,wheat,2000,1.833
IN-02-0960,wheat,2001,2.091
IN-02-0960,wheat,2002,1.727
IN-02-0960,wheat,2003,1.743
IN-02-0960,wheat,2004,1.515
IN-02-0960,wheat,2005,1.217
IN-02-0960,wheat,2006,1.359
IN-02-0960,wheat,2007,1.558
IN-02-0960,wheat,2008,2.09
IN-02-0960,wheat,2009,2.684
IN-02-0960,wheat,2010,2.732
IN-02-0960,wheat,2011,3.506
IN-02-0960,wheat,2012,3.032
IN-02-0960,wheat,2013,3.677
IN-02-0961,wheat,2003,2.744
IN-02-0961,wheat,2004,1.83
IN-02-0961,wheat,2007,2.176
IN-02-0961,wheat,2008,1.783
IN-02-0961,wheat,2009,2.151
IN-02-0961,wheat,2010,1.739
IN-02-0961,wheat,2011,2.525
IN-02-0961,wheat,2012,2.466
IN-02-0961,wheat,2013,2.069
IN-15-0962,wheat,2001,2.1
IN-15-0962,wheat,2003,1.533
IN-15-0962,wheat,2004,1.689
IN-15-0962,wheat,2005,1.485
IN-15-0962,wheat,2006,1.603
IN-15-0962,wheat,2007,2.183
IN-15-0962,wheat,2008,2.156
IN-15-0962,wheat,2009,1.525
IN-15-0962,wheat,2010,1.374
IN-15-0962,wheat,2011,1.565
IN-15-0962,wheat,2012,1.619
IN-15-0962,wheat,2013,1.265
IN-15-0963,wheat,2000,1.0
IN-15-0963,wheat,2001,1.6
IN-15-0963,wheat,2003,1.06
IN-15-0963,wheat,2004,1.165
IN-15-0963,wheat,2005,0.953
IN-15-0963,wheat,2006,0.838
IN-15-0963,wheat,2007,1.041
IN-15-0963,wheat,2008,1.082
IN-15-0963,wheat,2009,1.598
IN-15-0963,wheat,2010,0.559
IN-15-0963,wheat,2011,1.059
IN-15-0963,wheat,2012,1.109
IN-15-0963,wheat,2013,1.018
IN-15-0964,wheat,2001,1.833
IN-15-0964,wheat,2003,1.353
IN-15-0964,wheat,2004,1.294
IN-15-0964,wheat,2005,0.95
IN-15-0964,wheat,2006,1.2
IN-15-0964,wheat,2007,1.5
IN-15-0964,wheat,2008,1.188
IN-15-0964,wheat,2009,1.25
IN-15-0964,wheat,2010,0.8
IN-15-0964,wheat,2011,1.067
IN-15-0964,wheat,2012,1.331
IN-15-0964,wheat,2013,1.405
IN-15-0965,wheat,2001,2.3
IN-15-0965,wheat,2003,1.254
IN-15-0965,wheat,2004,0.896
IN-15-0965,wheat,2005,0.813
IN-15-0965,wheat,2006,1.669
IN-15-0965,wheat,2007,1.75
IN-15-0965,wheat,2008,1.538
IN-15-0965,wheat,2009,1.396
IN-15-0965,wheat,2010,0.76
IN-15-0965,wheat,2011,1.149
IN-15-0965,wheat,2012,1.05
IN-15-0965,wheat,2013,1.375
IN-03-1001,wheat,2000,1.992
IN-03-1001,wheat,2001,2.24
IN-03-1001,wheat,2002,1.686
IN-03-1001,wheat,2003,2.128
IN-03-1001,wheat,2004,1.885
IN-03-1001,wheat,2005,2.171
IN-03-1001,wheat,2006,1.574
IN-03-1001,wheat,2007,2.428
IN-03-1001,wheat,2008,2.272
IN-03-1001,wheat,2009,2.215
IN-03-1001,wheat,2010,2.655
IN-03-1001,wheat,2011,2.558
IN-03-1001,wheat,2012,2.822
IN-03-1001,wheat,2013,2.602
IN-03-1002,wheat,2000,1.8
IN-03-1002,wheat,2001,1.619
IN-03-1002,wheat,2002,1.701
IN-03-1002,wheat,2003,2.021
IN-03-1002,wheat,2004,1.984
IN-03-1002,wheat,2005,2.14
IN-03-1002,wheat,2006,2.037
IN-03-1002,wheat,2007,2.243
IN-03-1002,wheat,2008,1.651
IN-03-1002,wheat,2009,1.848
IN-03-1002,wheat,2010,1.976
IN-03-1002,wheat,2011,2.379
IN-03-1002,wheat,2012,3.107
IN-03-1002,wheat,2013,1.883
IN-03-1003,wheat,2000,2.125
IN-03-1003,wheat,2001,2.111
IN-03-1003,wheat,2002,2.074
IN-03-1003,wheat,2003,2.875
IN-03-1003,wheat,2004,2.722
IN-03-1003,wheat,2005,2.158
IN-03-1003,wheat,2006,2.895
IN-03-1003,wheat,2007,3.19
IN-03-1003,wheat,2008,2.526
IN-03-1003,wheat,2009,2.727
IN-03-1003,wheat,2010,3.3
IN-03-1003,wheat,2011,3.186
IN-03-1003,wheat,2012,3.0
IN-03-1003,wheat,2013,3.242
IN-03-1004,wheat,2000,2.375
IN-03-1004,wheat,2001,2.571
IN-03-1004,wheat,2002,2.143
IN-03-1004,wheat,2003,3.0
IN-03-1004,wheat,2004,3.0
IN-03-1004,wheat,2005,2.8
IN-03-1004,wheat,2006,3.0
IN-03-1004,wheat,2007,3.0
IN-03-1004,wheat,2008,2.0
IN-03-1004,wheat,2009,2.571
IN-03-1004,wheat,2010,3.167
IN-03-1004,wheat,2011,3.333
IN-03-1004,wheat,2012,2.8
IN-03-1004,wheat,2013,3.333
IN-03-1005,wheat,2000,2.482
IN-03-1005,wheat,2001,2.787
IN-03-1005,wheat,2002,2.37
IN-03-1005,wheat,2003,2.723
IN-03-1005,wheat,2004,2.596
IN-03-1005,wheat,2005,2.546
IN-03-1005,wheat,2006,2.218
IN-03-1005,wheat,2007,2.506
IN-03-1005,wheat,2008,2.58
IN-03-1005,wheat,2009,3.092
IN-03-1005,wheat,2010,3.238
IN-03-1005,wheat,2011,3.141
IN-03-1005,wheat,2012,3.414
IN-03-1005,wheat,2013,3.192
IN-03-1006,wheat,2000,2.417
IN-03-1006,wheat,2001,3.405
IN-03-1006,wheat,2002,3.0
IN-03-1006,wheat,2003,3.14
IN-03-1006,wheat,2004,3.306
IN-03-1006,wheat,2005,2.629
IN-03-1006,wheat,2006,3.016
IN-03-1006,wheat,2007,3.143
IN-03-1006,wheat,2008,2.696
IN-03-1006,wheat,2009,2.682
IN-03-1006,wheat,2010,3.329
IN-03-1006,wheat,2011,2.901
IN-03-1006,wheat,2012,2.375
IN-03-1006,wheat,2013,3.403
IN-04-1007,wheat,1997,3.887
IN-04-1007,wheat,1998,4.152
IN-04-1007,wheat,1999,4.461
IN-04-1007,wheat,2000,4.361
IN-04-1007,wheat,2001,4.252
IN-04-1007,wheat,2002,4.155
IN-04-1007,wheat,2003,4.281
IN-04-1007,wheat,2004,4.103
IN-04-1007,wheat,2005,4.077
IN-04-1007,wheat,2006,4.619
IN-04-1007,wheat,2007,4.655
IN-04-1007,wheat,2008,5.127
IN-04-1007,wheat,2009,4.532
IN-04-1007,wheat,2010,5.091
IN-04-1007,wheat,2011,5.462
IN-04-1007,wheat,2012,4.68
IN-04-1007,wheat,2013,5.317
IN-04-1008,wheat,1997,3.74
IN-04-1008,wheat,1998,3.633
IN-04-1008,wheat,1999,3.646
IN-04-1008,wheat,2000,3.825
IN-04-1008,wheat,2001,3.913
IN-04-1008,wheat,2002,3.931
IN-04-1008,wheat,2003,3.866
IN-04-1008,wheat,2004,3.593
IN-04-1008,wheat,2005,3.702
IN-04-1008,wheat,2006,3.904
IN-04-1008,wheat,2007,3.927
IN-04-1008,wheat,2008,4.365
IN-04-1008,wheat,2009,4.125
IN-04-1008,wheat,2010,4.505
IN-04-1008,wheat,2011,4.888
IN-04-1008,wheat,2012,3.933
IN-04-1008,wheat,2013,4.51
IN-04-1009,wheat,1995,2.205
IN-04-1009,wheat,1996,2.925
IN-04-1009,wheat,1997,3.052
IN-04-1009,wheat,1998,2.389
IN-04-1009,wheat,1999,2.455
IN-04-1009,wheat,2000,2.667
IN-04-1009,wheat,2001,2.695
IN-04-1009,wheat,2002,2.667
IN-04-1009,wheat,2003,2.529
IN-04-1009,wheat,2004,2.226
IN-04-1009,wheat,2005,1.882
IN-04-1009,wheat,2006,2.367
IN-04-1009,wheat,2007,2.611
IN-04-1009,wheat,2008,2.516
IN-04-1009,wheat,2009,2.42
IN-04-1009,wheat,2010,2.577
IN-04-1009,wheat,2011,3.563
IN-04-1009,wheat,2012,3.508
IN-04-1009,wheat,2013,3.471
IN-05-1010,wheat,1998,1.262
IN-05-1010,wheat,1999,1.385
IN-05-1010,wheat,2000,1.542
IN-05-1010,wheat,2001,1.352
IN-05-1010,wheat,2002,1.388
IN-05-1010,wheat,2003,1.198
IN-05-1010,wheat,2004,1.552
IN-05-1010,wheat,2005,1.6
IN-05-1010,wheat,2006,1.303
IN-05-1010,wheat,2007,1.65
IN-05-1010,wheat,2009,1.374
IN-05-1010,wheat,2010,1.168
IN-05-1010,wheat,2011,1.081
IN-05-1010,wheat,2012,0.892
IN-05-1010,wheat,2013,1.157
IN-05-1011,wheat,1998,1.0
IN-05-1011,wheat,1999,1.0
IN-05-1012,wheat,1998,0.783
IN-05-1012,wheat,1999,0.98
IN-05-1012,wheat,2000,1.111
IN-05-1012,wheat,2001,0.831
IN-05-1012,wheat,2002,0.576
IN-05-1012,wheat,2003,0.57
IN-05-1012,wheat,2004,1.188
IN-05-1012,wheat,2005,0.875
IN-05-1012,wheat,2006,0.897
IN-05-1012,wheat,2007,1.0
IN-05-1012,wheat,2008,0.467
IN-05-1012,wheat,2009,0.863
IN-05-1012,wheat,2010,1.096
IN-05-1012,wheat,2011,0.86
IN-05-1012,wheat,2012,1.576
IN-05-1012,wheat,2013,1.0
IN-05-1013,wheat,1998,0.711
IN-05-1013,wheat,1999,0.624
IN-05-1013,wheat,2000,0.506
IN-05-1013,wheat,2001,0.322
IN-05-1013,wheat,2002,0.212
IN-05-1013,wheat,2003,0.218
IN-05-1013,wheat,2004,0.675
IN-05-1013,wheat,2005,0.868
IN-05-1013,wheat,2006,0.562
IN-05-1013,wheat,2007,0.817
IN-05-1013,wheat,2008,0.746
IN-05-1013,wheat,2009,0.489
IN-05-1013,wheat,2010,0.906
IN-05-1013,wheat,2011,0.546
IN-05-1013,wheat,2012,0.649
IN-05-1013,wheat,2013,0.858
IN-05-1014,wheat,1998,0.729
IN-05-1014,wheat,1999,0.625
IN-05-1014,wheat,2000,0.588
IN-05-1014,wheat,2001,0.713
IN-05-1014,wheat,2002,0.386
IN-05-1014,wheat,2003,0.164
IN-05-1014,wheat,2004,0.551
IN-05-1014,wheat,2005,0.651
IN-05-1014,wheat,2006,0.826
IN-05-1014,wheat,2007,0.793
IN-05-1014,wheat,2008,0.674
IN-05-1014,wheat,2009,0.711
IN-05-1014,wheat,2010,0.771
IN-05-1014,wheat,2011,1.106
IN-05-1014,wheat,2012,0.365
IN-05-1014,wheat,2013,0.719
IN-05-1015,wheat,1998,0.363
IN-05-1015,wheat,1999,0.465
IN-05-1015,wheat,2000,0.455
IN-05-1015,wheat,2001,0.283
IN-05-1015,wheat,2002,0.155
IN-05-1015,wheat,2003,0.107
IN-05-1015,wheat,2004,0.448
IN-05-1015,wheat,2005,0.449
IN-05-1015,wheat,2006,0.154
IN-05-1015,wheat,2007,0.518
IN-05-1015,wheat,2008,0.442
IN-05-1015,wheat,2009,0.472
IN-05-1015,wheat,2010,0.762
IN-05-1015,wheat,2011,0.572
IN-05-1015,wheat,2012,0.604
IN-05-1015,wheat,2013,0.848
IN-05-1016,wheat,2008,1.76
IN-09-1017,wheat,1995,3.767
IN-09-1017,wheat,1996,4.086
IN-09-1017,wheat,1997,3.509
IN-09-1017,wheat,1998,4.274
IN-09-1017,wheat,1999,4.597
IN-09-1017,wheat,2000,4.471
IN-09-1017,wheat,2001,4.563
IN-09-1017,wheat,2002,3.735
IN-09-1017,wheat,2003,4.147
IN-09-1017,wheat,2004,4.105
IN-09-1017,wheat,2005,4.208
IN-09-1017,wheat,2006,4.167
IN-09-1017,wheat,2007,4.556
IN-09-1017,wheat,2008,3.908
IN-09-1017,wheat,2009,4.27
IN-09-1017,wheat,2010,4.703
IN-09-1017,wheat,2011,5.16
IN-09-1017,wheat,2012,4.775
IN-09-1017,wheat,2013,4.947
IN-09-1018,wheat,1995,3.365
IN-09-1018,wheat,1996,3.719
IN-09-1018,wheat,1997,3.46
IN-09-1018,wheat,1998,4.234
IN-09-1018,wheat,1999,4.727
IN-09-1018,wheat,2000,4.598
IN-09-1018,wheat,2001,4.238
IN-09-1018,wheat,2002,4.214
IN-09-1018,wheat,2003,4.131
IN-09-1018,wheat,2004,3.995
IN-09-1018,wheat,2005,3.935
IN-09-1018,wheat,2006,4.228
IN-09-1018,wheat,2007,4.767
IN-09-1018,wheat,2008,4.837
IN-09-1018,wheat,2009,4.634
IN-09-1018,wheat,2010,4.984
IN-09-1018,wheat,2011,5.029
IN-09-1018,wheat,2012,4.766
IN-09-1018,wheat,2013,5.062
IN-09-1019,wheat,1995,3.869
IN-09-1019,wheat,1996,4.535
IN-09-1019,wheat,1997,4.274
IN-09-1019,wheat,1998,4.532
IN-09-1019,wheat,1999,4.929
IN-09-1019,wheat,2000,4.756
IN-09-1019,wheat,2001,4.665
IN-09-1019,wheat,2002,4.324
IN-09-1019,wheat,2003,4.345
IN-09-1019,wheat,2004,4.387
IN-09-1019,wheat,2005,4.408
IN-09-1019,wheat,2006,4.143
IN-09-1019,wheat,2007,4.674
IN-09-1019,wheat,2008,4.932
IN-09-1019,wheat,2009,4.401
IN-09-1019,wheat,2010,5.011
IN-09-1019,wheat,2011,5.46
IN-09-1019,wheat,2012,4.949
IN-09-1019,wheat,2013,5.239
IN-10-1020,wheat,1997,2.733
IN-10-1020,wheat,1998,2.982
IN-10-1020,wheat,1999,3.38
IN-10-1020,wheat,2000,1.921
IN-10-1020,wheat,2001,3.157
IN-10-1020,wheat,2002,2.48
IN-10-1020,wheat,2003,3.639
IN-10-1020,wheat,2004,3.278
IN-10-1020,wheat,2005,3.282
IN-10-1020,wheat,2006,3.062
IN-10-1020,wheat,2007,3.373
IN-10-1020,wheat,2008,3.635
IN-10-1020,wheat,2009,3.906
IN-10-1020,wheat,2010,4.246
IN-10-1020,wheat,2011,3.943
IN-10-1020,wheat,2012,3.913
IN-10-1020,wheat,2013,3.754
IN-12-1028,wheat,1996,2.878
IN-12-1028,wheat,1997,2.983
IN-12-1028,wheat,1998,2.827
IN-12-1028,wheat,1999,2.771
IN-12-1028,wheat,2000,2.675
IN-12-1028,wheat,2001,2.403
IN-12-1028,wheat,2002,2.754
IN-12-1028,wheat,2003,3.019
IN-12-1028,wheat,2004,2.719
IN-12-1028,wheat,2005,2.982
IN-12-1028,wheat,2006,2.962
IN-12-1028,wheat,2007,3.246
IN-12-1028,wheat,2008,3.312
IN-12-1028,wheat,2009,3.124
IN-12-1028,wheat,2010,3.353
IN-12-1028,wheat,2011,3.36
IN-12-1028,wheat,2012,3.342
IN-12-1028,wheat,2013,3.444
IN-12-1029,wheat,1995,2.356
IN-12-1029,wheat,1996,2.545
IN-12-1029,wheat,1997,2.359
IN-12-1029,wheat,1998,2.321
IN-12-1029,wheat,1999,2.62
IN-12-1029,wheat,2000,2.966
IN-12-1029,wheat,2001,2.684
IN-12-1029,wheat,2002,2.255
IN-12-1029,wheat,2003,2.583
IN-12-1029,wheat,2004,2.65
IN-12-1029,wheat,2005,1.933
IN-12-1029,wheat,2006,2.806
IN-12-1029,wheat,2007,3.083
IN-12-1029,wheat,2008,2.866
IN-12-1029,wheat,2009,2.593
IN-12-1029,wheat,2010,2.897
IN-12-1029,wheat,2011,3.018
IN-12-1029,wheat,2012,2.905
IN-12-1029,wheat,2013,3.04
IN-16-1030,wheat,1996,3.243
IN-16-1030,wheat,1997,2.539
IN-16-1030,wheat,1998,3.138
IN-16-1030,wheat,1999,3.309
IN-16-1030,wheat,2000,3.411
IN-16-1030,wheat,2001,3.248
IN-16-1030,wheat,2002,3.129
IN-16-1030,wheat,2003,3.107
IN-16-1030,wheat,2004,3.461
IN-16-1030,wheat,2005,3.228
IN-16-1030,wheat,2006,3.017
IN-16-1030,wheat,2007,3.814
IN-16-1030,wheat,2008,3.735
IN-16-1030,wheat,2009,3.809
IN-16-1030,wheat,2010,3.983
IN-16-1030,wheat,2011,4.122
IN-16-1030,wheat,2012,3.788
IN-16-1030,wheat,2013,3.824
IN-12-1031,wheat,1997,2.618
IN-12-1031,wheat,1998,3.394
IN-12-1031,wheat,1999,3.251
IN-12-1031,wheat,2000,3.362
IN-12-1031,wheat,2001,3.267
IN-12-1031,wheat,2002,2.832
IN-12-1031,wheat,2003,3.125
IN-12-1031,wheat,2004,2.513
IN-12-1031,wheat,2005,2.925
IN-12-1031,wheat,2006,3.138
IN-12-1031,wheat,2007,3.057
IN-12-1031,wheat,2008,3.687
IN-12-1031,wheat,2009,2.833
IN-12-1031,wheat,2010,3.751
IN-12-1031,wheat,2011,3.849
IN-12-1031,wheat,2012,3.628
IN-12-1031,wheat,2013,3.814
IN-16-1032,wheat,1998,1.094
IN-16-1032,wheat,1999,1.631
IN-16-1032,wheat,2000,1.292
IN-16-1032,wheat,2001,1.29
IN-16-1032,wheat,2002,1.289
IN-16-1032,wheat,2003,1.291
IN-16-1032,wheat,2004,0.973
IN-16-1032,wheat,2005,1.631
IN-16-1032,wheat,2006,0.988
IN-16-1032,wheat,2007,1.161
IN-16-1032,wheat,2008,1.021
IN-16-1032,wheat,2009,1.175
IN-16-1032,wheat,2010,1.272
IN-16-1032,wheat,2011,1.422
IN-16-1032,wheat,2012,1.58
IN-16-1032,wheat,2013,1.732
IN-12-1033,wheat,1997,3.448
IN-12-1033,wheat,1998,3.32
IN-12-1033,wheat,1999,3.704
IN-12-1033,wheat,2000,3.398
IN-12-1033,wheat,2001,3.521
IN-12-1033,wheat,2002,3.669
IN-12-1033,wheat,2003,3.619
IN-12-1033,wheat,2004,3.563
IN-12-1033,wheat,2005,3.271
IN-12-1033,wheat,2006,4.027
IN-12-1033,wheat,2007,3.371
IN-12-1033,wheat,2008,3.796
IN-12-1033,wheat,2009,3.632
IN-12-1033,wheat,2010,4.119
IN-12-1033,wheat,2011,4.327
IN-12-1033,wheat,2012,4.446
IN-12-1033,wheat,2013,4.502
IN-12-1034,wheat,1997,2.169
IN-12-1034,wheat,1998,1.87
IN-12-1034,wheat,1999,2.429
IN-12-1034,wheat,2000,2.117
IN-12-1034,wheat,2001,2.286
IN-12-1034,wheat,2002,1.996
IN-12-1034,wheat,2003,2.332
IN-12-1034,wheat,2004,2.209
IN-12-1034,wheat,2005,2.213
IN-12-1034,wheat,2006,2.377
IN-12-1034,wheat,2007,3.566
IN-12-1034,wheat,2008,2.834
IN-12-1034,wheat,2009,2.889
IN-12-1034,wheat,2010,2.844
IN-12-1034,wheat,2011,2.885
IN-12-1034,wheat,2012,2.715
IN-12-1034,wheat,2013,2.759
IN-16-1035,wheat,1998,1.461
IN-16-1035,wheat,1999,1.526
IN-16-1035,wheat,2000,1.46
IN-16-1035,wheat,2001,1.275
IN-16-1035,wheat,2002,1.408
IN-16-1035,wheat,2003,1.409
IN-16-1035,wheat,2004,1.614
IN-16-1035,wheat,2005,1.614
IN-16-1035,wheat,2006,1.22
IN-16-1035,wheat,2007,0.936
IN-16-1035,wheat,2008,1.029
IN-16-1035,wheat,2009,1.2
IN-16-1035,wheat,2010,1.256
IN-16-1035,wheat,2011,1.196
IN-16-1035,wheat,2012,1.284
IN-16-1035,wheat,2013,1.501
IN-12-1036,wheat,1997,1.955
IN-12-1036,wheat,1998,2.133
IN-12-1036,wheat,1999,2.206
IN-12-1036,wheat,2000,1.998
IN-12-1036,wheat,2001,2.004
IN-12-1036,wheat,2002,1.447
IN-12-1036,wheat,2003,2.022
IN-12-1036,wheat,2004,1.333
IN-12-1036,wheat,2005,1.728
IN-12-1036,wheat,2006,2.272
IN-12-1036,wheat,2007,2.266
IN-12-1036,wheat,2008,2.322
IN-12-1036,wheat,2009,2.068
IN-12-1036,wheat,2010,2.542
IN-12-1036,wheat,2011,2.545
IN-12-1036,wheat,2012,2.99
IN-12-1036,wheat,2013,2.625
IN-12-1037,wheat,1997,1.639
IN-12-1037,wheat,1998,1.893
IN-12-1037,wheat,1999,1.95
IN-12-1037,wheat,2000,1.556
IN-12-1037,wheat,2001,2.076
IN-12-1037,wheat,2002,2.215
IN-12-1037,wheat,2003,2.262
IN-12-1037,wheat,2004,1.651
IN-12-1037,wheat,2005,1.525
IN-12-1037,wheat,2006,1.241
IN-12-1037,wheat,2007,1.183
IN-12-1037,wheat,2008,1.707
IN-12-1037,wheat,2009,1.887
IN-12-1037,wheat,2010,1.764
IN-12-1037,wheat,2011,2.497
IN-12-1037,wheat,2012,2.406
IN-12-1037,wheat,2013,1.956
IN-12-1038,wheat,1997,3.415
IN-12-1038,wheat,1998,3.015
IN-12-1038,wheat,1999,3.278
IN-12-1038,wheat,2000,3.411
IN-12-1038,wheat,2001,3.733
IN-12-1038,wheat,2002,3.34
IN-12-1038,wheat,2003,3.189
IN-12-1038,wheat,2004,3.191
IN-12-1038,wheat,2005,2.954
IN-12-1038,wheat,2006,2.883
IN-12-1038,wheat,2007,3.175
IN-12-1038,wheat,2008,3.475
IN-12-1038,wheat,2009,3.557
IN-12-1038,wheat,2010,3.714
IN-12-1038,wheat,2011,3.809
IN-12-1038,wheat,2012,4.759
IN-12-1038,wheat,2013,4.178
IN-12-1039,wheat,1997,3.368
IN-12-1039,wheat,1998,3.387
IN-12-1039,wheat,1999,3.592
IN-12-1039,wheat,2000,3.449
IN-12-1039,wheat,2001,3.07
IN-12-1039,wheat,2002,3.334
IN-12-1039,wheat,2003,3.198
IN-12-1039,wheat,2004,3.038
IN-12-1039,wheat,2005,3.13
IN-12-1039,wheat,2006,2.824
IN-12-1039,wheat,2007,3.035
IN-12-1039,wheat,2008,2.91
IN-12-1039,wheat,2009,2.785
IN-12-1039,wheat,2010,3.019
IN-12-1039,wheat,2011,3.367
IN-12-1039,wheat,2012,3.586
IN-12-1039,wheat,2013,3.899
IN-12-1040,wheat,1997,2.835
IN-12-1040,wheat,1998,2.918
IN-12-1040,wheat,1999,3.069
IN-12-1040,wheat,2000,2.995
IN-12-1040,wheat,2001,3.217
IN-12-1040,wheat,2002,2.898
IN-12-1040,wheat,2003,3.106
IN-12-1040,wheat,2004,2.489
IN-12-1040,wheat,2005,2.908
IN-12-1040,wheat,2006,3.145
IN-12-1040,wheat,2007,3.006
IN-12-1040,wheat,2008,3.171
IN-12-1040,wheat,2009,2.856
IN-12-1040,wheat,2010,3.19
IN-12-1040,wheat,2011,3.17
IN-12-1040,wheat,2012,3.211
IN-12-1040,wheat,2013,3.293
IN-12-1041,wheat,1997,3.061
IN-12-1041,wheat,1998,3.461
IN-12-1041,wheat,1999,3.415
IN-12-1041,wheat,2000,3.563
IN-12-1041,wheat,2001,3.063
IN-12-1041,wheat,2002,2.79
IN-12-1041,wheat,2003,3.267
IN-12-1041,wheat,2004,3.116
IN-12-1041,wheat,2005,3.338
IN-12-1041,wheat,2006,3.49
IN-12-1041,wheat,2007,3.435
IN-12-1041,wheat,2008,3.529
IN-12-1041,wheat,2009,3.461
IN-12-1041,wheat,2010,3.564
IN-12-1041,wheat,2011,4.004
IN-12-1041,wheat,2012,3.836
IN-12-1041,wheat,2013,3.83
IN-12-1042,wheat,1997,2.13
IN-12-1042,wheat,1998,1.89
IN-12-1042,wheat,1999,2.502
IN-12-1042,wheat,2000,2.332
IN-12-1042,wheat,2001,2.336
IN-12-1042,wheat,2002,2.07
IN-12-1042,wheat,2003,2.412
IN-12-1042,wheat,2004,2.3
IN-12-1042,wheat,2005,2.085
IN-12-1042,wheat,2006,2.175
IN-12-1042,wheat,2007,2.074
IN-12-1042,wheat,2008,2.603
IN-12-1042,wheat,2009,2.383
IN-12-1042,wheat,2010,2.693
IN-12-1042,wheat,2011,2.903
IN-12-1042,wheat,2012,2.903
IN-12-1042,wheat,2013,2.43
IN-16-1043,wheat,1998,1.159
IN-16-1043,wheat,1999,1.258
IN-16-1043,wheat,2000,1.187
IN-16-1043,wheat,2001,1.343
IN-16-1043,wheat,2002,1.273
IN-16-1043,wheat,2003,1.205
IN-16-1043,wheat,2004,1.1
IN-16-1043,wheat,2005,1.421
IN-16-1043,wheat,2006,1.02
IN-16-1043,wheat,2007,1.311
IN-16-1043,wheat,2008,1.256
IN-16-1043,wheat,2009,1.337
IN-16-1043,wheat,2010,1.55
IN-16-1043,wheat,2011,1.49
IN-16-1043,wheat,2012,1.562
IN-16-1043,wheat,2013,1.646
IN-12-1044,wheat,1995,2.582
IN-12-1044,wheat,1996,3.186
IN-12-1044,wheat,1997,2.936
IN-12-1044,wheat,1998,1.977
IN-12-1044,wheat,1999,2.536
IN-12-1044,wheat,2000,2.429
IN-12-1044,wheat,2001,2.31
IN-12-1044,wheat,2002,2.089
IN-12-1044,wheat,2003,2.195
IN-12-1044,wheat,2004,1.563
IN-12-1044,wheat,2005,2.063
IN-12-1044,wheat,2006,2.449
IN-12-1044,wheat,2007,2.199
IN-12-1044,wheat,2008,2.609
IN-12-1044,wheat,2009,2.249
IN-12-1044,wheat,2010,2.875
IN-12-1044,wheat,2011,3.205
IN-12-1044,wheat,2012,2.847
IN-12-1044,wheat,2013,2.73
IN-12-1045,wheat,1997,2.331
IN-12-1045,wheat,1998,2.153
IN-12-1045,wheat,1999,2.887
IN-12-1045,wheat,2000,2.418
IN-12-1045,wheat,2001,2.658
IN-12-1045,wheat,2002,2.372
IN-12-1045,wheat,2003,2.599
IN-12-1045,wheat,2004,2.322
IN-12-1045,wheat,2005,2.122
IN-12-1045,wheat,2006,2.456
IN-12-1045,wheat,2007,2.529
IN-12-1045,wheat,2008,2.699
IN-12-1045,wheat,2009,2.758
IN-12-1045,wheat,2010,2.774
IN-12-1045,wheat,2011,2.907
IN-12-1045,wheat,2012,2.984
IN-12-1045,wheat,2013,3.299
IN-12-1046,wheat,1997,1.968
IN-12-1046,wheat,1998,2.112
IN-12-1046,wheat,1999,2.392
IN-12-1046,wheat,2000,2.266
IN-12-1046,wheat,2001,2.502
IN-12-1046,wheat,2002,2.134
IN-12-1046,wheat,2003,2.728
IN-12-1046,wheat,2004,2.302
IN-12-1046,wheat,2005,2.265
IN-12-1046,wheat,2006,2.625
IN-12-1046,wheat,2007,2.295
IN-12-1046,wheat,2008,2.319
IN-12-1046,wheat,2009,2.688
IN-12-1046,wheat,2010,2.696
IN-12-1046,wheat,2011,2.962
IN-12-1046,wheat,2012,2.689
IN-12-1046,wheat,2013,3.051
IN-17-1047,wheat,1990,1.531
IN-17-1047,wheat,1991,1.239
IN-17-1047,wheat,1992,0.617
IN-17-1047,wheat,1993,0.916
IN-17-1047,wheat,1994,1.202
IN-17-1047,wheat,1995,0.815
IN-17-1047,wheat,1996,1.278
IN-17-1047,wheat,1997,1.196
IN-17-1047,wheat,1998,1.392
IN-17-1047,wheat,1999,1.539
IN-17-1047,wheat,2000,1.238
IN-17-1047,wheat,2001,1.178
IN-17-1047,wheat,2002,1.273
IN-17-1047,wheat,2003,0.998
IN-17-1047,wheat,2004,1.433
IN-17-1047,wheat,2005,1.25
IN-17-1047,wheat,2006,1.196
IN-17-1047,wheat,2007,1.442
IN-17-1047,wheat,2008,1.234
IN-17-1047,wheat,2009,1.142
IN-17-1047,wheat,2010,1.25
IN-17-1047,wheat,2011,1.302
IN-17-1047,wheat,2012,1.19
IN-17-1047,wheat,2013,1.264
IN-17-1048,wheat,1990,1.25
IN-17-1048,wheat,1991,1.15
IN-17-1048,wheat,1992,1.079
IN-17-1048,wheat,1993,1.309
IN-17-1048,wheat,1994,1.207
IN-17-1048,wheat,1995,1.019
IN-17-1048,wheat,1996,1.348
IN-17-1048,wheat,1997,1.274
IN-17-1048,wheat,1998,0.676
IN-17-1048,wheat,1999,0.966
IN-17-1048,wheat,2000,0.991
IN-17-1048,wheat,2001,1.368
IN-17-1048,wheat,2002,1.227
IN-17-1048,wheat,2003,1.118
IN-17-1048,wheat,2004,0.976
IN-17-1048,wheat,2005,0.333
IN-17-1048,wheat,2006,0.357
IN-17-1048,wheat,2007,0.706
IN-17-1048,wheat,2008,0.558
IN-17-1048,wheat,2009,1.157
IN-17-1048,wheat,2010,1.083
IN-17-1048,wheat,2011,0.5
IN-17-1048,wheat,2012,1.3
IN-17-1048,wheat,2013,0.429
IN-17-1049,wheat,1990,1.25
IN-17-1049,wheat,1991,1.25
IN-17-1049,wheat,1992,1.125
IN-17-1049,wheat,1993,1.0
IN-17-1049,wheat,1995,1.0
IN-17-1049,wheat,1996,1.0
IN-17-1049,wheat,1998,0.5
IN-17-1049,wheat,1999,1.0
IN-17-1049,wheat,2000,1.0
IN-17-1049,wheat,2001,1.0
IN-17-1049,wheat,2002,1.0
IN-17-1049,wheat,2004,0.143
IN-17-1049,wheat,2006,1.0
IN-17-1049,wheat,2007,1.286
IN-17-1049,wheat,2009,1.0
IN-17-1049,wheat,2010,1.2
IN-17-1050,wheat,1990,0.8855299999999999
IN-17-1050,wheat,1991,1.22401
IN-17-1050,wheat,1992,1.17857
IN-17-1050,wheat,1993,0.75644
IN-17-1050,wheat,1994,0.65523
IN-17-1050,wheat,1995,0.91484
IN-17-1050,wheat,1996,0.72914
IN-17-1050,wheat,1997,1.53625
IN-17-1050,wheat,1998,1.32353
IN-17-1050,wheat,1999,1.16333
IN-17-1050,wheat,2000,1.152
IN-17-1050,wheat,2001,1.05
IN-17-1050,wheat,2002,0.99529
IN-17-1050,wheat,2003,0.8675
IN-17-1050,wheat,2004,0.79773
IN-17-1050,wheat,2005,0.88
IN-17-1050,wheat,2006,0.9424
IN-17-1050,wheat,2007,0.98889
IN-17-1050,wheat,2008,1.19298
IN-17-1050,wheat,2009,0.97283
IN-17-1050,wheat,2010,0.88762
IN-17-1050,wheat,2011,1.2241099999999998
IN-17-1050,wheat,2012,1.12632
IN-17-1050,wheat,2013,1.25429
IN-17-1051,wheat,1990,1.18605
IN-17-1051,wheat,1991,1.30556
IN-17-1051,wheat,1992,1.0
IN-17-1051,wheat,1993,1.26471
IN-17-1051,wheat,1994,1.38235
IN-17-1051,wheat,1995,1.7619
IN-17-1051,wheat,1996,1.34146
IN-17-1051,wheat,1997,1.30159
IN-17-1051,wheat,1998,0.97143
IN-17-1051,wheat,1999,1.25
IN-17-1051,wheat,2000,1.26316
IN-17-1051,wheat,2001,1.17647
IN-17-1051,wheat,2002,1.18182
IN-17-1051,wheat,2003,1.0
IN-17-1051,wheat,2004,1.08333
IN-17-1051,wheat,2005,1.09091
IN-17-1051,wheat,2006,1.14286
IN-17-1051,wheat,2007,1.25806
IN-17-1051,wheat,2008,1.0
IN-17-1051,wheat,2009,1.1
IN-17-1051,wheat,2010,1.4
IN-17-1051,wheat,2011,1.33333
IN-17-1051,wheat,2012,1.25
IN-17-1051,wheat,2013,1.33333
IN-14-1055,wheat,2000,2.0
IN-14-1055,wheat,2001,1.5
IN-14-1055,wheat,2002,1.333
IN-14-1055,wheat,2003,1.5
IN-14-1055,wheat,2004,1.0
IN-14-1055,wheat,2005,1.0
IN-14-1055,wheat,2006,1.0
IN-14-1055,wheat,2008,1.0
IN-14-1055,wheat,2009,1.0
IN-14-1055,wheat,2011,1.0
IN-14-1055,wheat,2012,1.0
IN-14-1055,wheat,2013,1.0
IN-14-1056,wheat,1998,0.739
IN-14-1056,wheat,2000,0.886
IN-14-1056,wheat,2001,1.014
IN-14-1056,wheat,2002,1.199
IN-14-1056,wheat,2003,1.127
IN-14-1056,wheat,2004,0.983
IN-14-1056,wheat,2005,0.983
IN-14-1056,wheat,2006,0.934
IN-14-1056,wheat,2007,1.194
IN-14-1056,wheat,2008,1.107
IN-14-1056,wheat,2009,1.412
IN-14-1056,wheat,2010,1.385
IN-14-1056,wheat,2011,1.536
IN-14-1056,wheat,2012,1.432
IN-14-1056,wheat,2013,1.478
IN-06-1057,wheat,1999,0.657
IN-06-1057,wheat,2000,0.391
IN-06-1057,wheat,2001,0.629
IN-06-1057,wheat,2002,0.517
IN-06-1057,wheat,2003,0.635
IN-06-1057,wheat,2004,0.722
IN-06-1057,wheat,2005,0.512
IN-06-1057,wheat,2006,0.556
IN-06-1057,wheat,2007,0.502
IN-06-1057,wheat,2008,0.634
IN-06-1057,wheat,2009,0.601
IN-06-1057,wheat,2010,0.578
IN-06-1057,wheat,2011,0.675
IN-06-1057,wheat,2012,1.497
IN-06-1057,wheat,2013,1.613
IN-06-1058,wheat,1999,1.595
IN-06-1058,wheat,2000,1.8
IN-06-1058,wheat,2001,2.188
IN-06-1058,wheat,2002,2.006
IN-06-1058,wheat,2003,1.959
IN-06-1058,wheat,2004,2.162
IN-06-1058,wheat,2005,2.213
IN-06-1058,wheat,2006,2.158
IN-06-1058,wheat,2007,3.28
IN-06-1058,wheat,2008,3.159
IN-06-1058,wheat,2009,1.556
IN-06-1058,wheat,2010,3.963
IN-06-1058,wheat,2011,4.404
IN-06-1058,wheat,2012,3.915
IN-06-1058,wheat,2013,3.174
IN-14-1059,wheat,1998,1.214
IN-14-1059,wheat,2000,1.541
IN-14-1059,wheat,2001,1.297
IN-14-1059,wheat,2002,1.229
IN-14-1059,wheat,2003,1.189
IN-14-1059,wheat,2004,0.923
IN-14-1059,wheat,2005,0.923
IN-14-1059,wheat,2006,1.031
IN-14-1059,wheat,2007,1.317
IN-14-1059,wheat,2008,1.222
IN-14-1059,wheat,2009,1.495
IN-14-1059,wheat,2010,1.519
IN-14-1059,wheat,2011,1.615
IN-14-1059,wheat,2012,1.633
IN-14-1059,wheat,2013,1.794
IN-06-1060,wheat,1999,1.86
IN-06-1060,wheat,2000,1.774
IN-06-1060,wheat,2001,1.929
IN-06-1060,wheat,2002,1.973
IN-06-1060,wheat,2003,2.336
IN-06-1060,wheat,2004,1.843
IN-06-1060,wheat,2005,1.181
IN-06-1060,wheat,2006,1.941
IN-06-1060,wheat,2007,1.509
IN-06-1060,wheat,2008,2.455
IN-06-1060,wheat,2009,1.539
IN-06-1060,wheat,2010,2.181
IN-06-1060,wheat,2011,3.183
IN-06-1060,wheat,2012,3.018
IN-06-1060,wheat,2013,2.876
IN-06-1061,wheat,1999,1.129
IN-06-1061,wheat,2000,1.035
IN-06-1061,wheat,2001,1.114
IN-06-1061,wheat,2002,0.764
IN-06-1061,wheat,2003,1.186
IN-06-1061,wheat,2004,1.059
IN-06-1061,wheat,2005,1.011
IN-06-1061,wheat,2006,0.736
IN-06-1061,wheat,2007,0.882
IN-06-1061,wheat,2008,1.136
IN-06-1061,wheat,2009,1.063
IN-06-1061,wheat,2010,0.882
IN-06-1061,wheat,2011,1.325
IN-06-1061,wheat,2012,2.826
IN-06-1061,wheat,2013,2.164
IN-06-1062,wheat,1999,3.2
IN-06-1062,wheat,2000,2.377
IN-06-1062,wheat,2001,2.737
IN-06-1062,wheat,2002,2.088
IN-06-1062,wheat,2003,2.768
IN-06-1062,wheat,2004,2.87
IN-06-1062,wheat,2005,2.578
IN-06-1062,wheat,2006,2.135
IN-06-1062,wheat,2007,2.115
IN-06-1062,wheat,2008,2.326
IN-06-1062,wheat,2009,2.116
IN-06-1062,wheat,2010,2.392
IN-06-1062,wheat,2011,2.596
IN-06-1062,wheat,2012,3.857
IN-06-1062,wheat,2013,4.24
IN-06-1063,wheat,1999,2.495
IN-06-1063,wheat,2000,2.58
IN-06-1063,wheat,2001,2.31
IN-06-1063,wheat,2002,1.651
IN-06-1063,wheat,2003,2.791
IN-06-1063,wheat,2004,2.256
IN-06-1063,wheat,2005,2.504
IN-06-1063,wheat,2006,2.227
IN-06-1063,wheat,2007,2.203
IN-06-1063,wheat,2008,2.346
IN-06-1063,wheat,2009,3.057
IN-06-1063,wheat,2010,2.489
IN-06-1063,wheat,2011,2.623
IN-06-1063,wheat,2012,4.385
IN-06-1063,wheat,2013,4.329
IN-06-1064,wheat,1999,0.74
IN-06-1064,wheat,2000,0.676
IN-06-1064,wheat,2001,0.801
IN-06-1064,wheat,2002,0.746
IN-06-1064,wheat,2003,0.856
IN-06-1064,wheat,2004,0.766
IN-06-1064,wheat,2005,0.806
IN-06-1064,wheat,2006,0.788
IN-06-1064,wheat,2007,0.735
IN-06-1064,wheat,2008,0.876
IN-06-1064,wheat,2009,0.782
IN-06-1064,wheat,2010,0.765
IN-06-1064,wheat,2011,0.944
IN-06-1064,wheat,2012,1.961
IN-06-1064,wheat,2013,2.157
IN-14-1065,wheat,1998,1.059
IN-14-1065,wheat,2000,1.195
IN-14-1065,wheat,2001,1.356
IN-14-1065,wheat,2002,0.719
IN-14-1065,wheat,2003,1.058
IN-14-1065,wheat,2004,0.806
IN-14-1065,wheat,2005,0.806
IN-14-1065,wheat,2006,0.798
IN-14-1065,wheat,2007,1.035
IN-14-1065,wheat,2008,1.179
IN-14-1065,wheat,2009,0.96
IN-14-1065,wheat,2010,0.936
IN-14-1065,wheat,2011,1.416
IN-14-1065,wheat,2012,1.32
IN-14-1065,wheat,2013,1.243
IN-14-1066,wheat,1998,1.364
IN-14-1066,wheat,2000,1.357
IN-14-1066,wheat,2001,1.297
IN-14-1066,wheat,2002,1.358
IN-14-1066,wheat,2003,1.173
IN-14-1066,wheat,2004,1.14
IN-14-1066,wheat,2005,1.14
IN-14-1066,wheat,2006,1.021
IN-14-1066,wheat,2007,1.388
IN-14-1066,wheat,2008,1.338
IN-14-1066,wheat,2009,1.507
IN-14-1066,wheat,2010,1.462
IN-14-1066,wheat,2011,1.692
IN-14-1066,wheat,2012,1.636
IN-14-1066,wheat,2013,1.687
IN-14-1067,wheat,1998,0.8
IN-14-1067,wheat,2000,0.892
IN-14-1067,wheat,2001,1.025
IN-14-1067,wheat,2002,0.833
IN-14-1067,wheat,2003,0.808
IN-14-1067,wheat,2004,0.648
IN-14-1067,wheat,2005,0.648
IN-14-1067,wheat,2006,0.764
IN-14-1067,wheat,2007,0.836
IN-14-1067,wheat,2008,0.788
IN-14-1067,wheat,2009,0.931
IN-14-1067,wheat,2010,0.875
IN-14-1067,wheat,2011,1.101
IN-14-1067,wheat,2012,1.123
IN-14-1067,wheat,2013,1.06
IN-14-1068,wheat,1998,0.667
IN-14-1068,wheat,2000,0.396
IN-14-1068,wheat,2001,0.773
IN-14-1068,wheat,2002,0.848
IN-14-1068,wheat,2003,0.796
IN-14-1068,wheat,2004,0.677
IN-14-1068,wheat,2005,0.677
IN-14-1068,wheat,2006,0.641
IN-14-1068,wheat,2007,0.828
IN-14-1068,wheat,2008,0.79
IN-14-1068,wheat,2009,0.858
IN-14-1068,wheat,2010,1.086
IN-14-1068,wheat,2011,1.226
IN-14-1068,wheat,2012,1.217
IN-14-1068,wheat,2013,1.027
IN-14-1069,wheat,1998,1.455
IN-14-1069,wheat,2000,2.116
IN-14-1069,wheat,2001,1.55
IN-14-1069,wheat,2002,1.237
IN-14-1069,wheat,2003,1.388
IN-14-1069,wheat,2004,1.122
IN-14-1069,wheat,2005,1.122
IN-14-1069,wheat,2006,0.907
IN-14-1069,wheat,2007,1.224
IN-14-1069,wheat,2008,1.039
IN-14-1069,wheat,2009,1.544
IN-14-1069,wheat,2010,1.286
IN-14-1069,wheat,2011,1.81
IN-14-1069,wheat,2012,1.832
IN-14-1069,wheat,2013,1.732
IN-14-1070,wheat,1998,1.5
IN-14-1070,wheat,2000,1.28
IN-14-1070,wheat,2001,1.915
IN-14-1070,wheat,2002,1.663
IN-14-1070,wheat,2003,1.637
IN-14-1070,wheat,2004,1.415
IN-14-1070,wheat,2005,1.415
IN-14-1070,wheat,2006,1.677
IN-14-1070,wheat,2007,1.825
IN-14-1070,wheat,2008,1.063
IN-14-1070,wheat,2009,1.588
IN-14-1070,wheat,2010,2.0
IN-14-1070,wheat,2011,1.819
IN-14-1070,wheat,2012,1.853
IN-14-1070,wheat,2013,1.543
IN-06-1071,wheat,2003,0.708
IN-06-1071,wheat,2004,0.658
IN-06-1071,wheat,2005,0.71
IN-06-1071,wheat,2006,0.737
IN-06-1071,wheat,2007,0.689
IN-06-1071,wheat,2008,0.734
IN-06-1071,wheat,2009,0.672
IN-06-1071,wheat,2010,0.642
IN-06-1071,wheat,2011,0.951
IN-06-1071,wheat,2012,1.53
IN-06-1071,wheat,2013,1.274
IN-07-1072,wheat,1999,0.558
IN-07-1072,wheat,2000,0.649
IN-07-1072,wheat,2001,0.705
IN-07-1072,wheat,2002,0.632
IN-07-1072,wheat,2003,0.784
IN-07-1072,wheat,2004,0.696
IN-07-1072,wheat,2005,0.667
IN-07-1072,wheat,2006,0.594
IN-07-1072,wheat,2007,0.714
IN-07-1072,wheat,2008,0.714
IN-07-1072,wheat,2009,0.725
IN-07-1072,wheat,2010,0.726
IN-07-1072,wheat,2011,0.748
IN-07-1072,wheat,2012,0.963
IN-07-1072,wheat,2013,0.647
IN-07-1073,wheat,1999,1.295
IN-07-1073,wheat,2000,1.569
IN-07-1073,wheat,2001,1.588
IN-07-1073,wheat,2002,1.547
IN-07-1073,wheat,2003,1.562
IN-07-1073,wheat,2004,1.368
IN-07-1073,wheat,2005,1.542
IN-07-1073,wheat,2006,1.672
IN-07-1073,wheat,2007,1.922
IN-07-1073,wheat,2008,1.365
IN-07-1073,wheat,2009,1.31
IN-07-1073,wheat,2010,1.663
IN-07-1073,wheat,2011,1.783
IN-07-1073,wheat,2012,1.39
IN-07-1073,wheat,2013,0.961
IN-07-1074,wheat,1998,1.437
IN-07-1074,wheat,1999,1.397
IN-07-1074,wheat,2000,0.9
IN-07-1074,wheat,2001,1.156
IN-07-1074,wheat,2002,1.266
IN-07-1074,wheat,2003,1.652
IN-07-1074,wheat,2004,1.394
IN-07-1074,wheat,2005,2.025
IN-07-1074,wheat,2006,2.225
IN-07-1074,wheat,2007,2.568
IN-07-1074,wheat,2008,2.117
IN-07-1074,wheat,2009,2.356
IN-07-1074,wheat,2010,2.391
IN-07-1074,wheat,2011,2.672
IN-07-1074,wheat,2012,2.12
IN-07-1074,wheat,2013,2.13
IN-07-1075,wheat,1998,1.424
IN-07-1075,wheat,1999,1.097
IN-07-1075,wheat,2000,0.969
IN-07-1075,wheat,2001,1.411
IN-07-1075,wheat,2002,1.282
IN-07-1075,wheat,2003,1.185
IN-07-1075,wheat,2004,0.733
IN-07-1075,wheat,2005,1.283
IN-07-1075,wheat,2006,1.479
IN-07-1075,wheat,2007,2.038
IN-07-1075,wheat,2008,1.206
IN-07-1075,wheat,2009,2.069
IN-07-1075,wheat,2010,1.606
IN-07-1075,wheat,2011,1.224
IN-07-1075,wheat,2012,1.601
IN-07-1075,wheat,2013,1.625
IN-06-1081,wheat,2003,1.071
IN-06-1081,wheat,2004,1.042
IN-06-1081,wheat,2005,1.267
IN-06-1081,wheat,2006,1.25
IN-06-1081,wheat,2007,1.143
IN-06-1081,wheat,2008,1.406
IN-06-1081,wheat,2009,1.586
IN-06-1081,wheat,2010,1.75
IN-06-1081,wheat,2011,1.852
IN-06-1081,wheat,2012,2.591
IN-06-1081,wheat,2013,2.512
IN-06-1082,wheat,2003,2.108
IN-06-1082,wheat,2004,1.911
IN-06-1082,wheat,2005,2.014
IN-06-1082,wheat,2006,2.069
IN-06-1082,wheat,2007,1.913
IN-06-1082,wheat,2008,1.906
IN-06-1082,wheat,2009,1.796
IN-06-1082,wheat,2010,2.296
IN-06-1082,wheat,2011,2.991
IN-06-1082,wheat,2012,2.873
IN-06-1082,wheat,2013,2.116
IN-03-2001,wheat,2008,2.49
IN-03-2001,wheat,2009,2.75
IN-03-2001,wheat,2010,3.302
IN-03-2001,wheat,2011,3.111
IN-03-2001,wheat,2012,2.94
IN-03-2001,wheat,2013,3.24
IN-04-2002,wheat,2005,3.07
IN-04-2002,wheat,2006,3.094
IN-04-2002,wheat,2007,3.68
IN-04-2002,wheat,2008,3.796
IN-04-2002,wheat,2009,4.084
IN-04-2002,wheat,2010,4.238
IN-04-2002,wheat,2011,4.37
IN-04-2002,wheat,2012,4.129
IN-04-2002,wheat,2013,4.297
IN-04-2003,wheat,2008,4.995
IN-04-2003,wheat,2009,4.148
IN-04-2003,wheat,2010,4.6
IN-04-2003,wheat,2011,5.09
IN-04-2003,wheat,2012,4.602
IN-04-2003,wheat,2013,4.546
IN-05-2004,wheat,2008,1.5
IN-05-2005,wheat,2008,1.238
IN-06-2006,wheat,2008,1.807
IN-06-2006,wheat,2009,1.81
IN-06-2006,wheat,2010,1.833
IN-06-2006,wheat,2011,2.096
IN-06-2006,wheat,2012,3.042
IN-06-2006,wheat,2013,2.573
IN-06-2007,wheat,2008,0.898
IN-06-2007,wheat,2009,1.084
IN-06-2007,wheat,2010,1.14
IN-06-2007,wheat,2011,1.269
IN-06-2007,wheat,2012,1.967
IN-06-2007,wheat,2013,1.996
IN-09-2009,wheat,2005,4.43
IN-09-2009,wheat,2006,4.142
IN-09-2009,wheat,2007,4.427
IN-09-2009,wheat,2008,4.602
IN-09-2009,wheat,2009,4.145
IN-09-2009,wheat,2010,4.57
IN-09-2009,wheat,2011,4.876
IN-09-2009,wheat,2012,4.385
IN-09-2009,wheat,2013,5.087
IN-09-2010,wheat,2006,4.435
IN-09-2010,wheat,2007,4.777
IN-09-2010,wheat,2008,4.86
IN-09-2010,wheat,2009,4.561
IN-09-2010,wheat,2010,4.974
IN-09-2010,wheat,2011,5.348
IN-09-2010,wheat,2012,4.974
IN-09-2010,wheat,2013,5.228
IN-09-2011,wheat,2005,3.792
IN-09-2011,wheat,2006,3.86
IN-09-2011,wheat,2007,3.979
IN-09-2011,wheat,2008,4.245
IN-09-2011,wheat,2009,4.491
IN-09-2011,wheat,2010,4.283
IN-09-2011,wheat,2011,4.788
IN-09-2011,wheat,2012,4.315
IN-09-2011,wheat,2013,4.471
IN-10-2012,wheat,2008,2.614
IN-10-2012,wheat,2009,3.314
IN-10-2012,wheat,2010,2.497
IN-10-2012,wheat,2011,3.476
IN-10-2012,wheat,2012,3.167
IN-10-2012,wheat,2013,3.933
IN-12-2013,wheat,2008,3.231
IN-12-2013,wheat,2009,2.951
IN-12-2013,wheat,2010,3.397
IN-12-2013,wheat,2011,3.636
IN-12-2013,wheat,2012,3.832
IN-12-2013,wheat,2013,3.523
IN-14-2015,wheat,2007,2.0
IN-14-2015,wheat,2008,1.0
IN-14-2015,wheat,2009,2.0
IN-14-2015,wheat,2010,2.0
IN-14-2015,wheat,2011,1.0
IN-14-2015,wheat,2012,2.0
IN-14-2015,wheat,2013,1.5
IN-17-2017,wheat,2005,0.92308
IN-17-2017,wheat,2006,0.60036
IN-17-2017,wheat,2007,1.00324
IN-17-2017,wheat,2009,1.0888
IN-17-2017,wheat,2010,0.8169
IN-17-2017,wheat,2011,0.97917
IN-17-2017,wheat,2012,0.88506
IN-17-2017,wheat,2013,1.41905
IN-17-2018,wheat,2005,1.1388900000000002
IN-17-2018,wheat,2006,1.13333
IN-17-2018,wheat,2007,1.3719
IN-17-2018,wheat,2008,1.05882
IN-17-2018,wheat,2009,1.09013
IN-17-2018,wheat,2010,1.47126
IN-17-2018,wheat,2011,1.52632
IN-17-2018,wheat,2012,1.0
IN-17-2018,wheat,2013,1.48571
IN-17-2019,wheat,2005,1.1519
IN-17-2019,wheat,2006,1.1325999999999998
IN-17-2019,wheat,2007,1.66667
IN-17-2019,wheat,2008,0.78659
IN-17-2019,wheat,2009,1.38857
IN-17-2019,wheat,2010,1.6603800000000002
IN-17-2019,wheat,2011,1.02062
IN-17-2019,wheat,2012,1.01639
IN-17-2019,wheat,2013,0.96923
IN-15-2023,wheat,2008,1.311
IN-15-2023,wheat,2009,1.047
IN-15-2023,wheat,2010,0.974
IN-15-2023,wheat,2011,1.082
IN-15-2023,wheat,2012,1.305
IN-15-2023,wheat,2013,1.195
IN-15-2024,wheat,2008,1.327
IN-15-2024,wheat,2009,1.622
IN-15-2024,wheat,2010,1.298
IN-15-2024,wheat,2011,1.471
IN-15-2024,wheat,2012,1.645
IN-15-2024,wheat,2013,1.268
IN-05-2025,wheat,2010,0.894
IN-05-2025,wheat,2011,0.595
IN-05-2025,wheat,2012,0.791
IN-05-2025,wheat,2013,0.946
IN-12-2026,wheat,2010,2.795
IN-12-2026,wheat,2011,2.874
IN-12-2026,wheat,2012,3.062
IN-12-2026,wheat,2013,2.38
IN-17-2028,wheat,2009,1.0625
IN-17-2028,wheat,2010,1.25
IN-17-2028,wheat,2011,1.21429
IN-17-2028,wheat,2012,1.30769
IN-17-2028,wheat,2013,1.23077
IN-09-2030,wheat,2012,4.119
IN-09-2030,wheat,2013,3.976
IN-12-2031,wheat,2011,3.287
IN-12-2031,wheat,2012,3.208
IN-12-2031,wheat,2013,3.521
IN-12-2032,wheat,2011,3.984
IN-12-2032,wheat,2012,3.76
IN-12-2032,wheat,2013,3.744
IN-12-2033,wheat,2011,4.466
IN-12-2033,wheat,2012,4.759
IN-12-2033,wheat,2013,4.65
IN-14-2034,wheat,2011,1.055
IN-14-2034,wheat,2012,0.916
IN-14-2034,wheat,2013,0.871
IN-14-2035,wheat,2011,1.7
IN-14-2035,wheat,2012,1.879
IN-14-2035,wheat,2013,1.768
IN-14-2036,wheat,2011,1.24
IN-14-2036,wheat,2012,2.064
IN-14-2036,wheat,2013,1.623
IN-14-2037,wheat,2011,1.089
IN-14-2037,wheat,2012,0.999
IN-14-2037,wheat,2013,0.962
IN-14-2038,wheat,2011,1.727
IN-14-2038,wheat,2012,1.907
IN-14-2038,wheat,2013,1.314
IN-14-2039,wheat,2011,1.875
IN-14-2039,wheat,2012,2.0
IN-14-2039,wheat,2013,1.923
IN-14-2040,wheat,2011,1.282
IN-14-2040,wheat,2012,1.445
IN-14-2040,wheat,2013,1.271
IN-14-2042,wheat,2011,1.243
IN-14-2042,wheat,2012,1.394
IN-14-2042,wheat,2013,1.557
IN-09-2043,wheat,2012,4.673
IN-09-2043,wheat,2013,4.924
IN-06-2058,wheat,2013,2.263
